family,run_dir,sample_idx,true_label,pred_label,deletion_auc,insertion_auc,stability,defect_corr
resnet18_cbam,outputs/run0_resnet18_cbam,11598,0,0,0.7991547990877734,0.8335599957699742,0.9999762177467346,0.0138824202353883
resnet18_cbam,outputs/run0_resnet18_cbam,8612,0,0,0.6690584261214099,0.7602289189289877,0.9999705910682678,0.0102165444842957
resnet18_cbam,outputs/run0_resnet18_cbam,32384,0,0,0.534439093694175,0.9104862667645648,0.999975883960724,0.0171291874009064
resnet18_cbam,outputs/run0_resnet18_cbam,22088,0,0,0.5227816563228771,0.6777448592783912,0.9999862551689148,0.0140282065398094
resnet18_cbam,outputs/run0_resnet18_cbam,1258,0,0,0.5153197527779412,0.4212763128208507,0.7999789595603943,0.0789736395736545
resnet18_cbam,outputs/run0_resnet18_cbam,3882,0,2,0.0453947036415928,0.0847391538026823,0.0,0.0
resnet18_cbam,outputs/run0_resnet18_cbam,26021,0,3,0.1995406084542992,0.8726332596388602,0.9954769730567932,0.168412259338169
resnet18_cbam,outputs/run0_resnet18_cbam,28706,0,0,0.8695697224084142,0.9494389265801146,0.9999950170516968,-0.0118892776433577
resnet18_cbam,outputs/run0_resnet18_cbam,12774,0,0,0.7818666253679112,0.9157291111387168,0.9999567031860352,-0.0100107284381201
resnet18_cbam,outputs/run0_resnet18_cbam,20577,0,0,0.7574390100162418,0.7419422406030662,0.9999945282936096,0.0432323231628054
resnet18_cbam,outputs/run0_resnet18_cbam,20069,0,0,0.7485842568385124,0.787791663041844,0.9999919533729552,0.0469285826574726
resnet18_cbam,outputs/run0_resnet18_cbam,22989,0,0,0.4822432279052009,0.7811538164660021,0.9999900579452514,-0.0041188992349167
resnet18_cbam,outputs/run0_resnet18_cbam,19017,0,0,0.3746758091201627,0.6393527365062255,0.9998665094375612,-0.0161267701066551
resnet18_cbam,outputs/run0_resnet18_cbam,31697,0,0,0.6639393536115676,0.9101990852996096,0.9999670147895812,-0.0274596311101401
resnet18_cbam,outputs/run0_resnet18_cbam,23363,0,0,0.5531504278103512,0.8909056562024489,0.999989366531372,-0.0178779606601026
resnet18_cbam,outputs/run0_resnet18_cbam,18777,0,0,0.6995835150028142,0.6232593353147422,0.9999695777893066,0.0372489316979708
resnet18_cbam,outputs/run0_resnet18_cbam,11832,0,0,0.763801411156237,0.5736903582073865,0.4,0.0219262636731864
resnet18_cbam,outputs/run0_resnet18_cbam,28618,0,0,0.6706056213893135,0.965573611892978,0.999945831298828,0.0186248719212752
resnet18_cbam,outputs/run0_resnet18_cbam,22858,0,0,0.4979578960856088,0.6426387725323366,0.9999950170516968,-0.0105942127188221
resnet18_cbam,outputs/run0_resnet18_cbam,511,0,0,0.3531894254039116,0.4959393227088071,0.9999907612800598,0.125312148230291
resnet18_cbam,outputs/run0_resnet18_cbam,29736,0,0,0.7304062466628238,0.7083962795059051,0.9999772429466248,-4.811738656881829e-05
resnet18_cbam,outputs/run0_resnet18_cbam,33474,0,0,0.8488489147475775,0.9063868218563584,0.9999910354614258,0.0053752254215159
resnet18_cbam,outputs/run0_resnet18_cbam,25573,1,1,0.1923819139245495,0.8241036761348823,0.5981474280357361,0.0812624486246649
resnet18_cbam,outputs/run0_resnet18_cbam,4312,1,1,0.9711161707741668,0.6434202848571244,0.9999877333641052,-0.2059538605460787
resnet18_cbam,outputs/run0_resnet18_cbam,24225,1,1,0.221468349391273,0.7763204965012847,0.3988520622253418,0.0785101469603145
resnet18_cbam,outputs/run0_resnet18_cbam,5114,1,1,0.9621604476628818,0.7717757701650498,0.5997854232788086,-0.0441309808077319
resnet18_cbam,outputs/run0_resnet18_cbam,107,1,3,0.7986089774876746,0.737293719788795,0.9774945855140686,-0.0201083564090361
resnet18_cbam,outputs/run0_resnet18_cbam,10443,1,3,0.9259896946223308,0.666778048228025,0.9622967958450316,-0.0445284306988758
resnet18_cbam,outputs/run0_resnet18_cbam,5117,1,1,0.9313432173580622,0.2265938888861001,0.599677586555481,0.0203519631466637
resnet18_cbam,outputs/run0_resnet18_cbam,27764,1,1,0.8211547725536548,0.1846178005111767,0.7989538788795472,-0.0283796376947106
resnet18_cbam,outputs/run0_resnet18_cbam,31588,1,1,0.6111261657773355,0.8232917444397572,0.5996277093887329,-0.0234130523784909
resnet18_cbam,outputs/run0_resnet18_cbam,5131,1,1,0.9411284470911596,0.8288350230534434,0.3970930099487305,-0.0118028664232941
resnet18_cbam,outputs/run0_resnet18_cbam,1761,1,1,0.811068535700997,0.1264332447429952,0.7997272610664368,-0.054851489684048
resnet18_cbam,outputs/run0_resnet18_cbam,34288,1,1,0.946918929657386,0.3013814047180858,0.9986440181732178,-0.1527820183667372
resnet18_cbam,outputs/run0_resnet18_cbam,26309,1,1,0.749470105108685,0.1701142354694411,0.5986176252365112,0.0252600831592027
resnet18_cbam,outputs/run0_resnet18_cbam,21752,1,1,0.9682671237310388,0.5169261967562306,0.9988766193389892,-0.035248616408426
resnet18_cbam,outputs/run0_resnet18_cbam,20801,1,1,0.1842649151502016,0.8091500846236386,0.799976396560669,0.3311987244074515
resnet18_cbam,outputs/run0_resnet18_cbam,17666,1,1,0.632305853978778,0.1460557971889784,0.0,0.0444693386130984
resnet18_cbam,outputs/run0_resnet18_cbam,16706,1,1,0.7603157639600795,0.4200062936224569,0.5999416828155517,0.0258655659033302
resnet18_cbam,outputs/run0_resnet18_cbam,6553,1,1,0.8615996499170251,0.9556605446482536,0.9985862731933594,0.0641648069572562
resnet18_cbam,outputs/run0_resnet18_cbam,18583,1,1,0.5868252960510745,0.4270694287198182,0.9991208553314208,-0.0339923864442482
resnet18_cbam,outputs/run0_resnet18_cbam,20787,1,1,0.1986510573223654,0.7404776137888263,0.1999911069869995,0.2198499119606549
resnet18_cbam,outputs/run0_resnet18_cbam,33870,1,0,0.1633296243419408,0.9217953861716524,0.6000000715255738,-0.0052945581443722
resnet18_cbam,outputs/run0_resnet18_cbam,19563,1,1,0.9680850793588434,0.1831247998745304,0.9999828100204468,-0.4327250313438956
resnet18_cbam,outputs/run0_resnet18_cbam,2399,2,2,0.8718253779534066,0.4991611768294106,0.7999999761581421,-0.0179718074705827
resnet18_cbam,outputs/run0_resnet18_cbam,4407,2,2,0.5590487196398115,0.7695494330908232,0.3999999403953552,0.0435567358662985
resnet18_cbam,outputs/run0_resnet18_cbam,2272,2,2,0.8890284390670686,0.6289372547683243,0.3999999523162841,-0.0219380987842361
resnet18_cbam,outputs/run0_resnet18_cbam,2489,2,2,0.7276793262828463,0.5916163886808832,1.0000000953674315,-0.0449262816284683
resnet18_cbam,outputs/run0_resnet18_cbam,1496,2,2,0.7724457546351076,0.4493880969590336,0.9999999284744264,-0.0487433632161647
resnet18_cbam,outputs/run0_resnet18_cbam,2232,2,2,0.8997325652310693,0.7384739152405828,0.7999999046325683,-0.0216549975642916
resnet18_cbam,outputs/run0_resnet18_cbam,2415,2,2,0.7365040062796169,0.7364535600860691,0.4,-0.0335500913595429
resnet18_cbam,outputs/run0_resnet18_cbam,2382,2,2,0.8763848415320652,0.5854040356974011,0.7999999046325683,-0.0188949284863487
resnet18_cbam,outputs/run0_resnet18_cbam,2510,2,2,0.7556322171437628,0.3912580367472742,1.0000001192092896,-0.0277051033046974
resnet18_cbam,outputs/run0_resnet18_cbam,19664,2,2,0.7805150121579274,0.4744696227560681,1.000000011920929,-0.024470668156232
resnet18_cbam,outputs/run0_resnet18_cbam,2740,2,2,0.8673330334148446,0.7470545367389505,0.7999999761581421,-0.0257734352244932
resnet18_cbam,outputs/run0_resnet18_cbam,4872,2,2,0.6969947546331596,0.5549762999754719,0.8,-0.0571227703712273
resnet18_cbam,outputs/run0_resnet18_cbam,4574,2,2,0.8187075649441695,0.7628359227576098,0.8000000715255737,-0.065541985067578
resnet18_cbam,outputs/run0_resnet18_cbam,4029,2,2,0.8703505146448052,0.6693556552132023,0.6000000715255738,0.0025536884406854
resnet18_cbam,outputs/run0_resnet18_cbam,18720,2,2,0.7493027510217658,0.667719464576102,1.0,0.0029888395846102
resnet18_cbam,outputs/run0_resnet18_cbam,1514,2,2,0.7696643142212878,0.5354051738352652,0.8000000238418579,-0.0193333282338006
resnet18_cbam,outputs/run0_resnet18_cbam,1550,2,2,0.727673402099164,0.5149996399626033,1.0,-0.0401042214919214
resnet18_cbam,outputs/run0_resnet18_cbam,4564,2,2,0.7499074265734649,0.7890096837024103,0.2,-0.0568770148492294
resnet18_cbam,outputs/run0_resnet18_cbam,4498,2,2,0.7720913952307811,0.7978728748962922,0.8,-0.0508183492065902
resnet18_cbam,outputs/run0_resnet18_cbam,1557,2,2,0.6751262955540831,0.4675882202748838,1.0000000238418578,-0.0657992035137844
resnet18_cbam,outputs/run0_resnet18_cbam,2195,2,2,0.7742467445342314,0.6851250218226497,0.9999999880790712,-0.0277179047061278
resnet18_cbam,outputs/run0_resnet18_cbam,2545,2,2,0.7830603821552202,0.5499594212340426,0.8000000953674317,-0.0311828528812995
resnet18_cbam,outputs/run0_resnet18_cbam,12693,3,3,0.0201485461978094,0.8004099502231838,0.770697832107544,0.1124305611671738
resnet18_cbam,outputs/run0_resnet18_cbam,4750,3,3,0.8296482498426485,0.1774666604751189,0.8614522397518158,-0.0457908991604966
resnet18_cbam,outputs/run0_resnet18_cbam,18268,3,1,0.3518182073175921,0.0455102758616305,0.3997214674949646,-0.1335524311355068
resnet18_cbam,outputs/run0_resnet18_cbam,18844,3,3,0.9193505837210978,0.4715231510974718,0.9974762201309204,-0.0746653791047262
resnet18_cbam,outputs/run0_resnet18_cbam,29937,3,1,0.0439070608562701,0.4259367549108859,0.2,0.2374337290454296
resnet18_cbam,outputs/run0_resnet18_cbam,1367,3,3,0.8755550846053666,0.8359647297602351,0.9999853849411012,0.0660506797993282
resnet18_cbam,outputs/run0_resnet18_cbam,26201,3,1,0.0763155304290776,0.2892530788332195,0.5999476194381714,0.1969994027644597
resnet18_cbam,outputs/run0_resnet18_cbam,7843,3,0,0.1726391360575689,0.3796573483068641,0.2,-0.02368058073562
resnet18_cbam,outputs/run0_resnet18_cbam,25933,3,1,0.2035555349662825,0.7730561390494586,0.1993715524673462,-0.0271206184470538
resnet18_cbam,outputs/run0_resnet18_cbam,7777,3,3,0.9500423602694354,0.4250011556105164,0.9999178647994996,-0.1443011449949075
resnet18_cbam,outputs/run0_resnet18_cbam,3199,3,3,0.3923251858852268,0.6602958798989675,0.9981035232543946,0.0206102205852402
resnet18_cbam,outputs/run0_resnet18_cbam,1633,3,3,0.6326539659999071,0.4887111628738694,0.998559319972992,-0.0394141292991888
resnet18_cbam,outputs/run0_resnet18_cbam,5569,3,4,0.2012171767786386,0.5165977651768965,0.2,-0.0182491696339947
resnet18_cbam,outputs/run0_resnet18_cbam,32022,3,3,0.6899130328038154,0.927635393180026,0.9998695135116578,0.1974116172924382
resnet18_cbam,outputs/run0_resnet18_cbam,4352,3,3,0.6519764168051552,0.9260888305234404,0.9999966859817504,0.2790735352158806
resnet18_cbam,outputs/run0_resnet18_cbam,5398,3,3,0.9229512367883216,0.2782596548944269,0.998824942111969,-0.1542582179916711
resnet18_cbam,outputs/run0_resnet18_cbam,1836,3,3,0.7783476622116723,0.587550721853404,0.9997038006782532,-0.0304347594721827
resnet18_cbam,outputs/run0_resnet18_cbam,6819,3,3,0.9063095941546636,0.9174922898182558,0.9938223123550416,0.0418625096448953
resnet18_cbam,outputs/run0_resnet18_cbam,30428,3,3,0.8731854402385579,0.3473572587740818,0.7999776721000671,-0.0518378910282277
resnet18_cbam,outputs/run0_resnet18_cbam,11121,3,3,0.4277144425532242,0.7026501069362894,0.9997225999832152,0.1075082207698068
resnet18_cbam,outputs/run0_resnet18_cbam,34333,3,3,0.4965269084998169,0.8588492015296652,0.1483021259307861,-0.0336956002922327
resnet18_cbam,outputs/run0_resnet18_cbam,11558,3,3,0.7173430599696076,0.8848672201957015,0.8704377233982086,0.0631324330900567
resnet18_cbam,outputs/run0_resnet18_cbam,15095,4,4,0.3389271252658847,0.617725356750725,0.5999857425689697,0.1111259249318446
resnet18_cbam,outputs/run0_resnet18_cbam,5482,4,4,0.3501379337962449,0.622590637317628,0.9999986052513122,0.0710796965897614
resnet18_cbam,outputs/run0_resnet18_cbam,27612,4,4,0.3720636334502814,0.6720365681134979,0.9999378085136412,0.0340157711902099
resnet18_cbam,outputs/run0_resnet18_cbam,9711,4,4,0.1551378040630382,0.4484538294943085,0.5999289631843567,0.051299180738168
resnet18_cbam,outputs/run0_resnet18_cbam,2485,4,4,0.3671825795821313,0.6107236997793564,0.9999661087989808,0.0147920849136571
resnet18_cbam,outputs/run0_resnet18_cbam,25055,4,4,0.340427441187586,0.5139356118966276,0.7998132944107056,-0.0376663528728566
resnet18_cbam,outputs/run0_resnet18_cbam,25226,4,0,0.6611855521314283,0.5874969523033542,0.7999909877777099,-0.0183853158784764
resnet18_cbam,outputs/run0_resnet18_cbam,2517,4,4,0.3727621195477866,0.626587377300865,0.9999974727630616,0.0434374811210213
resnet18_cbam,outputs/run0_resnet18_cbam,3986,4,4,0.2842711921461056,0.5768530821385178,0.9999999880790712,0.2516956065311516
resnet18_cbam,outputs/run0_resnet18_cbam,5449,4,3,0.8161467107947828,0.3790500881918177,0.5999778151512146,0.0528042265739155
resnet18_cbam,outputs/run0_resnet18_cbam,25650,4,4,0.2995925035130771,0.6549004679367485,0.7999729156494141,0.0186319213743189
resnet18_cbam,outputs/run0_resnet18_cbam,5353,4,4,0.3690236778511018,0.6263115442841922,0.8,0.0150950697337694
resnet18_cbam,outputs/run0_resnet18_cbam,13786,4,4,0.2795912011255481,0.5701419908568894,0.9997059941291808,0.0285251188820161
resnet18_cbam,outputs/run0_resnet18_cbam,4322,4,4,0.360263125011862,0.6696454649633523,0.7999949097633362,0.0568274352321218
resnet18_cbam,outputs/run0_resnet18_cbam,25639,4,0,0.1662891288011678,0.3070022799852268,0.2,0.0169041886133891
resnet18_cbam,outputs/run0_resnet18_cbam,25205,4,4,0.3733994250650738,0.6223132233515685,0.9999345064163208,-0.0062491020743812
resnet18_cbam,outputs/run0_resnet18_cbam,1831,4,4,0.373524929460157,0.6731241450391039,0.999999976158142,0.0491016482177006
resnet18_cbam,outputs/run0_resnet18_cbam,3536,4,4,0.2746889550140392,0.5734999678992102,1.0000001192092896,0.2069452117414617
resnet18_cbam,outputs/run0_resnet18_cbam,2096,4,4,0.3263102228095809,0.6214698918417589,0.9999879360198974,-0.0123729238854639
resnet18_cbam,outputs/run0_resnet18_cbam,5469,4,4,0.3724603878833648,0.622812198653957,0.9999999642372132,0.1010242192382222
resnet18_cbam,outputs/run0_resnet18_cbam,5050,4,4,0.3654033400010128,0.6226641766623384,1.0,0.0952578223990526
resnet18_cbam,outputs/run0_resnet18_cbam,25655,4,4,0.324023930930295,0.6708008850067673,0.999923813343048,0.0325509038000987
resnet18_cbam,outputs/run0_resnet18_cbam,25122,5,5,0.5482580739246714,0.9433578423613652,0.9999911785125732,0.0379825391773367
resnet18_cbam,outputs/run0_resnet18_cbam,25439,5,5,0.4381300826581196,0.5303906512529011,0.3996646404266357,0.0070275046745886
resnet18_cbam,outputs/run0_resnet18_cbam,12884,5,5,0.4539811144122723,0.598194305674042,0.9999269962310792,0.104994363474308
resnet18_cbam,outputs/run0_resnet18_cbam,29842,5,0,0.226671722748506,0.5849666360027186,0.9999999880790712,-0.0260874278840755
resnet18_cbam,outputs/run0_resnet18_cbam,4418,5,5,0.5106158658684308,0.5479264153320287,0.9999336361885072,-0.0119468120728962
resnet18_cbam,outputs/run0_resnet18_cbam,3147,5,5,0.5393142820606727,0.8088711148487846,0.9999946713447572,0.0416849547452537
resnet18_cbam,outputs/run0_resnet18_cbam,10773,5,5,0.3911480331109942,0.2159307947973729,0.0,0.0019471664465065
resnet18_cbam,outputs/run0_resnet18_cbam,12766,5,3,0.942782375301249,0.0609421602499651,0.1995232343673706,-0.0006660778509244
resnet18_cbam,outputs/run0_resnet18_cbam,30524,5,5,0.8436503486200309,0.2437379531311023,0.0,-0.0256288705221865
resnet18_cbam,outputs/run0_resnet18_cbam,1993,5,5,0.9460577528807336,0.891143862507306,0.9999995708465576,0.0489232059414799
resnet18_cbam,outputs/run0_resnet18_cbam,1632,5,5,0.9805417203751858,0.5936496704016463,0.9999729752540588,-0.0669640411228706
resnet18_cbam,outputs/run0_resnet18_cbam,2903,5,5,0.98565475421492,0.3221412634011358,0.9999993920326232,-0.0650085990392608
resnet18_cbam,outputs/run0_resnet18_cbam,4288,5,5,0.3681097759003933,0.9477144569318624,0.9999980926513672,0.0474312388728783
resnet18_cbam,outputs/run0_resnet18_cbam,26488,5,5,0.2398755317603331,0.795402201207807,0.9999911785125732,0.0615609893975069
resnet18_cbam,outputs/run0_resnet18_cbam,2127,5,5,0.9891943058464676,0.1117495256682055,0.3999677538871765,0.0111059809509249
resnet18_cbam,outputs/run0_resnet18_cbam,31012,5,5,0.4394571403050804,0.908506092152038,0.9999915719032288,0.0378969773416774
resnet18_cbam,outputs/run0_resnet18_cbam,26627,5,5,0.2102860374354236,0.7906686380993051,0.9998992323875427,0.0279874055789674
resnet18_cbam,outputs/run0_resnet18_cbam,19032,5,1,0.1828910440703879,0.1827112024544632,0.0,0.0
resnet18_cbam,outputs/run0_resnet18_cbam,1301,5,5,0.3291670951554266,0.6760488576119883,0.9997089147567748,0.0622188045636768
resnet18_cbam,outputs/run0_resnet18_cbam,21284,5,5,0.7555812419482208,0.1063403930520507,0.7999962329864502,-0.0149134739560239
resnet18_cbam,outputs/run0_resnet18_cbam,2304,5,5,0.9403398330614436,0.6425532490575279,0.9997708916664124,-0.0302965397595046
resnet18_cbam,outputs/run0_resnet18_cbam,32350,5,5,0.5166728563324341,0.6604782815225914,0.999791955947876,0.0504224841785955
resnet18_cbam,outputs/run0_resnet18_cbam,4090,6,6,0.4253628820858295,0.3897659230713237,0.9999998569488524,0.0168027221202547
resnet18_cbam,outputs/run0_resnet18_cbam,1458,6,6,0.3259485384394581,0.4138430985504497,0.9999999642372132,0.0276977801218914
resnet18_cbam,outputs/run0_resnet18_cbam,9806,6,6,0.3931156321851503,0.2044752270647443,0.9993430256843568,0.0372191539376414
resnet18_cbam,outputs/run0_resnet18_cbam,5362,6,6,0.373720209256172,0.3023997128334831,0.9999961495399476,0.0956830127861313
resnet18_cbam,outputs/run0_resnet18_cbam,20186,6,6,0.4231817379556952,0.6268500596652014,0.999999976158142,0.078836497695598
resnet18_cbam,outputs/run0_resnet18_cbam,13709,6,6,0.3281466464019142,0.5606508476085795,0.9999969840049744,0.0562807993281881
resnet18_cbam,outputs/run0_resnet18_cbam,4101,6,1,0.128529222173654,0.2675362133471282,0.0,0.0
resnet18_cbam,outputs/run0_resnet18_cbam,25601,6,6,0.3666578155173212,0.1926822639020951,1.0000000953674315,0.2896737913325372
resnet18_cbam,outputs/run0_resnet18_cbam,4094,6,6,0.4071997934517406,0.2885230762551456,0.9999950528144836,-0.1322059607736217
resnet18_cbam,outputs/run0_resnet18_cbam,25595,6,6,0.4306623765289122,0.4049407139785517,0.0,0.0
resnet18_cbam,outputs/run0_resnet18_cbam,4100,6,6,0.3681944521818079,0.2472711782339709,0.5999406099319458,-0.1910042276161302
resnet18_cbam,outputs/run0_resnet18_cbam,6861,6,6,0.3418236494921423,0.3777168606348287,0.9999911189079284,0.032448837687836
resnet18_cbam,outputs/run0_resnet18_cbam,4593,6,6,0.1202726951449259,0.5841231574325918,0.5624172508716583,0.3306595250952702
resnet18_cbam,outputs/run0_resnet18_cbam,9904,6,6,0.0461528612572583,0.2736881543946582,0.418088161945343,0.109483414928387
resnet18_cbam,outputs/run0_resnet18_cbam,9906,6,4,0.1921344285499184,0.6068829644440292,0.5999998211860657,0.0904628412116846
resnet18_cbam,outputs/run0_resnet18_cbam,18601,6,6,0.3735718792630736,0.4722269472653829,1.000000047683716,0.0292209890538723
resnet18_cbam,outputs/run0_resnet18_cbam,4584,6,6,0.2915777930398444,0.3495238548628505,0.9999901533126831,-0.0431614363909741
resnet18_cbam,outputs/run0_resnet18_cbam,9143,6,6,0.4242188168883913,0.4076280578279228,0.999999976158142,0.1529660914391324
resnet18_cbam,outputs/run0_resnet18_cbam,7916,6,6,0.386260769629863,0.180416814376384,0.9999160289764404,-0.0894864167602666
resnet18_cbam,outputs/run0_resnet18_cbam,16545,6,6,0.0281753384772915,0.1684947941973318,0.3620510697364807,-0.1181040025707054
resnet18_cbam,outputs/run0_resnet18_cbam,3044,6,6,0.522463623055156,0.6727514668492929,0.999999952316284,0.0551550565918072
resnet18_cbam,outputs/run0_resnet18_cbam,2299,6,6,0.3768056454317162,0.3739659538130591,0.999989128112793,-0.0588135731471765
resnet18_cbam,outputs/run0_resnet18_cbam,4121,7,7,0.3933811862411648,0.5229136100014941,0.9999991416931152,0.075481691136117
resnet18_cbam,outputs/run0_resnet18_cbam,4150,7,7,0.2504173686983449,0.5229493747619244,0.799999988079071,0.0615905804422181
resnet18_cbam,outputs/run0_resnet18_cbam,10215,7,3,0.5508589104774728,0.7776017184148714,0.7983048439025879,0.0663338661683931
resnet18_cbam,outputs/run0_resnet18_cbam,4160,7,7,0.2354639499066065,0.523239532753374,0.6,-0.0049238305248564
resnet18_cbam,outputs/run0_resnet18_cbam,4109,7,7,0.2564111776916448,0.522456443877767,0.7999996304512024,0.3163961831386891
resnet18_cbam,outputs/run0_resnet18_cbam,10845,7,7,0.2153621939156358,0.5061150678326771,0.7999951601028442,0.0306321309124512
resnet18_cbam,outputs/run0_resnet18_cbam,4113,7,7,0.2247589608854295,0.5229378929443489,0.9999999403953552,0.040141651926393
resnet18_cbam,outputs/run0_resnet18_cbam,4174,7,7,0.2159757929057481,0.5731644055314626,0.599999976158142,-0.1183297176952525
resnet18_cbam,outputs/run0_resnet18_cbam,4951,7,7,0.2087847765213143,0.4541711962585556,0.5999999642372131,0.1110402694941266
resnet18_cbam,outputs/run0_resnet18_cbam,4139,7,7,0.4760938727890133,0.6225198833969252,1.0000001192092896,0.1077965596201987
resnet18_cbam,outputs/run0_resnet18_cbam,4136,7,7,0.2850248944695944,0.5725447467592238,0.9999993443489076,0.2299033953078724
resnet18_cbam,outputs/run0_resnet18_cbam,4114,7,7,0.5204017274326347,0.5705290068092626,1.0000001192092896,0.0990062121475146
resnet18_cbam,outputs/run0_resnet18_cbam,4087,7,7,0.3736430866571556,0.5082335507899335,0.999999952316284,-0.0150563968098629
resnet18_cbam,outputs/run0_resnet18_cbam,4110,7,7,0.1754791675353188,0.6212615229681959,0.999999725818634,-0.0852846894687104
resnet18_cbam,outputs/run0_resnet18_cbam,1627,7,7,0.3654220903423587,0.4728575082923193,0.7999994874000549,0.0569901468227573
resnet18_cbam,outputs/run0_resnet18_cbam,10935,7,7,0.2191174473902102,0.5421172461292298,0.7999952793121338,0.0796859067827562
resnet18_cbam,outputs/run0_resnet18_cbam,4606,7,7,0.2182422257606703,0.523472551631032,0.9999998927116394,0.1848906343741193
resnet18_cbam,outputs/run0_resnet18_cbam,4164,7,7,0.4725244532321311,0.6536602602042918,1.0,0.2107553757997231
resnet18_cbam,outputs/run0_resnet18_cbam,26687,7,7,0.0224075879250087,0.0338958665646507,0.0,0.0
resnet18_cbam,outputs/run0_resnet18_cbam,4169,7,7,0.2775832918315638,0.5229665281334612,1.0000000715255737,0.2218408931342544
resnet18_cbam,outputs/run0_resnet18_cbam,4605,7,7,0.2245725415704481,0.6228733668530797,1.0,0.1398030003930184
resnet18_cbam,outputs/run0_resnet18_cbam,10918,7,7,0.2739533294159993,0.522179771450415,0.5999976992607117,0.1323978960533781
resnet18_cbam,outputs/run0_resnet18_cbam,20030,8,6,0.3520219707029984,0.6330163373376256,0.999999952316284,0.0174239176564792
resnet18_cbam,outputs/run0_resnet18_cbam,29752,8,8,0.2245118193355334,0.3672069986437459,1.0,0.2211968279979181
resnet18_cbam,outputs/run0_resnet18_cbam,25340,8,8,0.2205678506530339,0.1246630919808214,0.9999998807907104,0.0125982584802556
resnet18_cbam,outputs/run0_resnet18_cbam,994,8,6,0.2881852829917325,0.3340452449648675,1.000000047683716,0.1663159309382213
resnet18_cbam,outputs/run0_resnet18_cbam,25590,8,8,0.1603018324917429,0.1750751089688499,1.0,0.1767651286372527
resnet18_cbam,outputs/run0_resnet18_cbam,19770,8,8,0.2232218073489755,0.2244614017720826,1.0,0.1196882676086151
resnet18_cbam,outputs/run0_resnet18_cbam,3534,8,8,0.2246881588290421,0.3149048889794001,1.0000001192092896,0.0920077449820703
resnet18_cbam,outputs/run0_resnet18_cbam,19860,8,6,0.3104505268415876,0.2028928382033186,1.000000011920929,0.1674199374701033
resnet18_cbam,outputs/run0_resnet18_cbam,25599,8,8,0.2159866760564006,0.3088354133598068,1.0,0.2778590414612881
resnet18_cbam,outputs/run0_resnet18_cbam,19849,8,8,0.145394036449618,0.220784321038034,0.9999999403953552,0.2110800095673532
resnet18_cbam,outputs/run0_resnet18_cbam,25604,8,8,0.1104589828169221,0.165685214833917,1.0,0.1977943391455091
resnet18_cbam,outputs/run0_resnet18_cbam,3628,8,8,0.1435183592650338,0.151593979827119,1.0000001192092896,0.2597231065104861
resnet18_cbam,outputs/run0_resnet18_cbam,24624,8,8,0.1743989891974998,0.070999206658774,1.0000001192092896,-0.0296993013697169
resnet18_cbam,outputs/run0_resnet18_cbam,19741,8,8,0.2240210943173123,0.3168107038263899,1.0,0.152145169977333
resnet18_cbam,outputs/run0_resnet18_cbam,19783,8,8,0.2262370797500355,0.2250746304355895,1.0,0.2612692528704823
resnet18_cbam,outputs/run0_resnet18_cbam,14473,8,8,0.0749866150691621,0.2262353230982156,1.0000001192092896,0.2817550712643301
resnet18_cbam,outputs/run0_resnet18_cbam,34331,8,8,0.1720023169722958,0.1745462973532766,1.0000001192092896,-0.0388577585375416
resnet18_cbam,outputs/run0_resnet18_cbam,33036,8,8,0.2228398616839662,0.2171467761045201,1.0,0.0925277890227458
resnet18_cbam,outputs/run0_resnet18_cbam,25277,8,8,0.1323401482915479,0.1713595547893717,0.9999999403953552,0.1998582095186375
resnet18_cbam,outputs/run0_resnet18_cbam,7807,8,8,0.2238918194552341,0.3408475595442412,0.999999952316284,0.1302767605998535
resnet18_cbam,outputs/run0_resnet18_cbam,25320,8,8,0.2115297405699435,0.1974186961274013,1.0,0.0044384383173454
resnet18_cbam,outputs/run0_resnet18_cbam,527,8,8,0.2241797434220055,0.2746820098716891,1.0000000953674315,0.0702581253178529
resnet18_cbam,outputs/resnet18_cbam_seed123,11598,0,0,0.980714251898462,0.9813445312029216,0.999996280670166,0.014933369301024
resnet18_cbam,outputs/resnet18_cbam_seed123,8612,0,0,0.8261174445142387,0.9360339590348304,0.9999998092651368,0.0038691568542906
resnet18_cbam,outputs/resnet18_cbam_seed123,32384,0,0,0.7951157430143212,0.9866167646250688,0.9999982237815856,0.0149781112535819
resnet18_cbam,outputs/resnet18_cbam_seed123,22088,0,0,0.6362284247445587,0.8687289350491483,0.9999945521354676,0.0011245949322351
resnet18_cbam,outputs/resnet18_cbam_seed123,1258,0,0,0.9736711235018448,0.6613545713248641,0.9999973893165588,0.0782126580662836
resnet18_cbam,outputs/resnet18_cbam_seed123,3882,0,2,0.580463295266231,0.0754695924705253,0.0,0.009779301163143
resnet18_cbam,outputs/resnet18_cbam_seed123,26021,0,3,0.1950462778495563,0.8579238448887736,0.9988925933837892,0.163188079734616
resnet18_cbam,outputs/resnet18_cbam_seed123,28706,0,0,0.9900271870137658,0.988519573380472,0.999998140335083,-0.0122537501784907
resnet18_cbam,outputs/resnet18_cbam_seed123,12774,0,0,0.9590847690124064,0.9738243680913,0.9999982237815856,-0.0171523135781117
resnet18_cbam,outputs/resnet18_cbam_seed123,20577,0,0,0.6964659962116002,0.9483454349683598,0.9999987959861756,0.0428311593537612
resnet18_cbam,outputs/resnet18_cbam_seed123,20069,0,0,0.8797748295182828,0.9330901590292342,0.9999990463256836,0.0474124873184874
resnet18_cbam,outputs/resnet18_cbam_seed123,22989,0,0,0.793123471974468,0.9170280290418305,0.9999988794326782,-0.0023259922251061
resnet18_cbam,outputs/resnet18_cbam_seed123,19017,0,0,0.7993918791835313,0.8787229494773783,0.8,-0.0173839282122033
resnet18_cbam,outputs/resnet18_cbam_seed123,31697,0,0,0.9810530141112396,0.9865198134211824,0.99999897480011,-0.0282080202929725
resnet18_cbam,outputs/resnet18_cbam_seed123,23363,0,0,0.8862162080658891,0.9513744186842814,0.9999983191490174,-0.017328009796833
resnet18_cbam,outputs/resnet18_cbam_seed123,18777,0,0,0.9375655217736494,0.9278230167401488,0.9999966382980346,0.0345803347461793
resnet18_cbam,outputs/resnet18_cbam_seed123,11832,0,0,0.9759312971436884,0.783898267249242,0.6,0.0219262636878162
resnet18_cbam,outputs/resnet18_cbam_seed123,28618,0,0,0.7989776238537161,0.988357032649219,0.9999994397163392,0.0179099912423331
resnet18_cbam,outputs/resnet18_cbam_seed123,22858,0,0,0.7907537262581172,0.8273022101784591,0.9999998092651368,-0.0046159113028175
resnet18_cbam,outputs/resnet18_cbam_seed123,511,0,0,0.6299558335011284,0.7143791638341099,0.9999999284744264,0.1253594146382176
resnet18_cbam,outputs/resnet18_cbam_seed123,29736,0,0,0.979144251847174,0.9634896024945192,0.9999993085861206,0.0001459428171136
resnet18_cbam,outputs/resnet18_cbam_seed123,33474,0,0,0.9913524519943168,0.968500807735836,0.9999987602233886,0.0076806556489921
resnet18_cbam,outputs/resnet18_cbam_seed123,25573,1,1,0.1609588546206986,0.717049813117228,0.0,0.1019323803139593
resnet18_cbam,outputs/resnet18_cbam_seed123,4312,1,1,0.8117954731686368,0.4139713615026235,0.9999984622001648,-0.1915092581798234
resnet18_cbam,outputs/resnet18_cbam_seed123,24225,1,1,0.2237159221367051,0.7474385291973249,0.3999714136123657,0.0773249359399545
resnet18_cbam,outputs/resnet18_cbam_seed123,5114,1,1,0.8464511171144693,0.5773023631306842,0.7997742295265198,-0.0490632728587381
resnet18_cbam,outputs/resnet18_cbam_seed123,107,1,1,0.8065329504208876,0.0235927282649925,0.4,-0.0623527473141962
resnet18_cbam,outputs/resnet18_cbam_seed123,10443,1,1,0.9295541011854312,0.0238759207820118,0.0,-0.0452104456697681
resnet18_cbam,outputs/resnet18_cbam_seed123,5117,1,1,0.8204344312630383,0.5067245029574678,0.5999837636947631,0.0272100939293446
resnet18_cbam,outputs/resnet18_cbam_seed123,27764,1,1,0.8158652074669135,0.1782709567737583,0.5999641418457031,-0.0318526672046555
resnet18_cbam,outputs/resnet18_cbam_seed123,31588,1,1,0.3990979145239635,0.7635172510556458,0.5999985694885254,0.0006080670381553
resnet18_cbam,outputs/resnet18_cbam_seed123,5131,1,1,0.9276821424421088,0.7275296778268512,0.1999748229980468,-0.0104205985857023
resnet18_cbam,outputs/resnet18_cbam_seed123,1761,1,1,0.8583640015638707,0.1239146255091228,0.7999974250793457,-0.0489556869665677
resnet18_cbam,outputs/resnet18_cbam_seed123,34288,1,1,0.8872334617574325,0.1536209115432427,0.8701882123947143,-0.1636165627518947
resnet18_cbam,outputs/resnet18_cbam_seed123,26309,1,1,0.7440438760958159,0.1856952641233533,0.399996280670166,0.0195062246954357
resnet18_cbam,outputs/resnet18_cbam_seed123,21752,1,2,0.0742679030739914,0.0432493594688887,0.199999988079071,-0.0204762982609955
resnet18_cbam,outputs/resnet18_cbam_seed123,20801,1,1,0.1546185222860572,0.7226690124848218,0.799986970424652,0.3313617117229382
resnet18_cbam,outputs/resnet18_cbam_seed123,17666,1,0,0.6325979138819093,0.5160637763488012,1.000000047683716,0.0754443953007075
resnet18_cbam,outputs/resnet18_cbam_seed123,16706,1,1,0.6693034995419112,0.3804242705833758,0.7999787569046021,0.0201728319790705
resnet18_cbam,outputs/resnet18_cbam_seed123,6553,1,2,0.0442734235453095,0.0625619676572153,0.8,0.0207301704497532
resnet18_cbam,outputs/resnet18_cbam_seed123,18583,1,1,0.5941761125023959,0.423494554268828,0.9999428272247316,-0.0332078490882896
resnet18_cbam,outputs/resnet18_cbam_seed123,20787,1,1,0.2190023082592489,0.6888290649782363,0.199999725818634,0.2155069139036513
resnet18_cbam,outputs/resnet18_cbam_seed123,33870,1,1,0.431859469928213,0.0249037565350036,0.0,0.0
resnet18_cbam,outputs/resnet18_cbam_seed123,19563,1,1,0.9115924924592492,0.1741666067667262,0.5999949336051941,-0.4332069357000961
resnet18_cbam,outputs/resnet18_cbam_seed123,2399,2,2,0.8398598591067135,0.6642087110387997,1.000000047683716,-0.0296693167035931
resnet18_cbam,outputs/resnet18_cbam_seed123,4407,2,2,0.5684472589415641,0.7851003760753663,0.6,0.0435550654720744
resnet18_cbam,outputs/resnet18_cbam_seed123,2272,2,2,0.8752862584598411,0.6565009149916428,0.7999999046325683,-0.0217404169420368
resnet18_cbam,outputs/resnet18_cbam_seed123,2489,2,2,0.7422477026508609,0.694278080863473,1.0000001192092896,-0.0449298651134398
resnet18_cbam,outputs/resnet18_cbam_seed123,1496,2,2,0.7204989118723866,0.5940103462576438,0.999999976158142,-0.0431766074843814
resnet18_cbam,outputs/resnet18_cbam_seed123,2232,2,2,0.8761796316899968,0.7769350150139367,0.7999999046325683,-0.0247538567911727
resnet18_cbam,outputs/resnet18_cbam_seed123,2415,2,2,0.865777450743412,0.7147986774786155,0.6,-0.0323991786925679
resnet18_cbam,outputs/resnet18_cbam_seed123,2382,2,2,0.8683782209493707,0.7219063002129538,0.9999998807907104,-0.0238591587533995
resnet18_cbam,outputs/resnet18_cbam_seed123,2510,2,2,0.7488172797069588,0.672295709247063,1.0000001192092896,-0.027707193100449
resnet18_cbam,outputs/resnet18_cbam_seed123,19664,2,2,0.7501367329406499,0.6600791244169351,1.0000001192092896,-0.0365429122750513
resnet18_cbam,outputs/resnet18_cbam_seed123,2740,2,2,0.8336390976393382,0.7737935594090182,0.8000000953674317,-0.0395011051115794
resnet18_cbam,outputs/resnet18_cbam_seed123,4872,2,2,0.73858872110738,0.6183883767970038,0.9999999403953552,-0.0577240770853954
resnet18_cbam,outputs/resnet18_cbam_seed123,4574,2,2,0.7117421340391452,0.7799717242088668,0.8000000715255737,-0.0655416142679411
resnet18_cbam,outputs/resnet18_cbam_seed123,4029,2,2,0.8343004655099726,0.717519916620649,1.0000001192092896,0.0025547123815363
resnet18_cbam,outputs/resnet18_cbam_seed123,18720,2,2,0.6571739565843195,0.6814565490179412,0.9999999642372132,-0.0016388679025399
resnet18_cbam,outputs/resnet18_cbam_seed123,1514,2,2,0.7749674737957726,0.6673204600058007,1.0000001192092896,-0.0181346391040385
resnet18_cbam,outputs/resnet18_cbam_seed123,1550,2,2,0.7605238508869157,0.7021557569721786,0.9999999642372132,-0.0401079211198963
resnet18_cbam,outputs/resnet18_cbam_seed123,4564,2,2,0.7446151964128553,0.7923249758394952,0.8000000476837158,-0.0568740610227692
resnet18_cbam,outputs/resnet18_cbam_seed123,4498,2,2,0.8578187343174655,0.8119169648286011,0.7999999523162842,-0.0603206651758501
resnet18_cbam,outputs/resnet18_cbam_seed123,1557,2,2,0.6916945762187829,0.6494649191321038,1.0,-0.0658017089174439
resnet18_cbam,outputs/resnet18_cbam_seed123,2195,2,2,0.8102709663736682,0.7464498094559708,1.0,-0.0244197809517355
resnet18_cbam,outputs/resnet18_cbam_seed123,2545,2,2,0.8320346195522639,0.6324300799865519,1.0,-0.0258289298769008
resnet18_cbam,outputs/resnet18_cbam_seed123,12693,3,3,0.5202161274718833,0.3709834723407539,0.1249747991561889,0.0243843874839257
resnet18_cbam,outputs/resnet18_cbam_seed123,4750,3,3,0.8246958663216901,0.176004532290193,0.9996890544891356,-0.0433371530030001
resnet18_cbam,outputs/resnet18_cbam_seed123,18268,3,3,0.7929055453419096,0.3603262620306964,0.8003924369812012,-0.0896411583556404
resnet18_cbam,outputs/resnet18_cbam_seed123,18844,3,3,0.7826944685642729,0.1247901172284144,0.9998061299324036,-0.104986637982987
resnet18_cbam,outputs/resnet18_cbam_seed123,29937,3,3,0.2774251655837076,0.907996827772422,0.9999772191047668,0.2439884061341447
resnet18_cbam,outputs/resnet18_cbam_seed123,1367,3,3,0.8719981281496985,0.8264057005394534,0.9999829173088074,0.067246152927739
resnet18_cbam,outputs/resnet18_cbam_seed123,26201,3,3,0.4073768004638083,0.7996819588279322,0.4800013810396194,0.1793196716760235
resnet18_cbam,outputs/resnet18_cbam_seed123,7843,3,4,0.2026160205280831,0.4752308484907388,0.999990141391754,-0.0236736786246273
resnet18_cbam,outputs/resnet18_cbam_seed123,25933,3,3,0.2047525540766912,0.7874659383924154,0.7296119391918182,-0.0241499112808439
resnet18_cbam,outputs/resnet18_cbam_seed123,7777,3,3,0.9223850090725136,0.6200033094678474,0.999913799762726,-0.1398766430114195
resnet18_cbam,outputs/resnet18_cbam_seed123,3199,3,3,0.4046950323655096,0.6370951924385508,0.6864036560058594,0.0193073337261961
resnet18_cbam,outputs/resnet18_cbam_seed123,1633,3,3,0.632567936009309,0.429212761830513,0.9991598010063172,-0.0419497661759178
resnet18_cbam,outputs/resnet18_cbam_seed123,5569,3,3,0.5141460378143847,0.6453100366094304,0.9989680290222168,-0.0275464350860481
resnet18_cbam,outputs/resnet18_cbam_seed123,32022,3,3,0.4694259526273754,0.9541112921701824,0.9994855165481568,0.1934877028424737
resnet18_cbam,outputs/resnet18_cbam_seed123,4352,3,3,0.5344456210076487,0.92212308437729,0.999997329711914,0.2891051939798268
resnet18_cbam,outputs/resnet18_cbam_seed123,5398,3,3,0.8670046537440612,0.1707506570605801,0.9995036363601684,-0.1292072800368208
resnet18_cbam,outputs/resnet18_cbam_seed123,1836,3,3,0.746784826865678,0.4804648733957037,0.9970233917236327,-0.0437968761978758
resnet18_cbam,outputs/resnet18_cbam_seed123,6819,3,3,0.6187919891053042,0.5759170669493869,0.9998007535934448,0.0450328655528224
resnet18_cbam,outputs/resnet18_cbam_seed123,30428,3,3,0.8698829728425608,0.3412209141929452,0.59995197057724,-0.0511273351844326
resnet18_cbam,outputs/resnet18_cbam_seed123,11121,3,3,0.4239986986498962,0.5955742907555077,0.9999808073043824,0.1004038951503492
resnet18_cbam,outputs/resnet18_cbam_seed123,34333,3,3,0.6791292903648127,0.7200742104300843,0.0764695584774017,0.0120288322451434
resnet18_cbam,outputs/resnet18_cbam_seed123,11558,3,3,0.4968292070766438,0.804861432368682,0.9998717308044434,0.0733094177376994
resnet18_cbam,outputs/resnet18_cbam_seed123,15095,4,4,0.3724125678672472,0.6209900626097209,0.7999998688697815,0.1110895091971533
resnet18_cbam,outputs/resnet18_cbam_seed123,5482,4,4,0.3734546602961321,0.6222637077072164,0.9999984502792358,0.0710703050034878
resnet18_cbam,outputs/resnet18_cbam_seed123,27612,4,4,0.3495152000149528,0.6713505475215484,0.9999943494796752,0.0381488840009312
resnet18_cbam,outputs/resnet18_cbam_seed123,9711,4,4,0.2489888253554468,0.6453992893784886,0.7999959588050842,0.0387910198688179
resnet18_cbam,outputs/resnet18_cbam_seed123,2485,4,4,0.3706086922563871,0.6202279086876565,0.7999949216842651,0.0159716348395431
resnet18_cbam,outputs/resnet18_cbam_seed123,25055,4,4,0.4006572304612839,0.5488507988665674,0.999970543384552,-0.0415593377086431
resnet18_cbam,outputs/resnet18_cbam_seed123,25226,4,0,0.7369575407137745,0.6013044761712081,0.9999996900558472,-0.0260034151790741
resnet18_cbam,outputs/resnet18_cbam_seed123,2517,4,4,0.3731593212797839,0.628718154559671,0.9999980568885805,0.0434210570805181
resnet18_cbam,outputs/resnet18_cbam_seed123,3986,4,4,0.3225378893849739,0.5666297966345939,0.9999999642372132,0.2516979984570959
resnet18_cbam,outputs/resnet18_cbam_seed123,5449,4,3,0.7592653705337398,0.4428091501303859,0.5999992370605469,0.0672944362687519
resnet18_cbam,outputs/resnet18_cbam_seed123,25650,4,4,0.2980255655503745,0.6091618141171011,0.7999957919120788,0.0174577704419406
resnet18_cbam,outputs/resnet18_cbam_seed123,5353,4,4,0.3745307067259533,0.6290429828748074,0.9999999880790712,0.0150972379778499
resnet18_cbam,outputs/resnet18_cbam_seed123,13786,4,4,0.3182978526228002,0.6377272944167105,0.9999977827072144,0.0322257723619153
resnet18_cbam,outputs/resnet18_cbam_seed123,4322,4,4,0.3468173424170568,0.6717305062695971,0.9999976992607116,0.0567415722036631
resnet18_cbam,outputs/resnet18_cbam_seed123,25639,4,0,0.5340050051388232,0.5023770414682076,1.0,0.0169056520738059
resnet18_cbam,outputs/resnet18_cbam_seed123,25205,4,4,0.3705710024605695,0.6178325993758733,0.9999894976615906,-0.0060495980873016
resnet18_cbam,outputs/resnet18_cbam_seed123,1831,4,4,0.373686352286628,0.6736570320774717,1.0,0.049104163705437
resnet18_cbam,outputs/resnet18_cbam_seed123,3536,4,4,0.3215543587859675,0.5704423126525886,1.0000001192092896,0.2069498362119812
resnet18_cbam,outputs/resnet18_cbam_seed123,2096,4,4,0.3727997763953095,0.6223728716724649,0.9999993920326232,-0.0041541277498121
resnet18_cbam,outputs/resnet18_cbam_seed123,5469,4,4,0.3725744975302563,0.6698742422388548,1.000000011920929,0.101014124368844
resnet18_cbam,outputs/resnet18_cbam_seed123,5050,4,4,0.3731806614200295,0.6709357996157865,1.0,0.095255298533205
resnet18_cbam,outputs/resnet18_cbam_seed123,25655,4,4,0.3235726586418088,0.6680866171488944,0.999994683265686,0.0329833193263839
resnet18_cbam,outputs/resnet18_cbam_seed123,25122,5,5,0.4210850416947664,0.9236434683311928,0.9999993324279786,0.0362341094133841
resnet18_cbam,outputs/resnet18_cbam_seed123,25439,5,5,0.444719856390634,0.5225727298347778,0.9990456581115724,0.0011801342795351
resnet18_cbam,outputs/resnet18_cbam_seed123,12884,5,5,0.248282750411473,0.5256133816914144,0.7993344187736511,0.1046663739171092
resnet18_cbam,outputs/resnet18_cbam_seed123,29842,5,5,0.7424318898456477,0.1096779990357168,0.1990922451019287,-0.0299716378390294
resnet18_cbam,outputs/resnet18_cbam_seed123,4418,5,5,0.4375639195001,0.5332756900811546,0.9999982237815856,-0.0112043555608751
resnet18_cbam,outputs/resnet18_cbam_seed123,3147,5,5,0.3847799413275652,0.7281540288129094,0.9999998331069946,0.0412558244115538
resnet18_cbam,outputs/resnet18_cbam_seed123,10773,5,5,0.3672664321134391,0.3920774172249821,0.9965204119682312,-0.0152691947683844
resnet18_cbam,outputs/resnet18_cbam_seed123,12766,5,5,0.4162574575778137,0.174849665614218,0.3981264233589172,0.0121709095842771
resnet18_cbam,outputs/resnet18_cbam_seed123,30524,5,3,0.9020727124488984,0.1314954128964132,0.1999648094177246,-0.028647832243363
resnet18_cbam,outputs/resnet18_cbam_seed123,1993,5,5,0.9587037949240766,0.8235184498444141,0.999999952316284,0.0474722192394662
resnet18_cbam,outputs/resnet18_cbam_seed123,1632,5,5,0.9271018670187914,0.0979853474559604,0.9999892711639404,-0.0668154223578945
resnet18_cbam,outputs/resnet18_cbam_seed123,2903,5,5,0.840793888681219,0.2310605070653366,0.9999999046325684,-0.0660150697799219
resnet18_cbam,outputs/resnet18_cbam_seed123,4288,5,5,0.1361150243770907,0.925329232635704,0.9999994158744812,0.0455919782410253
resnet18_cbam,outputs/resnet18_cbam_seed123,26488,5,5,0.1454521292659558,0.8345948506554492,0.9999995946884156,0.0597424344015414
resnet18_cbam,outputs/resnet18_cbam_seed123,2127,5,5,0.9671129535454384,0.0282636803794797,0.5997846722602844,0.0115020301082645
resnet18_cbam,outputs/resnet18_cbam_seed123,31012,5,5,0.6354093799619331,0.8948531032249321,0.9999969720840454,0.0385493327042298
resnet18_cbam,outputs/resnet18_cbam_seed123,26627,5,5,0.1938797904223292,0.773703893856009,0.5978921532630921,0.0299882285973689
resnet18_cbam,outputs/resnet18_cbam_seed123,19032,5,5,0.649131317240446,0.4560516055194128,0.1993764758110046,0.0049370626275058
resnet18_cbam,outputs/resnet18_cbam_seed123,1301,5,5,0.4175448500507173,0.684306899082685,0.9996867179870604,0.0594358378743136
resnet18_cbam,outputs/resnet18_cbam_seed123,21284,5,5,0.7496515037892095,0.085685868139592,0.9995721220970154,-0.0054659767246774
resnet18_cbam,outputs/resnet18_cbam_seed123,2304,5,5,0.6031893426716124,0.3816255825923917,0.7926613926887512,-0.0357698930875668
resnet18_cbam,outputs/resnet18_cbam_seed123,32350,5,5,0.3678194337328477,0.6292258505200632,0.8695148885250091,0.0504552460281763
resnet18_cbam,outputs/resnet18_cbam_seed123,4090,6,6,0.3950630009408756,0.4643900645650755,0.999995255470276,0.0084846148423832
resnet18_cbam,outputs/resnet18_cbam_seed123,1458,6,6,0.3248775244815941,0.4658268256725271,0.9999995708465576,0.0287689750843706
resnet18_cbam,outputs/resnet18_cbam_seed123,9806,6,6,0.2969010153006433,0.3626370390424535,0.9995936870574952,0.0371210275516342
resnet18_cbam,outputs/resnet18_cbam_seed123,5362,6,6,0.4194022258982676,0.3780291807175878,0.999980080127716,0.0976167942369311
resnet18_cbam,outputs/resnet18_cbam_seed123,20186,6,6,0.4486319885371833,0.6258012043568371,0.999999952316284,0.0822637308479567
resnet18_cbam,outputs/resnet18_cbam_seed123,13709,6,6,0.3275872901773022,0.5503667514829785,0.999990701675415,0.0564163340986791
resnet18_cbam,outputs/resnet18_cbam_seed123,4101,6,6,0.475063544654406,0.259657604168851,0.9987351417541503,-0.2218757229622405
resnet18_cbam,outputs/resnet18_cbam_seed123,25601,6,6,0.3283412584775457,0.1581282264016199,0.9998026490211488,0.2880084049628447
resnet18_cbam,outputs/resnet18_cbam_seed123,4094,6,6,0.390058675703142,0.435489813299718,0.9999987244606018,-0.1413614163793936
resnet18_cbam,outputs/resnet18_cbam_seed123,25595,6,6,0.2699802746970012,0.5433008727774931,0.9993783354759216,0.0931128027465704
resnet18_cbam,outputs/resnet18_cbam_seed123,4100,6,6,0.4028935067187419,0.2589726746828006,0.9997586846351624,-0.1979579953485404
resnet18_cbam,outputs/resnet18_cbam_seed123,6861,6,6,0.3891221149202302,0.4585395974029297,0.9991098284721376,0.0309432981351752
resnet18_cbam,outputs/resnet18_cbam_seed123,4593,6,6,0.1329605833317766,0.5503757841334069,0.7114266514778137,0.3195828482908411
resnet18_cbam,outputs/resnet18_cbam_seed123,9904,6,6,0.0808877031951784,0.0764026943684865,0.5894765257835388,0.1017337246950738
resnet18_cbam,outputs/resnet18_cbam_seed123,9906,6,4,0.2698500676394326,0.6172772917101241,0.8000000715255737,0.0904597259135428
resnet18_cbam,outputs/resnet18_cbam_seed123,18601,6,6,0.3677197052824602,0.5864366820859285,0.999999952316284,0.0305209083130736
resnet18_cbam,outputs/resnet18_cbam_seed123,4584,6,6,0.2893087468901909,0.1579539047705504,0.9999396324157714,-0.0587178690223064
resnet18_cbam,outputs/resnet18_cbam_seed123,9143,6,6,0.416426589883776,0.5622223920018636,0.9999971389770508,0.1522262711584898
resnet18_cbam,outputs/resnet18_cbam_seed123,7916,6,6,0.4268548962520857,0.2710096546904454,0.999852669239044,-0.0888425284297054
resnet18_cbam,outputs/resnet18_cbam_seed123,16545,6,6,0.3262130712036205,0.2556147434594663,0.9891199231147766,-0.2067318789614236
resnet18_cbam,outputs/resnet18_cbam_seed123,3044,6,6,0.4865628333959211,0.6629398999152191,0.9999999165534972,0.0559354197012347
resnet18_cbam,outputs/resnet18_cbam_seed123,2299,6,6,0.4901968772181635,0.3824784164588869,0.999980127811432,-0.0603659057371544
resnet18_cbam,outputs/resnet18_cbam_seed123,4121,7,7,0.2878762772818291,0.522848996414143,0.9999907732009888,0.075424603136933
resnet18_cbam,outputs/resnet18_cbam_seed123,4150,7,7,0.2336320658177247,0.5110917737192157,0.7999996185302735,0.0306389326122447
resnet18_cbam,outputs/resnet18_cbam_seed123,10215,7,7,0.2266748339759109,0.5190978180533442,0.5998302698135376,0.0795590088237301
resnet18_cbam,outputs/resnet18_cbam_seed123,4160,7,7,0.272210542022151,0.5226670261819841,0.9999939203262328,-0.0049219457530698
resnet18_cbam,outputs/resnet18_cbam_seed123,4109,7,7,0.4608059624953058,0.5227410863132068,0.999999713897705,0.3163562925454263
resnet18_cbam,outputs/resnet18_cbam_seed123,10845,7,7,0.3204440618603038,0.5292572336208451,0.9998896479606628,0.0402222016546114
resnet18_cbam,outputs/resnet18_cbam_seed123,4113,7,7,0.2253028245737211,0.5164080423120991,0.9999998688697816,0.0399326142037319
resnet18_cbam,outputs/resnet18_cbam_seed123,4174,7,7,0.3436071178341953,0.5689570590536731,1.000000047683716,-0.1183297176952525
resnet18_cbam,outputs/resnet18_cbam_seed123,4951,7,3,0.4481069684716203,0.0951519718727809,0.0,0.0
resnet18_cbam,outputs/resnet18_cbam_seed123,4139,7,7,0.3925224288208837,0.5342778649287077,0.999999976158142,0.1014113753222831
resnet18_cbam,outputs/resnet18_cbam_seed123,4136,7,7,0.4097572180676623,0.57460834746711,0.999985682964325,0.2298169557823683
resnet18_cbam,outputs/resnet18_cbam_seed123,4114,7,7,0.5761145314750662,0.5944929434062145,0.9999988198280334,0.0990038413581964
resnet18_cbam,outputs/resnet18_cbam_seed123,4087,7,7,0.3699716891194425,0.51856513845532,0.7999920725822449,-0.0150563968098629
resnet18_cbam,outputs/resnet18_cbam_seed123,4110,7,7,0.2752897595833197,0.5763823888712354,0.9999995589256286,-0.0852846894687104
resnet18_cbam,outputs/resnet18_cbam_seed123,1627,7,7,0.3671863121366015,0.4729217323879324,0.9999905228614808,0.0574776273877227
resnet18_cbam,outputs/resnet18_cbam_seed123,10935,7,7,0.2116454015646225,0.4880402250038062,0.7998650193214416,0.0796840357596232
resnet18_cbam,outputs/resnet18_cbam_seed123,4606,7,7,0.1915060304696105,0.5229029386694719,0.9999950051307678,0.1846451371772051
resnet18_cbam,outputs/resnet18_cbam_seed123,4164,7,7,0.4187162419054928,0.5946699238340045,1.000000047683716,0.2084173686192389
resnet18_cbam,outputs/resnet18_cbam_seed123,26687,7,7,0.2776822720762745,0.2816443368780724,0.5999972701072693,-0.0466115033145808
resnet18_cbam,outputs/resnet18_cbam_seed123,4169,7,7,0.3322392655067291,0.5225322675833043,0.9999933242797852,0.2218408931342544
resnet18_cbam,outputs/resnet18_cbam_seed123,4605,7,7,0.2578578060035829,0.6191574511778632,0.7999958157539367,0.1398074064665856
resnet18_cbam,outputs/resnet18_cbam_seed123,10918,7,7,0.2485601038264732,0.5650712068549336,0.7999852657318115,0.1322796274918879
resnet18_cbam,outputs/resnet18_cbam_seed123,20030,8,6,0.3703502105738548,0.6491161499325824,0.9999997973442076,0.0201223696847728
resnet18_cbam,outputs/resnet18_cbam_seed123,29752,8,8,0.2739087543207928,0.2254723532008488,1.0,0.2420140020147461
resnet18_cbam,outputs/resnet18_cbam_seed123,25340,8,8,0.0844923212816883,0.0574205740101892,0.3999999523162841,0.0125958354368203
resnet18_cbam,outputs/resnet18_cbam_seed123,994,8,6,0.3220356618813236,0.4764806454569419,0.9999951362609864,0.160788311304472
resnet18_cbam,outputs/resnet18_cbam_seed123,25590,8,8,0.148581283561629,0.1334305704425277,1.0,0.176768027669168
resnet18_cbam,outputs/resnet18_cbam_seed123,19770,8,8,0.2739399006668102,0.2431896871045762,1.0,0.1287851815981177
resnet18_cbam,outputs/resnet18_cbam_seed123,3534,8,8,0.2741995505593773,0.2254701962739761,1.0000001192092896,0.0940401765745906
resnet18_cbam,outputs/resnet18_cbam_seed123,19860,8,8,0.0485148249882222,0.0745495955253856,0.8,0.1360257608289326
resnet18_cbam,outputs/resnet18_cbam_seed123,25599,8,8,0.1214469746376457,0.213899365981923,1.0,0.2778585849006326
resnet18_cbam,outputs/resnet18_cbam_seed123,19849,8,8,0.159674174768349,0.2167801620357812,0.9999999403953552,0.2512865247644975
resnet18_cbam,outputs/resnet18_cbam_seed123,25604,8,8,0.1001398582811846,0.1435219243438776,1.0,0.1977998947101418
resnet18_cbam,outputs/resnet18_cbam_seed123,3628,8,8,0.2227685150849769,0.1748080629238207,1.0000001192092896,0.2123779086002607
resnet18_cbam,outputs/resnet18_cbam_seed123,24624,8,6,0.2345172134116282,0.6177281384105743,0.999999952316284,-0.0332433553748435
resnet18_cbam,outputs/resnet18_cbam_seed123,19741,8,8,0.2739868292768991,0.2269549993552969,1.0000000238418578,0.164137832140136
resnet18_cbam,outputs/resnet18_cbam_seed123,19783,8,8,0.2786132406461267,0.2224880876536585,1.0,0.2706226185239574
resnet18_cbam,outputs/resnet18_cbam_seed123,14473,8,8,0.0749727829204688,0.2097996387902056,1.0000001192092896,0.2817570789273817
resnet18_cbam,outputs/resnet18_cbam_seed123,34331,8,8,0.2734519852885793,0.1885283653908224,1.0000001192092896,-0.0388577585986552
resnet18_cbam,outputs/resnet18_cbam_seed123,33036,8,8,0.1433588033619751,0.1366408310166976,1.0,0.0925262168963319
resnet18_cbam,outputs/resnet18_cbam_seed123,25277,8,8,0.0730326186755409,0.134376864559102,0.9999999403953552,0.1998593198319814
resnet18_cbam,outputs/resnet18_cbam_seed123,7807,8,8,0.2751580475118835,0.2258112849637673,0.9999999403953552,0.1297652761344416
resnet18_cbam,outputs/resnet18_cbam_seed123,25320,8,8,0.269907866121844,0.2125767219370705,1.0,0.0044398220751084
resnet18_cbam,outputs/resnet18_cbam_seed123,527,8,8,0.2739779436069456,0.2305993117100196,1.0000001192092896,0.071916476827036
resnet18_cbam,outputs/resnet18_cbam_seed456,11598,0,0,0.9141469466840136,0.6493111693134779,0.9999669432640076,-0.0115795315580601
resnet18_cbam,outputs/resnet18_cbam_seed456,8612,0,0,0.8966518022402852,0.5686842612612963,0.9999999403953552,0.0052887280409817
resnet18_cbam,outputs/resnet18_cbam_seed456,32384,0,0,0.7596734556013871,0.6588145267959362,0.9999966859817504,-0.0285276018479522
resnet18_cbam,outputs/resnet18_cbam_seed456,22088,0,0,0.7313640095762821,0.6468351794519549,0.9999987840652466,0.044275534949792
resnet18_cbam,outputs/resnet18_cbam_seed456,1258,0,0,0.372859923483702,0.6986338062006325,0.7999999761581421,-0.043203244207925
resnet18_cbam,outputs/resnet18_cbam_seed456,3882,0,0,0.8079992632692665,0.5831127578930477,0.999999952316284,-0.0465206424583217
resnet18_cbam,outputs/resnet18_cbam_seed456,26021,0,3,0.8961534714931538,0.224521727938896,0.7384809374809265,-0.18194339203117
resnet18_cbam,outputs/resnet18_cbam_seed456,28706,0,0,0.9143942968048576,0.7513266420000946,0.9999999403953552,-0.0225554544572224
resnet18_cbam,outputs/resnet18_cbam_seed456,12774,0,0,0.8114816742609037,0.5713350241958892,0.999990141391754,0.0121855223819183
resnet18_cbam,outputs/resnet18_cbam_seed456,20577,0,0,0.7694132024662395,0.6195940303077805,0.9999948620796204,-0.0316401546658709
resnet18_cbam,outputs/resnet18_cbam_seed456,20069,0,0,0.6588005591534056,0.752809803328546,0.9999953389167786,-0.0540156065928915
resnet18_cbam,outputs/resnet18_cbam_seed456,22989,0,0,0.7741883911442073,0.5799775132089735,0.9999998807907104,0.025201187071478
resnet18_cbam,outputs/resnet18_cbam_seed456,19017,0,0,0.7620052576262424,0.4940360948226043,1.0,0.0686681298170258
resnet18_cbam,outputs/resnet18_cbam_seed456,31697,0,0,0.8566148680320111,0.5640350867424786,1.0,0.0501796986585931
resnet18_cbam,outputs/resnet18_cbam_seed456,23363,0,0,0.5711562045626124,0.7066916060903168,0.999994421005249,0.017724776056941
resnet18_cbam,outputs/resnet18_cbam_seed456,18777,0,0,0.7147875583541463,0.598382002498056,0.9999987721443176,-0.0147967490864881
resnet18_cbam,outputs/resnet18_cbam_seed456,11832,0,0,0.514337716672344,0.853912901206968,0.6436113983392715,-0.0070022769442549
resnet18_cbam,outputs/resnet18_cbam_seed456,28618,0,0,0.7780596382699514,0.6180698895298633,0.9999999642372132,0.0147348275750585
resnet18_cbam,outputs/resnet18_cbam_seed456,22858,0,0,0.6071068585188186,0.651599124465065,0.999999475479126,0.0289793256584186
resnet18_cbam,outputs/resnet18_cbam_seed456,511,0,0,0.4249562829152182,0.4844839711757913,1.0000001192092896,-0.043111904028741
resnet18_cbam,outputs/resnet18_cbam_seed456,29736,0,0,0.8708523660334322,0.4509131924573921,0.9999980926513672,0.0113197166733744
resnet18_cbam,outputs/resnet18_cbam_seed456,33474,0,0,0.9219024111489488,0.5800461507310501,0.999999952316284,0.0353025164708181
resnet18_cbam,outputs/resnet18_cbam_seed456,25573,1,1,0.634302618208963,0.2534474919905349,0.2000000238418579,-0.0501802686703604
resnet18_cbam,outputs/resnet18_cbam_seed456,4312,1,1,0.8937642159779027,0.4563910221384795,1.0,0.0350338634495347
resnet18_cbam,outputs/resnet18_cbam_seed456,24225,1,1,0.7663608141534333,0.2809018340121039,0.8000000715255737,-0.0548482025228026
resnet18_cbam,outputs/resnet18_cbam_seed456,5114,1,1,0.8180030777211478,0.6085901638347906,0.7999996304512024,0.006099473197319
resnet18_cbam,outputs/resnet18_cbam_seed456,107,1,1,0.2093929536155023,0.7486379475535809,0.199999976158142,0.1230062739437781
resnet18_cbam,outputs/resnet18_cbam_seed456,10443,1,1,0.5443439873539866,0.6287079363611703,0.0,0.1532762535081915
resnet18_cbam,outputs/resnet18_cbam_seed456,5117,1,1,0.7731097187878113,0.5857699992752037,0.7999995589256287,-0.0692611537486784
resnet18_cbam,outputs/resnet18_cbam_seed456,27764,1,1,0.2091173697747308,0.8034600352600201,0.7999995946884155,0.044739550316639
resnet18_cbam,outputs/resnet18_cbam_seed456,31588,1,1,0.9031592379327068,0.2358695039964295,0.8,-0.0203733733689865
resnet18_cbam,outputs/resnet18_cbam_seed456,5131,1,1,0.9552059117605224,0.771338587404518,0.3999999761581421,-0.0457491617218167
resnet18_cbam,outputs/resnet18_cbam_seed456,1761,1,1,0.2409281306685606,0.6911888055018913,0.7999107956886291,0.0382690556586526
resnet18_cbam,outputs/resnet18_cbam_seed456,34288,1,2,0.0297155030151596,0.2796506765796698,0.6,0.1678188781203382
resnet18_cbam,outputs/resnet18_cbam_seed456,26309,1,1,0.3391455566313839,0.79219438189428,0.5999999642372131,-0.0146267260782288
resnet18_cbam,outputs/resnet18_cbam_seed456,21752,1,1,0.7862627037796326,0.7363685621214795,0.9998835325241088,-0.0059174135854268
resnet18_cbam,outputs/resnet18_cbam_seed456,20801,1,1,0.7967065014162968,0.1720991333462556,1.0000000953674315,-0.3232113522508116
resnet18_cbam,outputs/resnet18_cbam_seed456,17666,1,1,0.7308237592764364,0.3467771414055711,0.0,-0.0362199751394275
resnet18_cbam,outputs/resnet18_cbam_seed456,16706,1,1,0.5090855311511895,0.567472864049325,0.7999999284744262,-0.0084195889519682
resnet18_cbam,outputs/resnet18_cbam_seed456,6553,1,1,0.8666200388815946,0.869526932172068,0.7999998450279235,-0.0586027482478429
resnet18_cbam,outputs/resnet18_cbam_seed456,18583,1,1,0.821472612427403,0.1754099779290889,0.9999999642372132,-0.0762357803280374
resnet18_cbam,outputs/resnet18_cbam_seed456,20787,1,1,0.8981382594809038,0.030335754411875,0.199999988079071,-0.2072517004743847
resnet18_cbam,outputs/resnet18_cbam_seed456,33870,1,1,0.8060098094483568,0.0592761347365033,0.4,-0.0252174666888582
resnet18_cbam,outputs/resnet18_cbam_seed456,19563,1,1,0.7745005690860061,0.9706910293712844,1.0000000953674315,0.4479414009296124
resnet18_cbam,outputs/resnet18_cbam_seed456,2399,2,2,0.7433496305210143,0.8543980199185084,0.4000000476837158,-0.0311478961826836
resnet18_cbam,outputs/resnet18_cbam_seed456,4407,2,2,0.8528165337116791,0.2249678482583794,0.6000000715255738,-0.0678819867877744
resnet18_cbam,outputs/resnet18_cbam_seed456,2272,2,2,0.7841126785267933,0.849932739660491,0.2,-0.0130568822920006
resnet18_cbam,outputs/resnet18_cbam_seed456,2489,2,2,0.6362496256772374,0.764340825069648,1.0000001192092896,-0.0085304124766543
resnet18_cbam,outputs/resnet18_cbam_seed456,1496,2,2,0.6690806502843998,0.6721918819150856,1.0,-0.0023297929757234
resnet18_cbam,outputs/resnet18_cbam_seed456,2232,2,2,0.8146512255101799,0.8592105512461954,0.6,-0.0210928863884355
resnet18_cbam,outputs/resnet18_cbam_seed456,2415,2,2,0.7738921411723654,0.8309431986142881,0.4000000476837158,-0.0247253852541975
resnet18_cbam,outputs/resnet18_cbam_seed456,2382,2,2,0.7877568262986445,0.8516230262531037,0.5999999284744263,-0.0396233520315787
resnet18_cbam,outputs/resnet18_cbam_seed456,2510,2,2,0.6908673409908488,0.8113230499176352,1.0,-0.0346122673861206
resnet18_cbam,outputs/resnet18_cbam_seed456,19664,2,2,0.6387839269456208,0.8171887544260086,1.0,-0.0068569920647678
resnet18_cbam,outputs/resnet18_cbam_seed456,2740,2,2,0.6626132357786787,0.8607618360195799,0.8000000715255737,-0.0808778356625779
resnet18_cbam,outputs/resnet18_cbam_seed456,4872,2,2,0.6672259907830949,0.7264353030187296,1.0000001192092896,-0.0186179385887815
resnet18_cbam,outputs/resnet18_cbam_seed456,4574,2,2,0.8451070292319187,0.813643819526046,0.2,0.0065756015397873
resnet18_cbam,outputs/resnet18_cbam_seed456,4029,2,2,0.7373330937289566,0.8399075336363842,1.0,-0.0563859324542589
resnet18_cbam,outputs/resnet18_cbam_seed456,18720,2,2,0.6241343005052613,0.5746680467010519,1.0000001192092896,-0.0578549376797485
resnet18_cbam,outputs/resnet18_cbam_seed456,1514,2,2,0.7009027906602796,0.7463806478684232,0.8000000953674317,-0.0246272355201318
resnet18_cbam,outputs/resnet18_cbam_seed456,1550,2,2,0.7663054857586076,0.7677860747851382,1.000000047683716,-0.0078758863181063
resnet18_cbam,outputs/resnet18_cbam_seed456,4564,2,2,0.7920286907821961,0.8578656363353643,0.4000000476837158,0.0043315599131185
resnet18_cbam,outputs/resnet18_cbam_seed456,4498,2,2,0.8082410152016806,0.8092547557418075,0.4,-0.0102740598525614
resnet18_cbam,outputs/resnet18_cbam_seed456,1557,2,2,0.6301897677691386,0.6217680825810517,1.0,0.0420599430829333
resnet18_cbam,outputs/resnet18_cbam_seed456,2195,2,2,0.6823631287850276,0.6778278034494347,0.9999999403953552,0.0071715450578714
resnet18_cbam,outputs/resnet18_cbam_seed456,2545,2,2,0.7254511956371283,0.82442946670142,0.8000000715255737,7.847387441752764e-05
resnet18_cbam,outputs/resnet18_cbam_seed456,12693,3,3,0.2338480055945844,0.7861194730508352,0.5680585980415345,0.0292940447516481
resnet18_cbam,outputs/resnet18_cbam_seed456,4750,3,3,0.3740354884915042,0.6715081118766797,0.8769303321838379,0.0063670585325189
resnet18_cbam,outputs/resnet18_cbam_seed456,18268,3,1,0.0657768600592109,0.2846131522338133,0.4,0.222107716551353
resnet18_cbam,outputs/resnet18_cbam_seed456,18844,3,3,0.287496034310255,0.9201826674469124,0.9999786972999573,0.1710986637096373
resnet18_cbam,outputs/resnet18_cbam_seed456,29937,3,1,0.5489439832647705,0.1292816802086944,0.4000000476837158,-0.2338485110032088
resnet18_cbam,outputs/resnet18_cbam_seed456,1367,3,3,0.8716159414154383,0.770353560814133,0.999999737739563,-0.0842275428335281
resnet18_cbam,outputs/resnet18_cbam_seed456,26201,3,3,0.4013573153724685,0.7517119949497832,0.2475018233060836,0.2126977270254292
resnet18_cbam,outputs/resnet18_cbam_seed456,7843,3,0,0.2787373274991296,0.1021108219183588,0.0,0.0875185328447283
resnet18_cbam,outputs/resnet18_cbam_seed456,25933,3,1,0.1281993431909853,0.1093704311399488,0.0,0.0
resnet18_cbam,outputs/resnet18_cbam_seed456,7777,3,3,0.4195965265245718,0.9207322936902678,0.9999918699264526,0.1361414232476107
resnet18_cbam,outputs/resnet18_cbam_seed456,3199,3,3,0.6255518213262725,0.3736342460830535,0.9997111797332764,-0.0295905325968659
resnet18_cbam,outputs/resnet18_cbam_seed456,1633,3,3,0.4996541428417522,0.672124930601723,0.9999995350837708,0.0438448399416424
resnet18_cbam,outputs/resnet18_cbam_seed456,5569,3,3,0.462582976845912,0.8296996729962451,0.999927830696106,0.1153981301468465
resnet18_cbam,outputs/resnet18_cbam_seed456,32022,3,3,0.9172733076623594,0.5282140472605299,0.99974125623703,-0.1106995010458495
resnet18_cbam,outputs/resnet18_cbam_seed456,4352,3,3,0.9653868251237476,0.7638522253879927,0.999999952316284,-0.0143702172498567
resnet18_cbam,outputs/resnet18_cbam_seed456,5398,3,3,0.2726691726693637,0.7942903392284277,0.5997285127639771,0.0844528724482848
resnet18_cbam,outputs/resnet18_cbam_seed456,1836,3,3,0.7717454026422708,0.5774767769790934,0.9998583316802978,-0.0544754360807994
resnet18_cbam,outputs/resnet18_cbam_seed456,6819,3,3,0.8342890904799027,0.9079991428055258,0.9944207191467284,0.0025894227169501
resnet18_cbam,outputs/resnet18_cbam_seed456,30428,3,3,0.3037634557015032,0.8428839609759429,0.9999755144119262,0.0714132308208868
resnet18_cbam,outputs/resnet18_cbam_seed456,11121,3,3,0.8204595000887629,0.1743596975430197,0.9999937772750854,-0.1091226683693322
resnet18_cbam,outputs/resnet18_cbam_seed456,34333,3,3,0.6743496692901125,0.4923974487795881,0.3517352223396301,-0.0394877333526438
resnet18_cbam,outputs/resnet18_cbam_seed456,11558,3,1,0.1833522866106669,0.1873386845857361,0.0,0.0
resnet18_cbam,outputs/resnet18_cbam_seed456,15095,4,4,0.29585969659869,0.6655240566084503,0.5999999642372131,-0.0188438730475043
resnet18_cbam,outputs/resnet18_cbam_seed456,5482,4,4,0.3246624351201501,0.6618708575599702,0.9999999880790712,0.101120900528985
resnet18_cbam,outputs/resnet18_cbam_seed456,27612,4,4,0.3733675135371883,0.6478451480863584,0.999999952316284,0.0133460201466066
resnet18_cbam,outputs/resnet18_cbam_seed456,9711,4,0,0.3310274357254457,0.0835181022126789,0.0,0.032442482443136
resnet18_cbam,outputs/resnet18_cbam_seed456,2485,4,4,0.3220252462102738,0.6689470090513868,0.999999475479126,0.0014560428666029
resnet18_cbam,outputs/resnet18_cbam_seed456,25055,4,4,0.2169320823325167,0.6525128651725324,0.5999937415122986,0.0660578601474518
resnet18_cbam,outputs/resnet18_cbam_seed456,25226,4,0,0.7535368838071008,0.0783240147260357,1.0,0.0340255684033054
resnet18_cbam,outputs/resnet18_cbam_seed456,2517,4,4,0.3717140518439981,0.6623926623705335,1.0,-0.0073629585656163
resnet18_cbam,outputs/resnet18_cbam_seed456,3986,4,4,0.2502514060212591,0.6196241131761412,0.9999999403953552,0.1035073371836448
resnet18_cbam,outputs/resnet18_cbam_seed456,5449,4,3,0.3173553422740358,0.8507142339672704,0.3999996304512024,0.0790291165474021
resnet18_cbam,outputs/resnet18_cbam_seed456,25650,4,0,0.4197619884853338,0.2474804301946278,0.2,-0.0103927381715399
resnet18_cbam,outputs/resnet18_cbam_seed456,5353,4,4,0.3333969152241978,0.6719865864709721,0.8000000953674317,0.0948828675534206
resnet18_cbam,outputs/resnet18_cbam_seed456,13786,4,4,0.3154708208927075,0.6242631581864803,0.999996817111969,0.0584556597099288
resnet18_cbam,outputs/resnet18_cbam_seed456,4322,4,4,0.3727836384077633,0.6561486926007868,1.0000001192092896,0.0348299362858148
resnet18_cbam,outputs/resnet18_cbam_seed456,25639,4,1,0.1823717687761465,0.0370021051136646,0.0,0.0
resnet18_cbam,outputs/resnet18_cbam_seed456,25205,4,4,0.3210544206711803,0.7153779033756815,1.0,0.069241590817821
resnet18_cbam,outputs/resnet18_cbam_seed456,1831,4,4,0.3737934607288016,0.6992642215113148,0.9999998807907104,0.0582528831465507
resnet18_cbam,outputs/resnet18_cbam_seed456,3536,4,4,0.2729727236330495,0.5943627795842359,1.0000000238418578,0.1585682678917545
resnet18_cbam,outputs/resnet18_cbam_seed456,2096,4,4,0.3231623196575914,0.6626012557218371,1.0,0.0873118815054927
resnet18_cbam,outputs/resnet18_cbam_seed456,5469,4,4,0.3735144495822042,0.6354288424856621,1.0000000953674315,0.1076643307015394
resnet18_cbam,outputs/resnet18_cbam_seed456,5050,4,4,0.3715723090586578,0.669611213060023,1.0,0.0245661495853603
resnet18_cbam,outputs/resnet18_cbam_seed456,25655,4,4,0.3610019296923451,0.6228722958783456,0.59999920129776,0.0248672776187487
resnet18_cbam,outputs/resnet18_cbam_seed456,25122,5,5,0.9799783902126364,0.297402328701331,0.9999997854232788,-0.0421834688865804
resnet18_cbam,outputs/resnet18_cbam_seed456,25439,5,5,0.6827078810456442,0.4837979707453996,0.5999898195266724,-0.0133019985403195
resnet18_cbam,outputs/resnet18_cbam_seed456,12884,5,5,0.7350662786006694,0.5792377526126415,0.9999991178512572,-0.1068104827292375
resnet18_cbam,outputs/resnet18_cbam_seed456,29842,5,5,0.4133116089571067,0.7639004701812837,0.3999979138374329,0.0108202219420691
resnet18_cbam,outputs/resnet18_cbam_seed456,4418,5,5,0.658998550423803,0.4795356911717032,0.9997833967208862,-0.012334239872476
resnet18_cbam,outputs/resnet18_cbam_seed456,3147,5,5,0.5374044305579133,0.7958321202216894,0.9999999642372132,0.030517282890551
resnet18_cbam,outputs/resnet18_cbam_seed456,10773,5,5,0.4578476193777945,0.4328486751542755,0.7999483942985535,0.0561347680518989
resnet18_cbam,outputs/resnet18_cbam_seed456,12766,5,5,0.393330939396975,0.262287235716002,0.399996268749237,-0.0460557862475824
resnet18_cbam,outputs/resnet18_cbam_seed456,30524,5,5,0.4401619502074254,0.715412791495055,0.1999943494796753,0.0709851127792541
resnet18_cbam,outputs/resnet18_cbam_seed456,1993,5,5,0.7618873485662334,0.9955884439114016,1.0000000953674315,-0.015279941330899
resnet18_cbam,outputs/resnet18_cbam_seed456,1632,5,5,0.6598487993078379,0.994859274913324,0.999999976158142,0.0803031868352439
resnet18_cbam,outputs/resnet18_cbam_seed456,2903,5,5,0.9086674163409044,0.867415739059652,1.0000000715255737,0.0462612753892678
resnet18_cbam,outputs/resnet18_cbam_seed456,4288,5,5,0.9952192002092488,0.5950125971039597,1.0000000238418578,-0.0372204911002554
resnet18_cbam,outputs/resnet18_cbam_seed456,26488,5,5,0.5807745736503875,0.6715832154917507,0.9999958634376526,-0.041819704081079
resnet18_cbam,outputs/resnet18_cbam_seed456,2127,5,5,0.9543061691801996,0.3692012162330016,0.2693968132138252,-0.0019049024757099
resnet18_cbam,outputs/resnet18_cbam_seed456,31012,5,5,0.6255682855805844,0.7619075015168164,0.9999998807907104,0.096338644018846
resnet18_cbam,outputs/resnet18_cbam_seed456,26627,5,5,0.9129360171339728,0.2405387494996644,0.79957435131073,-0.0545097229296519
resnet18_cbam,outputs/resnet18_cbam_seed456,19032,5,1,0.4523953276304269,0.225186949510995,0.5999966263771057,-0.0056726407972743
resnet18_cbam,outputs/resnet18_cbam_seed456,1301,5,5,0.8789671298623034,0.230363546060289,0.9999999046325684,-0.0270036856841537
resnet18_cbam,outputs/resnet18_cbam_seed456,21284,5,5,0.159526324974518,0.9387652875839336,0.3999996304512024,0.0411070229011625
resnet18_cbam,outputs/resnet18_cbam_seed456,2304,5,5,0.9601634435530286,0.9944030915794428,0.999996531009674,0.0640905576454231
resnet18_cbam,outputs/resnet18_cbam_seed456,32350,5,5,0.4292025150555218,0.6292254081840127,0.7998944759368897,0.0499859165395054
resnet18_cbam,outputs/resnet18_cbam_seed456,4090,6,6,0.3003839419984294,0.623530735225352,1.0,0.1872159324831719
resnet18_cbam,outputs/resnet18_cbam_seed456,1458,6,6,0.2738174332238097,0.3281038719940916,1.0000001192092896,0.0436402166613297
resnet18_cbam,outputs/resnet18_cbam_seed456,9806,6,6,0.2651913666324721,0.5705914188776657,0.9999966859817504,0.0780378877676187
resnet18_cbam,outputs/resnet18_cbam_seed456,5362,6,6,0.2375179527459139,0.5772898027541423,0.9999999642372132,0.1531735563613394
resnet18_cbam,outputs/resnet18_cbam_seed456,20186,6,6,0.3723514059773182,0.6674905181066182,1.000000047683716,0.0244192504692212
resnet18_cbam,outputs/resnet18_cbam_seed456,13709,6,6,0.3433389979838985,0.2635814459120283,0.9999999642372132,0.0478571457417628
resnet18_cbam,outputs/resnet18_cbam_seed456,4101,6,6,0.1734897928581417,0.581462353640453,0.9999995708465576,0.3134103334908893
resnet18_cbam,outputs/resnet18_cbam_seed456,25601,6,6,0.1006018380489417,0.3578842409493634,0.999999952316284,-0.0981923403711679
resnet18_cbam,outputs/resnet18_cbam_seed456,4094,6,6,0.1858185585533544,0.595907306933723,1.000000047683716,0.2406949130703154
resnet18_cbam,outputs/resnet18_cbam_seed456,25595,6,6,0.372057319107565,0.2693833859465041,0.999999976158142,0.031508433219148
resnet18_cbam,outputs/resnet18_cbam_seed456,4100,6,6,0.2663284332708041,0.5109839258874649,0.8543962180614472,0.2639868867963066
resnet18_cbam,outputs/resnet18_cbam_seed456,6861,6,6,0.2561513931466389,0.3590904649334632,0.9999807357788086,0.0182840349820927
resnet18_cbam,outputs/resnet18_cbam_seed456,4593,6,6,0.1140431729264426,0.0564849611581547,0.4355534732341766,-0.009077967574033
resnet18_cbam,outputs/resnet18_cbam_seed456,9904,6,6,0.1016128888442672,0.4055442600024848,1.000000035762787,0.2096270679124818
resnet18_cbam,outputs/resnet18_cbam_seed456,9906,6,4,0.3189402729201149,0.527615467972909,0.8000000953674317,0.1815886640769747
resnet18_cbam,outputs/resnet18_cbam_seed456,18601,6,6,0.2591715531136782,0.261715938651297,1.0000001192092896,0.0160443999455456
resnet18_cbam,outputs/resnet18_cbam_seed456,4584,6,6,0.3267881389487199,0.5253465826227774,0.9999998927116394,0.2530600469061126
resnet18_cbam,outputs/resnet18_cbam_seed456,9143,6,6,0.3255252391913462,0.6343602029101889,0.9999999880790712,-0.048381589662138
resnet18_cbam,outputs/resnet18_cbam_seed456,7916,6,6,0.2646818826527353,0.6716422664498021,0.9999999403953552,0.1579140216011511
resnet18_cbam,outputs/resnet18_cbam_seed456,16545,6,1,0.0247906118208072,0.0525435471030864,0.0,0.0
resnet18_cbam,outputs/resnet18_cbam_seed456,3044,6,6,0.3868195172954279,0.7802859915259035,1.000000047683716,0.0702971640627032
resnet18_cbam,outputs/resnet18_cbam_seed456,2299,6,6,0.3218133613371549,0.34622363973123,0.999999952316284,0.1122690505427503
resnet18_cbam,outputs/resnet18_cbam_seed456,4121,7,7,0.2242921775265658,0.5279358450047893,1.0000000715255737,0.0907709607835544
resnet18_cbam,outputs/resnet18_cbam_seed456,4150,7,7,0.2250546240756924,0.5229498867123892,1.0,0.1461470644237708
resnet18_cbam,outputs/resnet18_cbam_seed456,10215,7,7,0.2741443788072156,0.6204171918000856,0.6,0.0490122683250144
resnet18_cbam,outputs/resnet18_cbam_seed456,4160,7,7,0.274032026512842,0.5232166102678459,0.9999998807907104,0.1792689990246452
resnet18_cbam,outputs/resnet18_cbam_seed456,4109,7,7,0.2994926294652569,0.6724663196130573,1.0000001192092896,-0.1001282549052475
resnet18_cbam,outputs/resnet18_cbam_seed456,10845,7,7,0.2721959026989903,0.5758600029222565,0.5999999284744263,0.2022427041875104
resnet18_cbam,outputs/resnet18_cbam_seed456,4113,7,7,0.224174406517028,0.5229501149831519,0.9999998807907104,0.1311834992787745
resnet18_cbam,outputs/resnet18_cbam_seed456,4174,7,7,0.2743276682739766,0.5727698525061624,1.0,0.3440101734027047
resnet18_cbam,outputs/resnet18_cbam_seed456,4951,7,7,0.3482869774121146,0.293122797666387,0.8000000953674317,-0.0784492492883117
resnet18_cbam,outputs/resnet18_cbam_seed456,4139,7,7,0.4414048113610078,0.6230208078338431,1.0000000596046448,0.1266188569724162
resnet18_cbam,outputs/resnet18_cbam_seed456,4136,7,7,0.3740625237078271,0.5766720732398118,0.9999998807907104,0.0167851266710982
resnet18_cbam,outputs/resnet18_cbam_seed456,4114,7,7,0.5266904225549803,0.5729677027825881,1.0000001192092896,0.2363979413621258
resnet18_cbam,outputs/resnet18_cbam_seed456,4087,7,7,0.2232615710806251,0.6037633247713858,1.0,0.1289654423743541
resnet18_cbam,outputs/resnet18_cbam_seed456,4110,7,7,0.4633893596263866,0.5229496887582583,1.0,0.3208456889799257
resnet18_cbam,outputs/resnet18_cbam_seed456,1627,7,7,0.1760555081142801,0.6223610750804183,0.7999999523162842,0.1136330312791105
resnet18_cbam,outputs/resnet18_cbam_seed456,10935,7,7,0.2730631435772818,0.5825258861374125,0.7999999523162842,0.0880019995711511
resnet18_cbam,outputs/resnet18_cbam_seed456,4606,7,7,0.2373497703352599,0.5229565439785575,1.0000001192092896,-0.0470771872218359
resnet18_cbam,outputs/resnet18_cbam_seed456,4164,7,7,0.5192454322416179,0.6226748644108391,1.000000047683716,-0.0061896548915283
resnet18_cbam,outputs/resnet18_cbam_seed456,26687,7,7,0.3193414464797879,0.6675186643563136,0.6,0.0342361828992894
resnet18_cbam,outputs/resnet18_cbam_seed456,4169,7,7,0.2644277869365018,0.5731182964412198,0.9999999046325684,0.0692967691415848
resnet18_cbam,outputs/resnet18_cbam_seed456,4605,7,7,0.4718212216864787,0.5229665198905484,0.9999998807907104,0.001694182185654
resnet18_cbam,outputs/resnet18_cbam_seed456,10918,7,7,0.2524778574108116,0.472733570265577,0.4,0.1563946317905544
resnet18_cbam,outputs/resnet18_cbam_seed456,20030,8,6,0.3238948669193515,0.3288497940792202,0.9999999403953552,0.1245943667111195
resnet18_cbam,outputs/resnet18_cbam_seed456,29752,8,8,0.174238282563721,0.2500436144304341,0.9999998807907104,0.1816018968405938
resnet18_cbam,outputs/resnet18_cbam_seed456,25340,8,8,0.0400478361078774,0.1008624990802184,0.6000000476837158,0.2676696539590258
resnet18_cbam,outputs/resnet18_cbam_seed456,994,8,6,0.2972370196132023,0.2632644495861721,1.0000000953674315,0.0704529355911786
resnet18_cbam,outputs/resnet18_cbam_seed456,25590,8,8,0.1380475495156824,0.128411496689132,1.0,-0.0195541233327711
resnet18_cbam,outputs/resnet18_cbam_seed456,19770,8,8,0.1904991541293623,0.2728302772825212,1.0000000953674315,0.0753111042166974
resnet18_cbam,outputs/resnet18_cbam_seed456,3534,8,8,0.2220470033548164,0.273924850820794,1.0,0.182223220866185
resnet18_cbam,outputs/resnet18_cbam_seed456,19860,8,8,0.1702743882789088,0.1753138550994732,0.6000000715255738,0.0076715485543699
resnet18_cbam,outputs/resnet18_cbam_seed456,25599,8,8,0.1648505765900047,0.2233848487969818,0.9999998807907104,-0.0336406518547086
resnet18_cbam,outputs/resnet18_cbam_seed456,19849,8,8,0.1795764397413571,0.2333408932267461,1.0000001192092896,-0.0275057933051375
resnet18_cbam,outputs/resnet18_cbam_seed456,25604,8,8,0.1717766996381774,0.1173780904492695,1.0000001192092896,-0.025190945627934
resnet18_cbam,outputs/resnet18_cbam_seed456,3628,8,8,0.1178914716795748,0.224362630676504,1.0,-0.0495770191642076
resnet18_cbam,outputs/resnet18_cbam_seed456,24624,8,8,0.0247205355332208,0.0250992670976083,0.6000000715255738,0.2315058274345743
resnet18_cbam,outputs/resnet18_cbam_seed456,19741,8,8,0.1971069181369222,0.2733234786704516,1.0000001192092896,0.1150972029600982
resnet18_cbam,outputs/resnet18_cbam_seed456,19783,8,8,0.1754715565148453,0.2726296230696428,1.0,-0.0523802562171632
resnet18_cbam,outputs/resnet18_cbam_seed456,14473,8,8,0.1769755818675958,0.1745801030120247,1.0,-0.0667043388382546
resnet18_cbam,outputs/resnet18_cbam_seed456,34331,8,8,0.1309909425787357,0.2240579532456138,1.0000001192092896,0.3229209064916579
resnet18_cbam,outputs/resnet18_cbam_seed456,33036,8,8,0.0904602284822171,0.1631265501301123,1.0000000238418578,0.1721092302790234
resnet18_cbam,outputs/resnet18_cbam_seed456,25277,8,8,0.1741926397174184,0.1296054481763011,0.9999998688697816,0.0318170135467086
resnet18_cbam,outputs/resnet18_cbam_seed456,7807,8,8,0.2220986674851144,0.2739248256240866,1.0000000715255737,0.1785039960285495
resnet18_cbam,outputs/resnet18_cbam_seed456,25320,8,8,0.1923876232441678,0.2241706521834537,1.0,0.274558172768954
resnet18_cbam,outputs/resnet18_cbam_seed456,527,8,8,0.2240905776880182,0.2739226244002426,1.0,0.1384735901207482
densenet121,outputs/run0_densenet121,11598,0,0,0.9705841329669056,0.9247239132419054,0.0,0.0
densenet121,outputs/run0_densenet121,8612,0,0,0.9562529538961826,0.964893800632126,0.0,0.0
densenet121,outputs/run0_densenet121,32384,0,0,0.8379969110901584,0.9139209994064004,0.4000000476837158,0.0473337246507445
densenet121,outputs/run0_densenet121,22088,0,0,0.9728488687760546,0.9423400128907816,0.0,0.0
densenet121,outputs/run0_densenet121,1258,0,0,0.8793894335285586,0.5100403341602942,0.3227227687835693,0.046271364652605
densenet121,outputs/run0_densenet121,3882,0,2,0.0186601179510576,0.3709726692582047,0.1750836730003357,-0.0022520261302562
densenet121,outputs/run0_densenet121,26021,0,3,0.8592097445533682,0.1571423357871302,0.9892081141471862,-0.1694043786862584
densenet121,outputs/run0_densenet121,28706,0,0,0.9344094693879016,0.9416893304623954,0.0,0.0
densenet121,outputs/run0_densenet121,12774,0,0,0.9599319242770434,0.9286053663709026,0.0,0.0
densenet121,outputs/run0_densenet121,20577,0,0,0.9768871187843616,0.9585100006843276,0.0,0.0
densenet121,outputs/run0_densenet121,20069,0,0,0.9398752467604936,0.9567034232495644,0.0,0.0
densenet121,outputs/run0_densenet121,22989,0,0,0.8723465795410448,0.9298065049260912,0.0,0.0
densenet121,outputs/run0_densenet121,19017,0,0,0.9637327560485572,0.9688135381911708,0.0,0.0
densenet121,outputs/run0_densenet121,31697,0,0,0.9118906670446448,0.7876139000036346,0.8,0.0501768402171361
densenet121,outputs/run0_densenet121,23363,0,0,0.9660075470310404,0.9729211637932168,0.0,0.0
densenet121,outputs/run0_densenet121,18777,0,0,0.8220880290318746,0.6820160999632208,0.0,0.0742859707509644
densenet121,outputs/run0_densenet121,11832,0,5,0.2442498480244135,0.7339616740391648,0.7600700378417968,-0.002716859123978
densenet121,outputs/run0_densenet121,28618,0,0,0.9630525945867704,0.9252220041707916,0.0,0.0
densenet121,outputs/run0_densenet121,22858,0,0,0.94582852257372,0.8885520557232667,0.0,0.0
densenet121,outputs/run0_densenet121,511,0,0,0.920911386150692,0.968943305681023,0.0,0.0
densenet121,outputs/run0_densenet121,29736,0,0,0.9693874062941176,0.9537633458567144,0.0,0.0
densenet121,outputs/run0_densenet121,33474,0,0,0.9728630065037578,0.955760471191752,0.0,0.0
densenet121,outputs/run0_densenet121,25573,1,1,0.7280572075018981,0.0667287193077312,0.9789463520050048,-0.0499848892052798
densenet121,outputs/run0_densenet121,4312,1,1,0.965497987532385,0.3427272150260663,0.9777754306793212,-0.4703843136826622
densenet121,outputs/run0_densenet121,24225,1,1,0.8407516372501105,0.1329889710532015,0.959743595123291,-0.0977273862745572
densenet121,outputs/run0_densenet121,5114,1,1,0.9575028729810668,0.3251870923092852,0.9827188849449158,-0.0879883959012891
densenet121,outputs/run0_densenet121,107,1,3,0.8178182486385595,0.196399426442321,0.9777495861053468,-0.1365135232661105
densenet121,outputs/run0_densenet121,10443,1,1,0.2973488381928737,0.048635007307783,0.9576475024223328,-0.1052448544848014
densenet121,outputs/run0_densenet121,5117,1,1,0.7490169801775188,0.4677399233516603,0.9318398118019104,-0.1125409308700783
densenet121,outputs/run0_densenet121,27764,1,1,0.8033859247599366,0.1918518153532442,0.9235167980194092,0.0090516359774486
densenet121,outputs/run0_densenet121,31588,1,1,0.6779586010278735,0.3240002122677836,0.9734561800956726,-0.056499522987663
densenet121,outputs/run0_densenet121,5131,1,1,0.9154435211222118,0.574214268414444,0.7685985922813415,-0.0672909768653172
densenet121,outputs/run0_densenet121,1761,1,1,0.8373065911396012,0.1560048862200239,0.7968356966972351,-0.0698322260822423
densenet121,outputs/run0_densenet121,34288,1,1,0.864814299228847,0.5649518292144307,0.973725700378418,-0.0410442271714141
densenet121,outputs/run0_densenet121,26309,1,1,0.2379995241064278,0.6602209518415023,0.94381263256073,0.0241041963378173
densenet121,outputs/run0_densenet121,21752,1,2,0.0967365457458226,0.3441229195377924,0.993950080871582,-0.0263092409117978
densenet121,outputs/run0_densenet121,20801,1,1,0.728696039182104,0.2897876035576747,0.964888060092926,-0.3330520269876559
densenet121,outputs/run0_densenet121,17666,1,1,0.4317016473961033,0.4239031809534003,0.9352509021759032,-0.0697770244918588
densenet121,outputs/run0_densenet121,16706,1,1,0.9625909064955244,0.0729354479661736,0.9751527428627014,-0.1246165508357254
densenet121,outputs/run0_densenet121,6553,1,1,0.9285482993248272,0.6499948505135364,0.9421815991401672,-0.1532043192475787
densenet121,outputs/run0_densenet121,18583,1,1,0.9708121581626176,0.0596958185621027,0.9974836826324462,-0.2844420308400951
densenet121,outputs/run0_densenet121,20787,1,1,0.6540810051230013,0.0981509684450974,0.981699550151825,-0.2589660024943947
densenet121,outputs/run0_densenet121,33870,1,1,0.7403955307646086,0.02176055002541,0.9876505732536316,-0.0802281522011025
densenet121,outputs/run0_densenet121,19563,1,1,0.9688593628793,0.2056353938540839,0.900516152381897,-0.4824117777254683
densenet121,outputs/run0_densenet121,2399,2,2,0.6584159572883026,0.72680197804878,0.9668678283691406,0.0285912393857327
densenet121,outputs/run0_densenet121,4407,2,2,0.3614404876760996,0.8109646589673043,0.9786877155303956,0.0634186465530937
densenet121,outputs/run0_densenet121,2272,2,2,0.737643821675015,0.7443430782472513,0.9827105879783632,-0.0125009235006802
densenet121,outputs/run0_densenet121,2489,2,2,0.5356782012433786,0.7548297174026255,0.9944477438926695,0.0010296512308284
densenet121,outputs/run0_densenet121,1496,2,2,0.6622268705130234,0.7493266818028739,0.9935990929603576,-0.0003497553245154
densenet121,outputs/run0_densenet121,2232,2,2,0.7684479930576349,0.7681045553305774,0.9509425282478332,0.0116763068157864
densenet121,outputs/run0_densenet121,2415,2,2,0.5076701436769666,0.7878413615628086,0.9725351452827452,-0.0132223102692578
densenet121,outputs/run0_densenet121,2382,2,2,0.615243158262093,0.7670963430005922,0.9716022610664368,-0.0020725213363386
densenet121,outputs/run0_densenet121,2510,2,2,0.7010922142056485,0.6918827981547475,0.9859933853149414,-0.0251980046422531
densenet121,outputs/run0_densenet121,19664,2,2,0.6561040454710135,0.7624252101355717,0.9933496236801148,-0.0262975071454292
densenet121,outputs/run0_densenet121,2740,2,2,0.6747164411038027,0.7320060503431558,0.9953088641166687,-0.0092719236723396
densenet121,outputs/run0_densenet121,4872,2,2,0.5812836362979932,0.4557587366196698,0.9937487721443176,-0.0133636992398933
densenet121,outputs/run0_densenet121,4574,2,2,0.7378668794886397,0.6985833833178361,0.9943792819976808,-0.0453287565191371
densenet121,outputs/run0_densenet121,4029,2,2,0.7341711551889066,0.6997890361480348,0.988438093662262,0.0306516936460736
densenet121,outputs/run0_densenet121,18720,2,2,0.461495954112354,0.4949213877567511,0.994167411327362,-0.0341221055345302
densenet121,outputs/run0_densenet121,1514,2,2,0.6252198341817384,0.4713366877293092,0.995851480960846,0.0487303336868789
densenet121,outputs/run0_densenet121,1550,2,2,0.5513320698899601,0.765643677625061,0.994567573070526,-0.0162665854400527
densenet121,outputs/run0_densenet121,4564,2,2,0.6932448848772446,0.6858730462212588,0.9923486351966858,-0.0400248943361576
densenet121,outputs/run0_densenet121,4498,2,2,0.6263344947717473,0.633127078433166,0.9943729043006896,-0.0205475922878308
densenet121,outputs/run0_densenet121,1557,2,2,0.6699053855111672,0.7338599711081992,0.9862456679344176,-0.0420135401754835
densenet121,outputs/run0_densenet121,2195,2,2,0.6499525776382372,0.7014603016624001,0.9949914693832398,-0.0260274277021686
densenet121,outputs/run0_densenet121,2545,2,2,0.6771935238886215,0.7262045847138945,0.9941890716552736,0.0181944664192988
densenet121,outputs/run0_densenet121,12693,3,0,0.7975041785139183,0.1906231507236384,0.9207815527915956,0.108076244411841
densenet121,outputs/run0_densenet121,4750,3,3,0.5247426979030081,0.4737623202597945,0.9590201854705812,0.0217092529370704
densenet121,outputs/run0_densenet121,18268,3,3,0.9121157890598396,0.2010639076054281,0.9911662459373474,-0.2256136900867486
densenet121,outputs/run0_densenet121,18844,3,3,0.9065653572847624,0.2581414948210226,0.9983456373214722,-0.1764000679014355
densenet121,outputs/run0_densenet121,29937,3,3,0.8083087764912307,0.1814190078338615,0.957591462135315,-0.2733628798003131
densenet121,outputs/run0_densenet121,1367,3,3,0.8420280567390819,0.8171031279509862,0.812520694732666,0.068622734064691
densenet121,outputs/run0_densenet121,26201,3,3,0.9098291220504962,0.3173179759501089,0.830481493473053,-0.2743508255759978
densenet121,outputs/run0_densenet121,7843,3,0,0.8791249033383792,0.8789388563782268,0.0,0.0
densenet121,outputs/run0_densenet121,25933,3,1,0.5456265724216323,0.1054661431275246,0.9503455281257628,-0.0303016232433381
densenet121,outputs/run0_densenet121,7777,3,3,0.917364849633941,0.2998370945811643,0.9885605812072754,-0.1545655452755761
densenet121,outputs/run0_densenet121,3199,3,3,0.5223531929519396,0.4651853115613207,0.9930545806884764,-0.0611404519642865
densenet121,outputs/run0_densenet121,1633,3,3,0.9216521972657574,0.1395498133830131,0.981221568584442,-0.2127599341038784
densenet121,outputs/run0_densenet121,5569,3,4,0.3563925956132824,0.3078032138265394,0.9413838744163512,-0.0606093624036492
densenet121,outputs/run0_densenet121,32022,3,3,0.9682453827931568,0.5180937307804865,0.963771402835846,-0.2104577583110647
densenet121,outputs/run0_densenet121,4352,3,3,0.9578164668578212,0.7552132201110453,0.993832266330719,-0.2250172736627131
densenet121,outputs/run0_densenet121,5398,3,3,0.7284145308711913,0.4347876029586359,0.992522132396698,-0.1206242698271629
densenet121,outputs/run0_densenet121,1836,3,3,0.9693973799718094,0.0964122184868756,0.5549215972423553,-0.1439135980979327
densenet121,outputs/run0_densenet121,6819,3,3,0.903995540771234,0.5215777868265832,0.987526535987854,-0.1175746573350032
densenet121,outputs/run0_densenet121,30428,3,3,0.8191732188423089,0.1778611821210418,0.9973393559455872,-0.0748447418425213
densenet121,outputs/run0_densenet121,11121,3,3,0.9209448055012216,0.1265281790266268,0.9915327310562134,-0.0143249141515273
densenet121,outputs/run0_densenet121,34333,3,1,0.2440406517690121,0.0390768851440023,0.9847928047180176,-0.1946968291584918
densenet121,outputs/run0_densenet121,11558,3,3,0.8388916177857482,0.4699975591352938,0.984315812587738,-0.0731323576133441
densenet121,outputs/run0_densenet121,15095,4,4,0.4498144594594583,0.4411900693848576,0.983237874507904,0.0131758917398958
densenet121,outputs/run0_densenet121,5482,4,4,0.4725547758328214,0.4816628770669016,0.98202782869339,-0.0517379544282998
densenet121,outputs/run0_densenet121,27612,4,4,0.5227932582023281,0.4730138784614222,0.987129271030426,-0.0175986499376194
densenet121,outputs/run0_densenet121,9711,4,0,0.7508239767048508,0.9566142475268862,0.0,0.0
densenet121,outputs/run0_densenet121,2485,4,4,0.5222086118682183,0.4721584810962778,0.9949635863304138,0.0177943128726917
densenet121,outputs/run0_densenet121,25055,4,4,0.3185990904560676,0.5080372498324294,0.9792258858680724,0.0264615964881737
densenet121,outputs/run0_densenet121,25226,4,0,0.9403351102191664,0.793042848668847,0.0,0.0
densenet121,outputs/run0_densenet121,2517,4,4,0.5222705162984949,0.5217560291726678,0.9952948093414308,0.0144818000025849
densenet121,outputs/run0_densenet121,3986,4,4,0.3994136119672382,0.2306234955854634,0.9851202607154846,0.0160464110453978
densenet121,outputs/run0_densenet121,5449,4,3,0.4702320264436253,0.6587371116961549,0.8852725028991699,-0.01374454711966
densenet121,outputs/run0_densenet121,25650,4,4,0.496500720436424,0.4537872317283001,0.9881665587425232,0.0357381092634098
densenet121,outputs/run0_densenet121,5353,4,4,0.5090018015748845,0.4804068636884858,0.993227767944336,0.0490371760535026
densenet121,outputs/run0_densenet121,13786,4,4,0.4680112314107173,0.4694476100428725,0.9894921064376831,-0.0061743754047157
densenet121,outputs/run0_densenet121,4322,4,4,0.4704835561115298,0.5680440987070702,0.9900745272636412,0.0176631442860747
densenet121,outputs/run0_densenet121,25639,4,0,0.7874846614795388,0.840035108547454,0.0,0.0
densenet121,outputs/run0_densenet121,25205,4,4,0.5214655595127237,0.4715691887592819,0.9779598355293274,-0.0193304574428385
densenet121,outputs/run0_densenet121,1831,4,4,0.5228749835151356,0.5226226063604154,0.9983578324317932,0.0210189608654457
densenet121,outputs/run0_densenet121,3536,4,4,0.4318326052994762,0.4021061114084734,0.9324815511703493,0.020715259491704
densenet121,outputs/run0_densenet121,2096,4,4,0.4273952752005549,0.5273230991918085,0.99408860206604,0.0631766669165078
densenet121,outputs/run0_densenet121,5469,4,4,0.4874450186022774,0.4731545621650235,0.997326958179474,-0.0072141979108254
densenet121,outputs/run0_densenet121,5050,4,4,0.4791962762354527,0.5163795138873754,0.9976492643356324,0.0597023523997747
densenet121,outputs/run0_densenet121,25655,4,4,0.5210055570935601,0.5052075215458149,0.9953993439674378,-0.0573901397275363
densenet121,outputs/run0_densenet121,25122,5,5,0.3205251540160672,0.9589798694069032,0.9888289332389832,0.0731746381459852
densenet121,outputs/run0_densenet121,25439,5,5,0.2255017611488206,0.7849020882881632,0.8867304563522339,0.0683866172637201
densenet121,outputs/run0_densenet121,12884,5,5,0.5122100330703971,0.8353350625609153,0.9246108889579772,0.0905610058409019
densenet121,outputs/run0_densenet121,29842,5,0,0.6937216143596743,0.4822997302981093,0.1601004123687744,0.0277719293362232
densenet121,outputs/run0_densenet121,4418,5,5,0.1438977698296623,0.98758208352956,0.973209583759308,0.0571303831485288
densenet121,outputs/run0_densenet121,3147,5,5,0.7131701015073304,0.9021746431390056,0.9854456067085268,0.0112393383293706
densenet121,outputs/run0_densenet121,10773,5,5,0.474998732612093,0.7018966555735915,0.9887052297592164,-0.0378870675911224
densenet121,outputs/run0_densenet121,12766,5,5,0.4646651763935097,0.1815998008955034,0.8842712283134461,-0.059749893532368
densenet121,outputs/run0_densenet121,30524,5,3,0.7368855722850753,0.2341426348088049,0.988545036315918,-0.0537723678394449
densenet121,outputs/run0_densenet121,1993,5,5,0.9934524167329072,0.9743864648044108,0.9953739404678345,0.0453110863146855
densenet121,outputs/run0_densenet121,1632,5,5,0.4488173712307457,0.9927332756342366,0.9868732810020446,0.0793746486234698
densenet121,outputs/run0_densenet121,2903,5,5,0.5726476826530416,0.992011320311576,0.9929131150245668,0.0098685426052451
densenet121,outputs/run0_densenet121,4288,5,5,0.4076898636344914,0.9551417769980616,0.999921715259552,0.0470174168198517
densenet121,outputs/run0_densenet121,26488,5,5,0.1946904051523862,0.8516379303060368,0.9741401553153992,0.0551819252617839
densenet121,outputs/run0_densenet121,2127,5,5,0.2606858187154506,0.9939986240642612,0.5848296284675598,0.0032317365245645
densenet121,outputs/run0_densenet121,31012,5,5,0.8108080697666082,0.7458844391803723,0.9883553385734558,-0.0281392382627515
densenet121,outputs/run0_densenet121,26627,5,5,0.2942963286709634,0.8502454871380678,0.9789358019828795,0.0353550509080277
densenet121,outputs/run0_densenet121,19032,5,1,0.4797842822050455,0.80921753194486,0.96642826795578,-0.0920736802443773
densenet121,outputs/run0_densenet121,1301,5,5,0.1132048840590426,0.8832221118657344,0.9294733762741088,0.128090710427181
densenet121,outputs/run0_densenet121,21284,5,3,0.5539634734459469,0.0931315871137151,0.9809830069541932,-0.1347787048108598
densenet121,outputs/run0_densenet121,2304,5,5,0.6086919692534138,0.9892602560576051,0.995762538909912,0.0628445645825047
densenet121,outputs/run0_densenet121,32350,5,5,0.4117738900371535,0.4491626716770405,0.980373787879944,0.0493645161579865
densenet121,outputs/run0_densenet121,4090,6,6,0.3723366880870936,0.5533105362690643,0.99292973279953,0.1058159161381783
densenet121,outputs/run0_densenet121,1458,6,6,0.2403271477432667,0.2610798127340129,0.9951506972312928,-0.0492307879239328
densenet121,outputs/run0_densenet121,9806,6,6,0.2374993989715816,0.3262902187122558,0.9779564380645752,0.0098382067435565
densenet121,outputs/run0_densenet121,5362,6,6,0.4137788463531507,0.4715224435985183,0.9975142121315004,0.0651743834506902
densenet121,outputs/run0_densenet121,20186,6,6,0.4634881011589335,0.5248339934068323,0.9970150589942932,0.0344270186287828
densenet121,outputs/run0_densenet121,13709,6,6,0.3715787790776808,0.4084770050381245,0.995041525363922,-0.00998065722512
densenet121,outputs/run0_densenet121,4101,6,6,0.1243943540226567,0.3731675428262199,0.993276619911194,0.2836228870173526
densenet121,outputs/run0_densenet121,25601,6,8,0.0550048202673538,0.0967663005151089,0.986655867099762,0.190958957268225
densenet121,outputs/run0_densenet121,4094,6,6,0.3933456547527133,0.4831920408345035,0.9962783455848694,0.213551488891855
densenet121,outputs/run0_densenet121,25595,6,6,0.1820488569439148,0.3346318225768412,0.9919774055480955,0.2392804055248768
densenet121,outputs/run0_densenet121,4100,6,6,0.3358568834323389,0.4489273071262381,0.9913846015930176,0.2374454257082063
densenet121,outputs/run0_densenet121,6861,6,6,0.2161080708035775,0.3122737086353241,0.9944606900215148,0.0658969974577794
densenet121,outputs/run0_densenet121,4593,6,6,0.1220009629417616,0.4189393595857164,0.991718316078186,0.2371933791598501
densenet121,outputs/run0_densenet121,9904,6,6,0.0687212680582114,0.2466417493917706,0.982093358039856,0.1213716892617544
densenet121,outputs/run0_densenet121,9906,6,4,0.3303022471602064,0.1149644737445792,0.9866659879684448,0.1044349581290025
densenet121,outputs/run0_densenet121,18601,6,6,0.3872683125986332,0.4088210047441658,0.9987369060516358,0.0499967115135069
densenet121,outputs/run0_densenet121,4584,6,6,0.3193014000899849,0.5305163889622116,0.9975302815437316,0.2657496555805037
densenet121,outputs/run0_densenet121,9143,6,6,0.5481703434932031,0.3555112569937897,0.9953496098518372,0.0662137387579031
densenet121,outputs/run0_densenet121,7916,6,6,0.2740759414079816,0.5325999059487838,0.9893716216087342,0.2008289986883345
densenet121,outputs/run0_densenet121,16545,6,1,0.899087225032515,0.0571596558853073,0.9104541659355164,-0.2982682503871346
densenet121,outputs/run0_densenet121,3044,6,6,0.5392528127079724,0.6768929268356345,0.9974199056625366,0.0554484777263821
densenet121,outputs/run0_densenet121,2299,6,6,0.3296113174509754,0.2964510090932816,0.9895829439163208,0.0959931619503147
densenet121,outputs/run0_densenet121,4121,7,7,0.3707022390271244,0.6177462860183349,0.998163652420044,0.0159791454026346
densenet121,outputs/run0_densenet121,4150,7,7,0.3736822707478171,0.6134130324306822,0.9959129095077516,0.2250861373388061
densenet121,outputs/run0_densenet121,10215,7,3,0.7681380223826864,0.5322891086921118,0.9802770256996156,-0.0623802113117457
densenet121,outputs/run0_densenet121,4160,7,7,0.3744740231701037,0.5670982664444801,0.9800994157791136,0.1381480250561208
densenet121,outputs/run0_densenet121,4109,7,7,0.4429319918330847,0.3113034721423081,0.984972894191742,0.34439064428738
densenet121,outputs/run0_densenet121,10845,7,3,0.4658968049495797,0.5702622564463127,0.9643953561782836,0.0297703733443235
densenet121,outputs/run0_densenet121,4113,7,7,0.2118923029233852,0.451574791557599,0.9916868209838868,0.1908161825540629
densenet121,outputs/run0_densenet121,4174,7,7,0.3901259795370883,0.3850365434814857,0.9965607404708864,0.1701791529379121
densenet121,outputs/run0_densenet121,4951,7,3,0.7724113398228383,0.15691194669078,0.98074152469635,-0.0903779435913894
densenet121,outputs/run0_densenet121,4139,7,7,0.5007939441886783,0.4504569111556946,0.9976325154304504,0.0027522493325355
densenet121,outputs/run0_densenet121,4136,7,7,0.4598408012211795,0.3908915747511601,0.9894717574119568,0.1163625696528538
densenet121,outputs/run0_densenet121,4114,7,7,0.3951216868587121,0.279800377706394,0.998721432685852,0.0363602060821144
densenet121,outputs/run0_densenet121,4087,7,7,0.3744555915521072,0.6218799432134235,0.9935866832733156,0.1397582456475236
densenet121,outputs/run0_densenet121,4110,7,7,0.4760111018766523,0.5730974916394145,0.9728931665420532,-0.0010456335541314
densenet121,outputs/run0_densenet121,1627,7,7,0.1932157453603991,0.2859696760023279,0.9910250186920166,0.1326286469200886
densenet121,outputs/run0_densenet121,10935,7,7,0.2854579594476303,0.4450079432888267,0.992672884464264,0.0479035970994781
densenet121,outputs/run0_densenet121,4606,7,7,0.2934416753018287,0.5346557220185406,0.9876195549964903,0.2602864513940374
densenet121,outputs/run0_densenet121,4164,7,7,0.5178659209634385,0.4560899467568299,0.9994558334350586,0.0822717475972075
densenet121,outputs/run0_densenet121,26687,7,0,0.1019665740853206,0.2503505249865156,0.9829094409942628,-0.050943728335811
densenet121,outputs/run0_densenet121,4169,7,7,0.3453245452364976,0.4561696308325147,0.9962182521820068,-0.0768737332097483
densenet121,outputs/run0_densenet121,4605,7,7,0.2363038359321869,0.6716733341069354,0.9922479271888732,0.109250269076797
densenet121,outputs/run0_densenet121,10918,7,7,0.2386186181644053,0.5726441663836042,0.992028820514679,0.095356319018945
densenet121,outputs/run0_densenet121,20030,8,6,0.2351881193309893,0.6026625282174343,0.9867782831192016,-0.0135086228496346
densenet121,outputs/run0_densenet121,29752,8,8,0.2987653255800582,0.2117859085645345,0.992304503917694,0.0775642105807834
densenet121,outputs/run0_densenet121,25340,8,8,0.0576602679348066,0.1522703301524529,0.9770633339881896,0.1281198376236676
densenet121,outputs/run0_densenet121,994,8,8,0.0520745436808418,0.1110779729317401,0.9938236951828004,0.0485929394545368
densenet121,outputs/run0_densenet121,25590,8,8,0.1211679137614704,0.1932135856542132,0.9927671074867248,0.2192660513534034
densenet121,outputs/run0_densenet121,19770,8,8,0.3104179571558603,0.1927443679491561,0.9928544998168946,0.0064859131901181
densenet121,outputs/run0_densenet121,3534,8,8,0.242669166639529,0.2151839606169387,0.99358731508255,0.0459418011369638
densenet121,outputs/run0_densenet121,19860,8,8,0.1413173940690953,0.1431086364982374,0.9883464455604554,0.2336451727533443
densenet121,outputs/run0_densenet121,25599,8,8,0.1366174232438755,0.2742528746120979,0.9908796668052672,0.2709470947054404
densenet121,outputs/run0_densenet121,19849,8,8,0.1608849425001745,0.1683515253053547,0.990933108329773,0.2970556761486481
densenet121,outputs/run0_densenet121,25604,8,8,0.1768586934535471,0.1892878097110308,0.988860034942627,0.1224381365256667
densenet121,outputs/run0_densenet121,3628,8,8,0.1784700674446132,0.2262691256756044,0.9937305569648742,0.2549542095016436
densenet121,outputs/run0_densenet121,24624,8,8,0.1124809987585043,0.1709134071548019,0.9923624038696288,0.1390822459183815
densenet121,outputs/run0_densenet121,19741,8,8,0.3211463163116938,0.2094194453789858,0.9926705121994018,0.0582283218146243
densenet121,outputs/run0_densenet121,19783,8,8,0.1829649754726355,0.209553445626836,0.9906175136566162,0.1541465407069263
densenet121,outputs/run0_densenet121,14473,8,8,0.0804115888761138,0.1388206283639391,0.9870476365089416,0.2795206755625303
densenet121,outputs/run0_densenet121,34331,8,8,0.1851104332868943,0.192878681404363,0.993722403049469,0.1711683463767566
densenet121,outputs/run0_densenet121,33036,8,8,0.1254646109710285,0.1822753092010155,0.9898269295692445,0.0547887400903484
densenet121,outputs/run0_densenet121,25277,8,8,0.0382550834265331,0.1876729970513609,0.9909244775772096,0.1429463486446568
densenet121,outputs/run0_densenet121,7807,8,8,0.2318270827578119,0.2364799380100921,0.990849494934082,0.0787225226439709
densenet121,outputs/run0_densenet121,25320,8,8,0.1807741449681076,0.1934997233972562,0.9949890494346618,0.1397692830203795
densenet121,outputs/run0_densenet121,527,8,8,0.2691380404492191,0.2049296434431098,0.996627402305603,0.010958174133856
densenet121,outputs/densenet121_seed123,11598,0,0,0.9659085417479218,0.9313850765047392,0.0,0.0
densenet121,outputs/densenet121_seed123,8612,0,0,0.8900409378275072,0.573682461358942,0.9709463953971864,0.0134406283053067
densenet121,outputs/densenet121_seed123,32384,0,0,0.9728891646118428,0.9334620034951512,0.0,0.0
densenet121,outputs/densenet121_seed123,22088,0,0,0.8716395366554934,0.7476794444919506,0.3371973395347595,0.0410865584119682
densenet121,outputs/densenet121_seed123,1258,0,0,0.9130160892818822,0.5394115866667306,0.9783450961112976,0.0734210888302687
densenet121,outputs/densenet121_seed123,3882,0,0,0.5106814324008155,0.72310925100453,0.911607611179352,0.0070181560323054
densenet121,outputs/densenet121_seed123,26021,0,3,0.9075816928142472,0.7698687438880398,0.99225994348526,-0.0225690780083925
densenet121,outputs/densenet121_seed123,28706,0,0,0.9528632934598136,0.952800420100175,0.0,0.0
densenet121,outputs/densenet121_seed123,12774,0,0,0.9595536505858036,0.9487687829987408,0.0,0.0
densenet121,outputs/densenet121_seed123,20577,0,0,0.9823017458547838,0.9608500061312952,0.0,0.0
densenet121,outputs/densenet121_seed123,20069,0,0,0.96161408408625,0.9691056034516804,0.0,0.0
densenet121,outputs/densenet121_seed123,22989,0,0,0.9715030210718396,0.9722763908084744,0.0,0.0
densenet121,outputs/densenet121_seed123,19017,0,0,0.7328315074141756,0.5003536117060321,0.9443682193756104,0.0566025365545438
densenet121,outputs/densenet121_seed123,31697,0,0,0.9722728195938544,0.969045157007713,0.0,0.0
densenet121,outputs/densenet121_seed123,23363,0,0,0.9721320222124632,0.9714967053023428,0.0,0.0
densenet121,outputs/densenet121_seed123,18777,0,0,0.9784235752449604,0.9722684587341064,0.0,0.0
densenet121,outputs/densenet121_seed123,11832,0,0,0.840299155228422,0.5376649220014542,0.3421857237815857,0.0126165478035264
densenet121,outputs/densenet121_seed123,28618,0,0,0.9351490417193418,0.9471526465949864,0.0,0.0
densenet121,outputs/densenet121_seed123,22858,0,0,0.975895399460569,0.9705643540819436,0.0,0.0
densenet121,outputs/densenet121_seed123,511,0,0,0.9814739387511509,0.9704848611600028,0.0,0.0
densenet121,outputs/densenet121_seed123,29736,0,0,0.8825996546238457,0.5723947448095714,0.9792337894439698,0.0159864962154696
densenet121,outputs/densenet121_seed123,33474,0,0,0.9732360121524836,0.9717088912602776,0.0,0.0
densenet121,outputs/densenet121_seed123,25573,1,1,0.549696904637291,0.3532757710594456,0.9880010724067688,0.0385653712826927
densenet121,outputs/densenet121_seed123,4312,1,1,0.919558597486784,0.2637636921760025,0.985263168811798,-0.4524234144205966
densenet121,outputs/densenet121_seed123,24225,1,1,0.7291872648942075,0.2587961343163091,0.898443078994751,-0.0734885592199866
densenet121,outputs/densenet121_seed123,5114,1,1,0.898799788464359,0.7175420116019353,0.9842147946357728,-0.062684075072009
densenet121,outputs/densenet121_seed123,107,1,1,0.5633937818498671,0.134785219113319,0.9773589372634888,-0.1196181826539482
densenet121,outputs/densenet121_seed123,10443,1,3,0.6681656791486574,0.9135138164910046,0.9208117365837096,-0.0982775968686859
densenet121,outputs/densenet121_seed123,5117,1,1,0.3286872283568458,0.8247369928445032,0.9232653856277466,-0.0580392426895736
densenet121,outputs/densenet121_seed123,27764,1,1,0.231171839492417,0.7307098095422105,0.7974478363990783,-0.0460375754062734
densenet121,outputs/densenet121_seed123,31588,1,1,0.7440008329875941,0.6228767513222095,0.9760053277015686,-0.0724798483847372
densenet121,outputs/densenet121_seed123,5131,1,1,0.8932709381859727,0.5107603888706649,0.7459925651550293,-0.0845626242009715
densenet121,outputs/densenet121_seed123,1761,1,1,0.1692627794605364,0.7645980722901604,0.7937862753868103,0.0624396653717977
densenet121,outputs/densenet121_seed123,34288,1,2,0.0177325274139483,0.2350074536642485,0.9794531106948852,0.1172362129406415
densenet121,outputs/densenet121_seed123,26309,1,1,0.2738671988174082,0.5788011201803138,0.9642698764801024,-0.0409463299243929
densenet121,outputs/densenet121_seed123,21752,1,1,0.852826627574913,0.7420759282876332,0.985070550441742,-0.0385672079043618
densenet121,outputs/densenet121_seed123,20801,1,1,0.6541712509906032,0.368090651066827,0.9826078891754152,-0.2776320029873174
densenet121,outputs/densenet121_seed123,17666,1,1,0.3761055481682836,0.2779735186683653,0.8073640942573548,-0.0819352666643553
densenet121,outputs/densenet121_seed123,16706,1,1,0.9226046151295848,0.0759856212991255,0.9046430110931396,-0.1156221862196292
densenet121,outputs/densenet121_seed123,6553,1,1,0.9034275784653856,0.6560014688419482,0.9903602242469788,-0.1469418263524509
densenet121,outputs/densenet121_seed123,18583,1,1,0.9574681887560842,0.0666287523080042,0.9910037279129028,-0.282836474958135
densenet121,outputs/densenet121_seed123,20787,1,1,0.3580522008732162,0.0595658490301183,0.9351806640625,-0.2463094664819388
densenet121,outputs/densenet121_seed123,33870,1,0,0.3772361851615642,0.6722314716016626,0.5666966199874878,0.0268453100365819
densenet121,outputs/densenet121_seed123,19563,1,1,0.9651628399465372,0.372401033201502,0.9678499698638916,-0.5248826957512536
densenet121,outputs/densenet121_seed123,2399,2,2,0.794800358020281,0.7565994757370296,0.941121518611908,0.0222489404440412
densenet121,outputs/densenet121_seed123,4407,2,2,0.3784719618268838,0.8366649686032124,0.8318485498428345,0.0640807846283557
densenet121,outputs/densenet121_seed123,2272,2,2,0.8076192089989964,0.7393835344707005,0.9315158247947692,-0.0119097187047222
densenet121,outputs/densenet121_seed123,2489,2,2,0.6278520583734956,0.750585661697041,0.9865630745887756,-0.0165730672007901
densenet121,outputs/densenet121_seed123,1496,2,2,0.6135618770605974,0.6883392974490137,0.978723442554474,-0.0075138230809549
densenet121,outputs/densenet121_seed123,2232,2,2,0.7986576375784826,0.8348499589611966,0.9119580507278442,0.0015318605907398
densenet121,outputs/densenet121_seed123,2415,2,2,0.6405386503213022,0.8015829738717704,0.966716468334198,-0.0249026334580833
densenet121,outputs/densenet121_seed123,2382,2,2,0.782217131147174,0.7885030444951118,0.9754523754119871,-0.0115219044458387
densenet121,outputs/densenet121_seed123,2510,2,2,0.6152827011800313,0.7054535253310037,0.9875426054000854,0.0266436910135579
densenet121,outputs/densenet121_seed123,19664,2,2,0.6291305681269967,0.701422504932818,0.9842801332473756,-0.027287985838379
densenet121,outputs/densenet121_seed123,2740,2,2,0.7647107469570719,0.8001926176290473,0.9475790739059448,-0.0175005842292508
densenet121,outputs/densenet121_seed123,4872,2,2,0.6390301066931665,0.7696070664199757,0.9902103185653688,-0.0101886013534589
densenet121,outputs/densenet121_seed123,4574,2,2,0.7427186200144538,0.8099124235163477,0.9626773834228516,-0.0461947120143937
densenet121,outputs/densenet121_seed123,4029,2,2,0.8341456424185594,0.6462276826156559,0.9768160343170166,0.0315805229437602
densenet121,outputs/densenet121_seed123,18720,2,2,0.4161964341017299,0.6241313284371264,0.9936753988265992,0.0303718986259399
densenet121,outputs/densenet121_seed123,1514,2,2,0.6645518380915207,0.7046115504333554,0.9904385924339294,-0.0033693688948753
densenet121,outputs/densenet121_seed123,1550,2,2,0.6465636107474453,0.7365058782495686,0.9866865873336792,-0.0262668912025426
densenet121,outputs/densenet121_seed123,4564,2,2,0.7558854758437973,0.8150100874035926,0.9365622639656068,-0.0420407577750275
densenet121,outputs/densenet121_seed123,4498,2,2,0.7138454445107631,0.8431957913048327,0.9641925573349,-0.025744115222736
densenet121,outputs/densenet121_seed123,1557,2,2,0.5590258114754669,0.7218070755898045,0.9736562609672548,-0.0675746932603818
densenet121,outputs/densenet121_seed123,2195,2,2,0.5881188445809149,0.8020387381879137,0.9934284687042236,-0.019431902201102
densenet121,outputs/densenet121_seed123,2545,2,2,0.6738671137773995,0.7287217700815878,0.9795742630958556,-0.0094319597234046
densenet121,outputs/densenet121_seed123,12693,3,3,0.9433715299533104,0.2622096637882181,0.9875376105308532,-0.1126314746705098
densenet121,outputs/densenet121_seed123,4750,3,3,0.3811438265708631,0.6949292888579777,0.9916401624679564,0.0214915143701936
densenet121,outputs/densenet121_seed123,18268,3,3,0.8947010706329337,0.4191200718958185,0.966109299659729,-0.1863002950111943
densenet121,outputs/densenet121_seed123,18844,3,3,0.966645987666098,0.290200427984711,0.9836971879005432,-0.1737742132618225
densenet121,outputs/densenet121_seed123,29937,3,3,0.9432846586477268,0.7412373323538333,0.9868998408317566,-0.1123565138356286
densenet121,outputs/densenet121_seed123,1367,3,3,0.8217521431160577,0.8716338714124987,0.9986385941505432,0.0914954136626614
densenet121,outputs/densenet121_seed123,26201,3,3,0.9440057946393524,0.2527045625827793,0.9737110376358032,-0.2818603307523477
densenet121,outputs/densenet121_seed123,7843,3,0,0.6722065391040815,0.1853798903329533,0.7932311058044433,0.092037874159184
densenet121,outputs/densenet121_seed123,25933,3,3,0.2253937669325356,0.7248804373205218,0.984249186515808,-0.0295029737635061
densenet121,outputs/densenet121_seed123,7777,3,3,0.9620119562647602,0.4246411446047198,0.9852412581443788,-0.171242199487917
densenet121,outputs/densenet121_seed123,3199,3,3,0.371112001141924,0.725430756718211,0.9858335614204408,-0.0272401112191985
densenet121,outputs/densenet121_seed123,1633,3,3,0.9214675891002032,0.1874739563861651,0.9787950158119202,-0.1875207785325608
densenet121,outputs/densenet121_seed123,5569,3,4,0.1547227733052198,0.189981599633854,0.4712623000144958,-0.0134920287553269
densenet121,outputs/densenet121_seed123,32022,3,3,0.8126467601857286,0.7560221951151931,0.9863159775733948,-0.0050704501661315
densenet121,outputs/densenet121_seed123,4352,3,3,0.935649474520588,0.8739326870053361,0.994714105129242,-0.2697925858716728
densenet121,outputs/densenet121_seed123,5398,3,3,0.9639452900063504,0.2285737323792486,0.9872446894645692,-0.1781953451708754
densenet121,outputs/densenet121_seed123,1836,3,3,0.9711909846427176,0.3999225744713754,0.9961000561714172,-0.1090161374925388
densenet121,outputs/densenet121_seed123,6819,3,3,0.965566904230915,0.6163065782196924,0.9926206827163696,-0.0977325210358135
densenet121,outputs/densenet121_seed123,30428,3,3,0.860156184492908,0.1842609338871224,0.9965901732444764,-0.0744932535517906
densenet121,outputs/densenet121_seed123,11121,3,3,0.9212383053397132,0.2038828602332003,0.9884602308273316,0.0124722693706368
densenet121,outputs/densenet121_seed123,34333,3,3,0.9583713276078925,0.4811999631798414,0.9780100107192992,-0.1203292567371492
densenet121,outputs/densenet121_seed123,11558,3,3,0.920382946138389,0.6965266215501202,0.9780006885528564,-0.1019131403270674
densenet121,outputs/densenet121_seed123,15095,4,4,0.5374537991392614,0.2832873025232736,0.7152433156967163,0.0096671391209683
densenet121,outputs/densenet121_seed123,5482,4,4,0.3836544760667773,0.5720324679387819,0.9884142637252809,0.0715816970694659
densenet121,outputs/densenet121_seed123,27612,4,4,0.5219238546690791,0.4871247930630222,0.9958161115646362,0.0166312555685987
densenet121,outputs/densenet121_seed123,9711,4,4,0.165649043771445,0.5351305543540154,0.9112595319747924,0.0512251393998357
densenet121,outputs/densenet121_seed123,2485,4,4,0.4687668017535407,0.5204200235121199,0.9963651537895204,-0.0254076523911395
densenet121,outputs/densenet121_seed123,25055,4,4,0.4221279090379309,0.4032808250878484,0.9847879886627198,0.000846040548912
densenet121,outputs/densenet121_seed123,25226,4,4,0.4073868459916804,0.4406497192755229,0.7751114010810852,-0.0308523122869159
densenet121,outputs/densenet121_seed123,2517,4,4,0.5229035773245105,0.4731531019863932,0.9567616701126098,-0.0198829327835153
densenet121,outputs/densenet121_seed123,3986,4,4,0.2384149435832603,0.3363602622431043,0.9935118079185484,0.1799337191949759
densenet121,outputs/densenet121_seed123,5449,4,4,0.4018793701421476,0.3066597692920732,0.8347104668617249,0.027814429086606
densenet121,outputs/densenet121_seed123,25650,4,4,0.2072447006066267,0.4759212808303024,0.9426455855369568,-0.0123743443411704
densenet121,outputs/densenet121_seed123,5353,4,4,0.4732176468752138,0.4810326427042411,0.9509340643882752,-0.0301908199970734
densenet121,outputs/densenet121_seed123,13786,4,4,0.4067139669172004,0.4463564202644809,0.9856217503547668,0.0071758127774382
densenet121,outputs/densenet121_seed123,4322,4,4,0.5212393858586456,0.4664363395982968,0.9826709628105164,-0.0120000111664256
densenet121,outputs/densenet121_seed123,25639,4,0,0.7442701574036619,0.8098671510542772,0.0,0.0
densenet121,outputs/densenet121_seed123,25205,4,4,0.4502447062751636,0.5213754029310896,0.9630216598510742,0.0274878231586496
densenet121,outputs/densenet121_seed123,1831,4,4,0.5211082870930394,0.5082569786138097,0.9994040727615356,-0.0250104135375992
densenet121,outputs/densenet121_seed123,3536,4,4,0.2252256696442328,0.4589464045210817,0.9230456233024598,0.1682730399852351
densenet121,outputs/densenet121_seed123,2096,4,4,0.668174873339761,0.2714793864173443,0.9485809564590454,-0.0708223959687024
densenet121,outputs/densenet121_seed123,5469,4,4,0.4755441203141703,0.4724893790495372,0.9931111335754396,-0.0030348928202129
densenet121,outputs/densenet121_seed123,5050,4,4,0.4747623741481805,0.4743183281983132,0.9915916800498964,-0.0553738575589757
densenet121,outputs/densenet121_seed123,25655,4,4,0.5222980489608642,0.4715640179160679,0.9923973202705384,0.0552957286112642
densenet121,outputs/densenet121_seed123,25122,5,5,0.2530796672041307,0.9947871218319052,0.9769312024116515,0.1033731411669147
densenet121,outputs/densenet121_seed123,25439,5,5,0.1018360392768643,0.8833369348495808,0.9933563709259032,0.0744378908231674
densenet121,outputs/densenet121_seed123,12884,5,5,0.2557236064362183,0.8419839839752488,0.9947959661483764,0.0370705427092671
densenet121,outputs/densenet121_seed123,29842,5,5,0.3393162158466198,0.5889687991179358,0.9908748865127563,0.0077025767689341
densenet121,outputs/densenet121_seed123,4418,5,5,0.0977387332757766,0.9101374074471096,0.9747639656066894,0.0529869468235219
densenet121,outputs/densenet121_seed123,3147,5,5,0.5130799001637633,0.860169471118553,0.9874014616012572,0.0580914950343297
densenet121,outputs/densenet121_seed123,10773,5,5,0.2199964812179313,0.5319406340452346,0.9809999108314514,-0.0018436507490485
densenet121,outputs/densenet121_seed123,12766,5,5,0.2835341804708378,0.1511097247743289,0.9441678524017334,-0.0477079287355078
densenet121,outputs/densenet121_seed123,30524,5,5,0.5957907435291645,0.1097200468161396,0.9884960532188416,-0.0547893413205216
densenet121,outputs/densenet121_seed123,1993,5,5,0.937823556130752,0.963047321070917,0.9921804308891295,0.0672827799994868
densenet121,outputs/densenet121_seed123,1632,5,5,0.409315146628046,0.9870557538815774,0.9946498036384582,0.0741673480987376
densenet121,outputs/densenet121_seed123,2903,5,5,0.2619114191786025,0.9771940213395284,0.9908624649047852,0.0561014920427734
densenet121,outputs/densenet121_seed123,4288,5,5,0.2258540416266328,0.9443880284284204,0.9996312260627748,0.0463297726968245
densenet121,outputs/densenet121_seed123,26488,5,5,0.2192536390245766,0.8456990773149817,0.9979516744613648,0.0814066180333755
densenet121,outputs/densenet121_seed123,2127,5,5,0.0590986791312994,0.9929490209324284,0.5661934614181519,-0.0164317351474479
densenet121,outputs/densenet121_seed123,31012,5,5,0.6455992549298486,0.6604550579243096,0.9904280424118042,0.0882712387239049
densenet121,outputs/densenet121_seed123,26627,5,5,0.2366716523133645,0.8198578815254223,0.9867149114608764,0.0361948283262951
densenet121,outputs/densenet121_seed123,19032,5,1,0.1422958276105105,0.6493864358275476,0.9509168028831482,-0.1110492091542637
densenet121,outputs/densenet121_seed123,1301,5,5,0.144943960113856,0.8453534287280287,0.9946489453315734,0.1162008065091218
densenet121,outputs/densenet121_seed123,21284,5,5,0.2722283576079931,0.8024754169930901,0.8714352965354919,0.0043352968850589
densenet121,outputs/densenet121_seed123,2304,5,5,0.5792321726912633,0.8504107938015295,0.9906190991401672,0.0316158688403224
densenet121,outputs/densenet121_seed123,32350,5,5,0.3370407974920155,0.6455084528464846,0.99561448097229,0.0396949761146407
densenet121,outputs/densenet121_seed123,4090,6,6,0.4185381228307787,0.5229960275456192,0.9882920265197754,0.0954338760972768
densenet121,outputs/densenet121_seed123,1458,6,6,0.314264097276782,0.3286869847747367,0.9943979024887084,-0.0344268013815587
densenet121,outputs/densenet121_seed123,9806,6,6,0.1877174026797122,0.4399531540335588,0.98437842130661,0.0620603322769944
densenet121,outputs/densenet121_seed123,5362,6,6,0.348133055530606,0.4522881627450592,0.9897188782691956,0.0966056662686788
densenet121,outputs/densenet121_seed123,20186,6,6,0.4834846410176763,0.5816060940856022,0.99520583152771,0.0424972863004528
densenet121,outputs/densenet121_seed123,13709,6,6,0.2587488595679241,0.4832587727616195,0.9948953747749328,0.0203900882742196
densenet121,outputs/densenet121_seed123,4101,6,6,0.1211497908043338,0.5251412116973162,0.9949235081672668,0.2894554847686939
densenet121,outputs/densenet121_seed123,25601,6,6,0.1234241360153648,0.2709770282004188,0.9935572624206545,-0.0722861471839113
densenet121,outputs/densenet121_seed123,4094,6,6,0.3456329250498719,0.4804566794449152,0.9991734504699707,0.2100296388054041
densenet121,outputs/densenet121_seed123,25595,6,6,0.1336664707980855,0.4575223558617115,0.9848329782485962,0.2041688138081457
densenet121,outputs/densenet121_seed123,4100,6,6,0.2011112379690025,0.4260575139333314,0.9950978517532348,0.2455637766790787
densenet121,outputs/densenet121_seed123,6861,6,6,0.1783332048458806,0.2971390022687493,0.9881279826164244,0.0587691368469473
densenet121,outputs/densenet121_seed123,4593,6,6,0.1099795616491498,0.347183839923599,0.9785581231117249,0.332919034414175
densenet121,outputs/densenet121_seed123,9904,6,6,0.1588255760681957,0.4315426283254315,0.9888445496559144,0.1086057502028258
densenet121,outputs/densenet121_seed123,9906,6,3,0.8876782849687004,0.6992579923124964,0.9862937092781068,-0.127343784693328
densenet121,outputs/densenet121_seed123,18601,6,6,0.4524743638992621,0.4784755016461379,0.9970931649208068,-0.0405243420842458
densenet121,outputs/densenet121_seed123,4584,6,6,0.309649958992823,0.4073234129661606,0.9969344019889832,0.265675455045386
densenet121,outputs/densenet121_seed123,9143,6,6,0.5230131900129852,0.4523405194831194,0.9957470774650574,0.1121820538076535
densenet121,outputs/densenet121_seed123,7916,6,6,0.2694995957514265,0.5479336794070904,0.9943235754966736,0.1942654686848767
densenet121,outputs/densenet121_seed123,16545,6,1,0.8037180526888662,0.1360212535885598,0.9892458081245422,-0.3155394176031746
densenet121,outputs/densenet121_seed123,3044,6,6,0.5572436847737124,0.7085689829640149,0.997140371799469,0.0527045983442767
densenet121,outputs/densenet121_seed123,2299,6,6,0.1948037506881862,0.3987319615503537,0.9904488801956176,0.1065911432289131
densenet121,outputs/densenet121_seed123,4121,7,7,0.2243545601297507,0.4268423010264065,0.9951713442802428,0.014166220116489
densenet121,outputs/densenet121_seed123,4150,7,7,0.3265436743425534,0.3452408595708262,0.987959337234497,0.227908707233072
densenet121,outputs/densenet121_seed123,10215,7,7,0.3005010028362771,0.3326779449670414,0.9574589610099792,0.002043568935268
densenet121,outputs/densenet121_seed123,4160,7,7,0.2224570943569117,0.3220945439757017,0.9846017479896544,0.1529891647007448
densenet121,outputs/densenet121_seed123,4109,7,7,0.537223709264981,0.1804932116087307,0.982306969165802,0.3068025272607638
densenet121,outputs/densenet121_seed123,10845,7,7,0.2699932723587845,0.3177393391554916,0.9876704931259156,0.0936908982595634
densenet121,outputs/densenet121_seed123,4113,7,7,0.1744209496192056,0.300989346628913,0.9988003134727478,0.1924322239764412
densenet121,outputs/densenet121_seed123,4174,7,7,0.3236277327399141,0.2341942675815532,0.9879690051078795,0.2794957371932286
densenet121,outputs/densenet121_seed123,4951,7,3,0.6195874838021069,0.8874240787607874,0.8485867023468018,0.055827451169676
densenet121,outputs/densenet121_seed123,4139,7,7,0.5813909632680945,0.4236571069734091,0.9991542816162108,0.0444488848536045
densenet121,outputs/densenet121_seed123,4136,7,7,0.4635765133694909,0.3817236992912367,0.9795920729637146,0.1465906121240251
densenet121,outputs/densenet121_seed123,4114,7,7,0.4158269142407739,0.4940184128351886,0.9981229901313782,-0.0438427978772566
densenet121,outputs/densenet121_seed123,4087,7,7,0.3236652705150692,0.4898554285301713,0.9926217794418336,0.1255934703379002
densenet121,outputs/densenet121_seed123,4110,7,7,0.52050935323523,0.4213381665984622,0.9955571293830872,0.234759761288486
densenet121,outputs/densenet121_seed123,1627,7,3,0.7511544490606781,0.7036993937124549,0.9603452801704406,-0.1149524007516959
densenet121,outputs/densenet121_seed123,10935,7,7,0.2290837984767316,0.2273664618065929,0.9957024574279784,0.0037500886440911
densenet121,outputs/densenet121_seed123,4606,7,7,0.3257288740922546,0.2952728739779835,0.9859044313430786,0.1121133387731757
densenet121,outputs/densenet121_seed123,4164,7,7,0.5731067945405184,0.5734885826443069,0.9988165616989136,0.0224451993771702
densenet121,outputs/densenet121_seed123,26687,7,3,0.9103506294685672,0.9395973394765776,0.9604725003242492,0.0102298243326563
densenet121,outputs/densenet121_seed123,4169,7,7,0.4138311761000276,0.2885540276174438,0.9975811004638672,0.0212190167367606
densenet121,outputs/densenet121_seed123,4605,7,7,0.2151877376689688,0.3243891373293617,0.9822411298751832,0.0676153468276102
densenet121,outputs/densenet121_seed123,10918,7,7,0.5772448357325746,0.4232602714998779,0.9452316522598266,0.0260418051291402
densenet121,outputs/densenet121_seed123,20030,8,6,0.3141059579910913,0.5057491447123588,0.9941934466362,-0.0394230897011008
densenet121,outputs/densenet121_seed123,29752,8,8,0.1139192091859366,0.1105119435922644,0.8887332439422607,0.1184397179040838
densenet121,outputs/densenet121_seed123,25340,8,8,0.02947082107377,0.0787298220206205,0.924337375164032,0.213029498103375
densenet121,outputs/densenet121_seed123,994,8,6,0.2259238267244663,0.512325646518712,0.9891476392745971,-0.0485076964188666
densenet121,outputs/densenet121_seed123,25590,8,8,0.0624150026643153,0.0699073425027914,0.94122816324234,0.2416451756579757
densenet121,outputs/densenet121_seed123,19770,8,8,0.1245951630321528,0.1095533952027068,0.889070451259613,0.0414794001454808
densenet121,outputs/densenet121_seed123,3534,8,8,0.1381201979172906,0.1277296713343776,0.8738489627838135,0.0785325608935191
densenet121,outputs/densenet121_seed123,19860,8,8,0.0268418490708271,0.1084538575861289,0.9442702054977417,0.2638138493859312
densenet121,outputs/densenet121_seed123,25599,8,8,0.1183158872898973,0.1018090323766806,0.955781877040863,0.2492553159111586
densenet121,outputs/densenet121_seed123,19849,8,8,0.0822426802424357,0.1191651074153855,0.9293631196022034,0.3439344681587353
densenet121,outputs/densenet121_seed123,25604,8,8,0.0651286731393389,0.0732482743611608,0.9439163923263548,0.1555074669937916
densenet121,outputs/densenet121_seed123,3628,8,8,0.0867780488018588,0.1506910656042673,0.8504528164863586,0.1680501911201612
densenet121,outputs/densenet121_seed123,24624,8,6,0.1745077872138624,0.6293057577047885,0.9911031484603882,-0.1322356366956003
densenet121,outputs/densenet121_seed123,19741,8,8,0.1247356789059229,0.1319351555712307,0.8303401827812195,0.0851966248612482
densenet121,outputs/densenet121_seed123,19783,8,8,0.1355985863671014,0.1229046583343968,0.9346228241920472,0.0705763317284965
densenet121,outputs/densenet121_seed123,14473,8,8,0.0414871144850461,0.0860302338047481,0.9804833173751832,0.2891053943827875
densenet121,outputs/densenet121_seed123,34331,8,8,0.1096505245031787,0.0983974984207058,0.9028046250343322,0.2692957635703701
densenet121,outputs/densenet121_seed123,33036,8,8,0.0268598244470771,0.0218715769485099,0.9330281615257264,0.0738182569161198
densenet121,outputs/densenet121_seed123,25277,8,8,0.0896249746383339,0.1596730060398492,0.9711583018302916,0.1990281762859369
densenet121,outputs/densenet121_seed123,7807,8,8,0.1294816816925236,0.1249515117881916,0.9100664138793946,0.105430427068528
densenet121,outputs/densenet121_seed123,25320,8,8,0.1224485541522624,0.1613063813447275,0.9287753224372864,0.2384614902167502
densenet121,outputs/densenet121_seed123,527,8,8,0.1264259467915288,0.122521874140905,0.9601843953132628,-0.0034050584619643
densenet121,outputs/densenet121_seed456,11598,0,0,0.899815928984026,0.820197246118596,0.9739622712135316,0.0186462343308466
densenet121,outputs/densenet121_seed456,8612,0,0,0.8389196425923728,0.7024266198550322,0.9964587688446044,0.0272725001351619
densenet121,outputs/densenet121_seed456,32384,0,0,0.8388672903820407,0.9094072236548528,0.9533300399780272,0.0498709719319321
densenet121,outputs/densenet121_seed456,22088,0,0,0.7752165945057641,0.7377160271425964,0.9843622088432312,0.0419058220030093
densenet121,outputs/densenet121_seed456,1258,0,0,0.7546149770605552,0.6222528991329455,0.9889816880226135,0.0507786059652105
densenet121,outputs/densenet121_seed456,3882,0,0,0.7244864321546629,0.862526296688884,0.9690655946731568,0.0090111902249685
densenet121,outputs/densenet121_seed456,26021,0,3,0.8879431493181187,0.2549899346906476,0.988771378993988,-0.1705315637871817
densenet121,outputs/densenet121_seed456,28706,0,0,0.962658743308566,0.9608144380545128,0.9516531586647032,0.0532474864424686
densenet121,outputs/densenet121_seed456,12774,0,0,0.9611890712330932,0.897759717561712,0.99075608253479,0.0133008215231365
densenet121,outputs/densenet121_seed456,20577,0,0,0.9810745111608412,0.9272359619717464,0.0,0.0
densenet121,outputs/densenet121_seed456,20069,0,0,0.7238889630134508,0.8140568634771626,0.9463173508644104,-0.0348587186930179
densenet121,outputs/densenet121_seed456,22989,0,0,0.8098049935192648,0.7352242441929775,0.9860404014587404,0.0239259111192111
densenet121,outputs/densenet121_seed456,19017,0,0,0.8419362339263898,0.6676223342801677,0.991425895690918,0.0709591874193477
densenet121,outputs/densenet121_seed456,31697,0,0,0.9547767698459212,0.8540274322658661,0.9181158423423768,0.052430454458699
densenet121,outputs/densenet121_seed456,23363,0,0,0.7413107453012344,0.8826340577143128,0.9239388227462768,0.0324551734400049
densenet121,outputs/densenet121_seed456,18777,0,0,0.9722495247842744,0.9737816489578108,0.0,0.0
densenet121,outputs/densenet121_seed456,11832,0,0,0.8872514215108822,0.7448083272756776,0.8236440062522888,0.0246727389748865
densenet121,outputs/densenet121_seed456,28618,0,0,0.909046265289362,0.7856879880055203,0.9798366665840148,0.0203077104585199
densenet121,outputs/densenet121_seed456,22858,0,0,0.949427887040656,0.9125137458468088,0.0,0.0
densenet121,outputs/densenet121_seed456,511,0,0,0.5548124392668115,0.6470500981831719,0.9655930280685424,0.026975487586846
densenet121,outputs/densenet121_seed456,29736,0,0,0.8558116903514019,0.7805360040292726,0.9927070021629334,-0.0010367208659319
densenet121,outputs/densenet121_seed456,33474,0,0,0.8392322411309578,0.8860582862762385,0.907823884487152,0.0170288163616782
densenet121,outputs/densenet121_seed456,25573,1,1,0.3157313966956214,0.4363843263198141,0.9083724856376648,-0.0434148129314894
densenet121,outputs/densenet121_seed456,4312,1,1,0.9637334686915636,0.1477937129883431,0.9930248141288758,-0.476094847826131
densenet121,outputs/densenet121_seed456,24225,1,1,0.7748243452997201,0.2161868011234538,0.9321377038955688,-0.0928252699390813
densenet121,outputs/densenet121_seed456,5114,1,1,0.9138051244375988,0.3070293064180518,0.9712834239006044,-0.0758601993106297
densenet121,outputs/densenet121_seed456,107,1,1,0.7968672668836287,0.1309719115484431,0.992416262626648,-0.0973539089465196
densenet121,outputs/densenet121_seed456,10443,1,1,0.7313069882808207,0.1205746440953209,0.9048478007316588,-0.0963569627979899
densenet121,outputs/densenet121_seed456,5117,1,1,0.9214877929480564,0.4590489913525601,0.9698779821395874,-0.0043465002708718
densenet121,outputs/densenet121_seed456,27764,1,1,0.795212583690386,0.1340359447742969,0.955046820640564,-0.0071786429384355
densenet121,outputs/densenet121_seed456,31588,1,1,0.4609521780000118,0.8971684051486193,0.985289466381073,-0.0480711717721621
densenet121,outputs/densenet121_seed456,5131,1,1,0.9002500998192033,0.6036315872762827,0.7484059810638428,-0.0382993646087353
densenet121,outputs/densenet121_seed456,1761,1,1,0.8126293772890278,0.1223254016178511,0.7770303010940551,-0.065787302021242
densenet121,outputs/densenet121_seed456,34288,1,1,0.8244122207033797,0.3028091347012793,0.9902982711791992,-0.1403072672690236
densenet121,outputs/densenet121_seed456,26309,1,1,0.5945150779636208,0.1407809496444088,0.9715501546859742,-0.0439803988628799
densenet121,outputs/densenet121_seed456,21752,1,1,0.9104736558444486,0.6256545170164429,0.980810844898224,-0.0472295680589982
densenet121,outputs/densenet121_seed456,20801,1,1,0.8001871038958512,0.2476890008027976,0.9656378507614136,-0.3439452088434405
densenet121,outputs/densenet121_seed456,17666,1,1,0.718856490002679,0.5318509952997736,0.8840512990951538,-0.0341349374410123
densenet121,outputs/densenet121_seed456,16706,1,1,0.8909988043415922,0.0816239186391403,0.9730355739593506,-0.1116072002845825
densenet121,outputs/densenet121_seed456,6553,1,1,0.8974964166971233,0.7090717327306493,0.9788099527359008,-0.1437621057115934
densenet121,outputs/densenet121_seed456,18583,1,1,0.959399296984202,0.0249351136733371,0.9892104268074036,-0.2840169332273994
densenet121,outputs/densenet121_seed456,20787,1,1,0.6779705506981468,0.165466765118025,0.8841206073760987,-0.2278386745197849
densenet121,outputs/densenet121_seed456,33870,1,0,0.9157199711262364,0.3706035324989898,0.9801613807678222,0.081480315100418
densenet121,outputs/densenet121_seed456,19563,1,1,0.9131968104613007,0.2521877888472339,0.967632496356964,-0.4813127245512553
densenet121,outputs/densenet121_seed456,2399,2,2,0.6825980956103892,0.6385952464559617,0.9466302633285524,-0.0337038810573849
densenet121,outputs/densenet121_seed456,4407,2,2,0.3632257147334427,0.7687858708483897,0.9055715084075928,0.0620261307297568
densenet121,outputs/densenet121_seed456,2272,2,2,0.7002120586685243,0.5255171216506065,0.8042120814323426,0.010448695354776
densenet121,outputs/densenet121_seed456,2489,2,2,0.6010219500092121,0.7458329009299314,0.9899762511253356,-0.0004314756199167
densenet121,outputs/densenet121_seed456,1496,2,2,0.4253207648674983,0.6546394273802123,0.9980326175689698,-0.0169646467356818
densenet121,outputs/densenet121_seed456,2232,2,2,0.7035975840408392,0.7312682377135482,0.9027753829956054,-0.0181752904012961
densenet121,outputs/densenet121_seed456,2415,2,2,0.6120422907427354,0.6791332969949069,0.9291364431381226,-0.0208820355657905
densenet121,outputs/densenet121_seed456,2382,2,2,0.6839820946354233,0.6390301656376332,0.9268991708755492,0.0017962745583334
densenet121,outputs/densenet121_seed456,2510,2,2,0.6910070637113525,0.7730088488954416,0.99162677526474,-0.0057764549202783
densenet121,outputs/densenet121_seed456,19664,2,2,0.7059935467043646,0.7013049136291281,0.995425832271576,-0.0556089613469613
densenet121,outputs/densenet121_seed456,2740,2,2,0.6976354894766427,0.7405995100057063,0.9527732372283936,-0.0191709041085938
densenet121,outputs/densenet121_seed456,4872,2,2,0.4137942697131664,0.6237114869612486,0.994667625427246,0.0118365064191841
densenet121,outputs/densenet121_seed456,4574,2,2,0.5661974414429742,0.7441046131684244,0.9846354126930236,-0.0430370646178264
densenet121,outputs/densenet121_seed456,4029,2,2,0.8128515564414585,0.6859693165711158,0.9958443760871888,0.0165927740055617
densenet121,outputs/densenet121_seed456,18720,2,2,0.4551366670162936,0.6977857168652386,0.991020679473877,0.0066057747672199
densenet121,outputs/densenet121_seed456,1514,2,2,0.650467107328555,0.7312978844259399,0.9954529404640198,0.0066098927989266
densenet121,outputs/densenet121_seed456,1550,2,2,0.6983602556027401,0.7759953536460846,0.988284718990326,-0.0245293247912147
densenet121,outputs/densenet121_seed456,4564,2,2,0.5924434959447997,0.7721452679658165,0.9127727508544922,-0.0216820218945016
densenet121,outputs/densenet121_seed456,4498,2,2,0.7197737243447022,0.7589783973111517,0.9726685643196106,-0.043474648714485
densenet121,outputs/densenet121_seed456,1557,2,2,0.4488857217932126,0.6651926452195178,0.9852122306823732,-0.0702419996380944
densenet121,outputs/densenet121_seed456,2195,2,2,0.7223942075065183,0.7108899236636981,0.992980420589447,-0.0278476532679264
densenet121,outputs/densenet121_seed456,2545,2,2,0.7857776115775649,0.7033276587470263,0.993864643573761,0.0194253160487291
densenet121,outputs/densenet121_seed456,12693,3,0,0.6779858213631087,0.2157473084786261,0.9955706238746644,0.1190352847429595
densenet121,outputs/densenet121_seed456,4750,3,3,0.2888798115103981,0.7222898583082014,0.9922950744628908,0.030006049427679
densenet121,outputs/densenet121_seed456,18268,3,3,0.3427231003383024,0.7985072252413232,0.9582064986228944,0.1272242800184979
densenet121,outputs/densenet121_seed456,18844,3,3,0.9466221215550236,0.3394236785143398,0.9625025272369384,-0.1048228288267308
densenet121,outputs/densenet121_seed456,29937,3,3,0.794337083032346,0.4974599080274093,0.98835506439209,-0.2019537461422358
densenet121,outputs/densenet121_seed456,1367,3,3,0.6627134720383765,0.547596572376861,0.9953872561454772,-0.0096331127242989
densenet121,outputs/densenet121_seed456,26201,3,3,0.8898951828952875,0.2228572871503548,0.8283580780029297,-0.256437815277458
densenet121,outputs/densenet121_seed456,7843,3,0,0.5415837569871655,0.1977111463856999,0.1624507665634155,0.0704123378025038
densenet121,outputs/densenet121_seed456,25933,3,1,0.1873058928007776,0.2221942795123013,0.7804123520851135,-0.0530033226645528
densenet121,outputs/densenet121_seed456,7777,3,3,0.9071051169168244,0.4489663660097108,0.9913673043251038,-0.1252730971544496
densenet121,outputs/densenet121_seed456,3199,3,3,0.6223616537665748,0.3725157154707244,0.9915092945098876,-0.072454330413618
densenet121,outputs/densenet121_seed456,1633,3,3,0.9213713076497614,0.2135666905168467,0.9788116216659546,-0.1890539380593535
densenet121,outputs/densenet121_seed456,5569,3,4,0.2863158556414191,0.2807092293532039,0.9943900346755982,0.0576833036670473
densenet121,outputs/densenet121_seed456,32022,3,3,0.7191646596702768,0.4676554141768191,0.984145438671112,-0.2049627099628281
densenet121,outputs/densenet121_seed456,4352,3,3,0.9539478746298612,0.7598582000727987,0.9872137665748596,-0.2264661636419224
densenet121,outputs/densenet121_seed456,5398,3,3,0.5856802844780304,0.5836040486843928,0.9911633253097534,-0.0492554058600845
densenet121,outputs/densenet121_seed456,1836,3,3,0.2327869863736245,0.7604557045899583,0.0,0.0
densenet121,outputs/densenet121_seed456,6819,3,3,0.8482345108530751,0.92660950089315,0.9860373854637146,-0.0195303201990162
densenet121,outputs/densenet121_seed456,30428,3,3,0.3717719812326407,0.8594795659267191,0.981155836582184,0.0693204070089623
densenet121,outputs/densenet121_seed456,11121,3,3,0.9197872465294524,0.0745797405278466,0.9643433570861816,-0.1016950751391968
densenet121,outputs/densenet121_seed456,34333,3,3,0.926946141397039,0.3728170719134525,0.8560422182083129,-0.1693075472920845
densenet121,outputs/densenet121_seed456,11558,3,3,0.8350573723783867,0.4352785743496241,0.8562576174736023,-0.0923541636134727
densenet121,outputs/densenet121_seed456,15095,4,4,0.4676301119036184,0.5101825281534622,0.9915781140327452,0.0141609488499849
densenet121,outputs/densenet121_seed456,5482,4,4,0.4514854750315201,0.6575412964518834,0.9954305410385133,0.0191226248348273
densenet121,outputs/densenet121_seed456,27612,4,4,0.523185653877966,0.4730168777211684,0.9956207871437072,0.0118930912243687
densenet121,outputs/densenet121_seed456,9711,4,4,0.2986710114378993,0.574621810116752,0.9760334253311156,0.0398605994458583
densenet121,outputs/densenet121_seed456,2485,4,4,0.5215084248274701,0.4686906363151197,0.9979831218719484,-0.0373564767245284
densenet121,outputs/densenet121_seed456,25055,4,4,0.3022900864492361,0.6553612574391884,0.9941727876663208,0.0737931661225252
densenet121,outputs/densenet121_seed456,25226,4,0,0.4786383162554557,0.6215020461568201,0.9723068952560424,0.0356272058126087
densenet121,outputs/densenet121_seed456,2517,4,4,0.5225548505431838,0.522000723916908,0.9977591514587404,-0.0186146547163221
densenet121,outputs/densenet121_seed456,3986,4,4,0.2906931736569051,0.6135970087053334,0.9977992296218872,0.0018591583736343
densenet121,outputs/densenet121_seed456,5449,4,4,0.4517842803995174,0.3208223720924278,0.9569607138633728,0.002355560322858
densenet121,outputs/densenet121_seed456,25650,4,4,0.5977024287619974,0.3883027650915656,0.9891777157783508,-0.0209851330919335
densenet121,outputs/densenet121_seed456,5353,4,4,0.4531271267477483,0.5497361185095205,0.9864806771278382,-0.0206876965404572
densenet121,outputs/densenet121_seed456,13786,4,4,0.3128575282245331,0.6585810492514542,0.9908527255058288,0.0433315136320658
densenet121,outputs/densenet121_seed456,4322,4,4,0.4622596773290582,0.5782360927984022,0.9962032198905943,0.0070193946482737
densenet121,outputs/densenet121_seed456,25639,4,0,0.6814601682708599,0.695975556349822,0.0,0.0
densenet121,outputs/densenet121_seed456,25205,4,4,0.3227836111207471,0.6785004483738585,0.9944987535476684,0.0573823552683373
densenet121,outputs/densenet121_seed456,1831,4,4,0.5259156951412661,0.5267332225760661,0.9992645502090454,-0.0322444698675618
densenet121,outputs/densenet121_seed456,3536,4,4,0.3038253373774535,0.5719889435655855,0.9988517045974732,0.0647277950868886
densenet121,outputs/densenet121_seed456,2096,4,4,0.4825236149145377,0.508913644649548,0.9959017395973204,0.0101327245055626
densenet121,outputs/densenet121_seed456,5469,4,4,0.520867286818827,0.4263679374805198,0.9983000874519348,0.0063910554109336
densenet121,outputs/densenet121_seed456,5050,4,4,0.52097809122288,0.4731202264359652,0.994787895679474,-0.0687285059637539
densenet121,outputs/densenet121_seed456,25655,4,4,0.6698598187303256,0.3226435882329526,0.9750538229942322,0.0349327451520159
densenet121,outputs/densenet121_seed456,25122,5,5,0.7574315613583167,0.9581940240750556,0.9599838972091674,0.0031045535021738
densenet121,outputs/densenet121_seed456,25439,5,5,0.7488863624525948,0.2041784941979812,0.9037333130836488,-0.0625095557088637
densenet121,outputs/densenet121_seed456,12884,5,5,0.5315901247617616,0.4078180230476,0.9106890559196472,0.0186195401397587
densenet121,outputs/densenet121_seed456,29842,5,5,0.4072817668010131,0.1440784834482693,0.5768808722496033,-0.023552061747675
densenet121,outputs/densenet121_seed456,4418,5,5,0.4586476184786789,0.7013962138397574,0.9913485884666444,0.0334823619217397
densenet121,outputs/densenet121_seed456,3147,5,5,0.435325672485383,0.7629715535713886,0.974335503578186,0.0575818478776663
densenet121,outputs/densenet121_seed456,10773,5,5,0.2427756864629415,0.2741383059131905,0.9764646887779236,0.00193814165831
densenet121,outputs/densenet121_seed456,12766,5,5,0.3078532793816819,0.2765834312859907,0.8326215028762818,-0.0547974281303037
densenet121,outputs/densenet121_seed456,30524,5,3,0.8102355509511909,0.3844470043652563,0.8761072635650635,-0.0653604909322429
densenet121,outputs/densenet121_seed456,1993,5,5,0.976710713992361,0.8885056173166959,0.9947270631790162,0.0237229384049307
densenet121,outputs/densenet121_seed456,1632,5,5,0.7498490671187028,0.8428053782845382,0.995638918876648,-0.0016432720405901
densenet121,outputs/densenet121_seed456,2903,5,5,0.3378335942816193,0.9784335029544308,0.9883414268493652,0.0398560917343939
densenet121,outputs/densenet121_seed456,4288,5,5,0.5099447582974701,0.9768727723276244,0.9890600562095642,0.0495061085010827
densenet121,outputs/densenet121_seed456,26488,5,5,0.3850639827779307,0.3659206867806688,0.9943911671638488,-0.0513392667735058
densenet121,outputs/densenet121_seed456,2127,5,5,0.0854829479794716,0.9869964355020784,0.897142481803894,-0.01301857858963
densenet121,outputs/densenet121_seed456,31012,5,5,0.47002112071136,0.8346252803894458,0.9771432638168336,-0.0216706792753821
densenet121,outputs/densenet121_seed456,26627,5,5,0.3296124064820773,0.4738979731416179,0.9694324970245362,-0.0116578301997699
densenet121,outputs/densenet121_seed456,19032,5,1,0.1486080272118322,0.614897299928316,0.9888270020484924,-0.1114552505312793
densenet121,outputs/densenet121_seed456,1301,5,5,0.2541443303957216,0.8856591447838582,0.9983016967773436,0.0626860739336102
densenet121,outputs/densenet121_seed456,21284,5,5,0.5748391872822651,0.3467034698662701,0.9585298299789428,0.047340634356387
densenet121,outputs/densenet121_seed456,2304,5,5,0.6253101396578131,0.970666897832416,0.9943277835845948,0.0793861675130881
densenet121,outputs/densenet121_seed456,32350,5,5,0.5369415505917635,0.499803733400082,0.9812685251235962,0.0192300070996726
densenet121,outputs/densenet121_seed456,4090,6,6,0.2923332214930915,0.5422565600610474,0.98849116563797,0.0941699342376399
densenet121,outputs/densenet121_seed456,1458,6,6,0.3612308424992158,0.3565736203230836,0.9944276213645936,-0.0403172665092087
densenet121,outputs/densenet121_seed456,9806,6,6,0.2905285059855316,0.4649508258242639,0.9854153156280516,0.0378696443462903
densenet121,outputs/densenet121_seed456,5362,6,6,0.3809881028526158,0.4575704354839337,0.989296555519104,0.0877840212105594
densenet121,outputs/densenet121_seed456,20186,6,6,0.5532580784721194,0.4967233032816095,0.994991409778595,0.0113467287774078
densenet121,outputs/densenet121_seed456,13709,6,6,0.4472523476380021,0.4101888961275547,0.987315559387207,0.0269387940293751
densenet121,outputs/densenet121_seed456,4101,6,6,0.1006773768485504,0.5746157836095322,0.9905564785003662,0.2943539905461991
densenet121,outputs/densenet121_seed456,25601,6,6,0.1685628056007152,0.3000443387307211,0.992278802394867,0.0206189826081582
densenet121,outputs/densenet121_seed456,4094,6,6,0.2431369484603644,0.5128369916973381,0.9983761787414552,0.2286725098250292
densenet121,outputs/densenet121_seed456,25595,6,6,0.1208028059127706,0.4616908282822139,0.993224549293518,0.2253375648009289
densenet121,outputs/densenet121_seed456,4100,6,6,0.2239065987009381,0.431266750576066,0.9952662825584412,0.2395051974126578
densenet121,outputs/densenet121_seed456,6861,6,6,0.2136051716856321,0.3689421967286391,0.9819447636604308,0.073266677804105
densenet121,outputs/densenet121_seed456,4593,6,6,0.1221426734989306,0.5179743146317918,0.9906949996948242,0.3583156545339653
densenet121,outputs/densenet121_seed456,9904,6,6,0.1127003102120441,0.5012880760212004,0.9762626886367798,0.1736874773645698
densenet121,outputs/densenet121_seed456,9906,6,4,0.4189297998700272,0.4014572103736342,0.997462558746338,0.1481313499636564
densenet121,outputs/densenet121_seed456,18601,6,6,0.4003152582175214,0.3788078924671253,0.998618459701538,-0.0240183664020791
densenet121,outputs/densenet121_seed456,4584,6,6,0.2184288187938386,0.4907859934678953,0.9970722913742064,0.272514636912419
densenet121,outputs/densenet121_seed456,9143,6,6,0.5303927384449512,0.4468839721994645,0.9939432382583618,0.1236302819988252
densenet121,outputs/densenet121_seed456,7916,6,6,0.2042059039356637,0.5706781348067793,0.995242428779602,0.1830855847888532
densenet121,outputs/densenet121_seed456,16545,6,6,0.1869986248590415,0.2306192967549888,0.994751262664795,0.3635977921195905
densenet121,outputs/densenet121_seed456,3044,6,6,0.5996145611370735,0.6849474460951954,0.998082399368286,0.0389040444379409
densenet121,outputs/densenet121_seed456,2299,6,6,0.1975745075020554,0.3194972889022434,0.9940632343292236,0.0988193479979828
densenet121,outputs/densenet121_seed456,4121,7,7,0.2398464295669571,0.6253758263126442,0.9964558124542237,0.0453197816532776
densenet121,outputs/densenet121_seed456,4150,7,7,0.2580719825753693,0.5620060534284438,0.993537712097168,0.3168228940821876
densenet121,outputs/densenet121_seed456,10215,7,7,0.223730906401915,0.4940978807044675,0.978744649887085,0.0566155422630224
densenet121,outputs/densenet121_seed456,4160,7,7,0.2493639458239585,0.5954085067264081,0.9882551193237304,0.1342564410695106
densenet121,outputs/densenet121_seed456,4109,7,7,0.489601505088201,0.3063029992095369,0.9986169815063476,0.3418929634641018
densenet121,outputs/densenet121_seed456,10845,7,7,0.4478612334553312,0.266720701217378,0.9988869786262512,0.0464577341203883
densenet121,outputs/densenet121_seed456,4113,7,7,0.3240072736590176,0.2516650316068998,0.9950468182563782,0.1529451349434757
densenet121,outputs/densenet121_seed456,4174,7,7,0.4490746241980629,0.2878865618815286,0.998078727722168,0.2384926424665854
densenet121,outputs/densenet121_seed456,4951,7,7,0.0701449155332843,0.2120104882988173,0.971484386920929,0.070305132560731
densenet121,outputs/densenet121_seed456,4139,7,7,0.4427863556942676,0.5920293327537869,0.9995604872703552,-0.0053676385272604
densenet121,outputs/densenet121_seed456,4136,7,7,0.5242079525804779,0.3539080167820877,0.997360336780548,-0.0290896419427599
densenet121,outputs/densenet121_seed456,4114,7,7,0.4965497463797944,0.2870242819923437,0.9990226984024048,0.0717194754394649
densenet121,outputs/densenet121_seed456,4087,7,7,0.2245595251278722,0.5709647356800438,0.994312822818756,0.1563181022595002
densenet121,outputs/densenet121_seed456,4110,7,7,0.5397263706971427,0.2930758957340674,0.9977726221084596,0.1020310112856713
densenet121,outputs/densenet121_seed456,1627,7,7,0.1974931292977765,0.6285344085578634,0.995757234096527,0.1405399134478736
densenet121,outputs/densenet121_seed456,10935,7,7,0.2735935814016456,0.2826021176224071,0.9953507304191588,0.0442714733366815
densenet121,outputs/densenet121_seed456,4606,7,7,0.2656807190618346,0.4664979088043452,0.9974222660064698,0.2610545027090812
densenet121,outputs/densenet121_seed456,4164,7,7,0.4471385505748769,0.6103259942507696,0.999699079990387,0.0475638201026068
densenet121,outputs/densenet121_seed456,26687,7,7,0.1755859252275647,0.4055098846178797,0.9979506611824036,0.0324970851579789
densenet121,outputs/densenet121_seed456,4169,7,7,0.4746918799844935,0.6155086548277052,0.9989809155464172,-0.1835230248954991
densenet121,outputs/densenet121_seed456,4605,7,7,0.2612209602258305,0.6196469776051656,0.997192656993866,0.2157766066310209
densenet121,outputs/densenet121_seed456,10918,7,7,0.4025389737267162,0.5590539263033345,0.9879731416702272,-0.0362081725501469
densenet121,outputs/densenet121_seed456,20030,8,6,0.3655933343992267,0.514848117147323,0.9969167232513428,-0.0333561338943655
densenet121,outputs/densenet121_seed456,29752,8,8,0.1735782733777161,0.1698390053095722,1.0,0.2211968271334707
densenet121,outputs/densenet121_seed456,25340,8,8,0.0203474343925438,0.021254329476968,0.8965845584869385,0.1631148816818969
densenet121,outputs/densenet121_seed456,994,8,6,0.4238932347048701,0.3195589387417895,0.9942036271095276,0.0557067440579609
densenet121,outputs/densenet121_seed456,25590,8,8,0.073096558699448,0.0766673890773094,0.9778685569763184,0.1987219120477711
densenet121,outputs/densenet121_seed456,19770,8,8,0.2552859360544171,0.1754303210589424,0.9910004377365113,-0.043587115869006
densenet121,outputs/densenet121_seed456,3534,8,8,0.2479833961100077,0.1750591446217222,0.9628479838371276,-0.0596517798224033
densenet121,outputs/densenet121_seed456,19860,8,8,0.0141942988874748,0.0460063567743211,0.9671709179878236,0.225839961010984
densenet121,outputs/densenet121_seed456,25599,8,8,0.1723525662164996,0.1245758387993683,0.9709554433822633,0.2213693488411996
densenet121,outputs/densenet121_seed456,19849,8,8,0.1210212575422981,0.1052468622737047,0.9747119903564452,0.2264788574476176
densenet121,outputs/densenet121_seed456,25604,8,8,0.0566898722302686,0.0548016967876225,0.899970006942749,0.1573867255899753
densenet121,outputs/densenet121_seed456,3628,8,8,0.1578468221716918,0.0796535399777207,0.9760658144950868,0.2548806038671109
densenet121,outputs/densenet121_seed456,24624,8,6,0.2709659414719243,0.4967350936366673,0.9930906534194948,-0.1567456200509371
densenet121,outputs/densenet121_seed456,19741,8,8,0.2260214969323676,0.1748007143059843,0.990688407421112,-0.0541602128145815
densenet121,outputs/densenet121_seed456,19783,8,8,0.2144729020712385,0.1298147227397628,0.9844008445739746,0.1829384484558138
densenet121,outputs/densenet121_seed456,14473,8,8,0.0303262277880675,0.052268326804463,0.9655033111572264,0.2688514856637096
densenet121,outputs/densenet121_seed456,34331,8,8,0.1417736491434208,0.1200294760551538,0.8847855567932129,-0.0816786280861951
densenet121,outputs/densenet121_seed456,33036,8,8,0.0246764526455156,0.0235878612827165,0.9379085063934326,-0.0644972822083362
densenet121,outputs/densenet121_seed456,25277,8,8,0.0784101852668386,0.1237074286180395,0.9592664957046508,0.1522993208608608
densenet121,outputs/densenet121_seed456,7807,8,8,0.218981505966853,0.1808027350691982,0.7916188359260559,0.130276759892042
densenet121,outputs/densenet121_seed456,25320,8,8,0.1731957726911424,0.1248206589346162,0.9872416973114012,0.0250311092254558
densenet121,outputs/densenet121_seed456,527,8,8,0.2267520501064805,0.194078280043267,0.9962219715118408,-0.0263980734795709
vit_tiny,outputs/run0_vit_tiny_v3,11598,0,0,0.4467641573573928,0.9651180607761488,0.7395634651184082,0.2239710151897508
vit_tiny,outputs/run0_vit_tiny_v3,8612,0,0,0.4325213331012492,0.7353581401112024,0.7944975733757019,0.3357566522817256
vit_tiny,outputs/run0_vit_tiny_v3,32384,0,0,0.6617995994602097,0.9138902754202718,0.7340896010398865,0.2961488047455579
vit_tiny,outputs/run0_vit_tiny_v3,22088,0,0,0.7408641352085397,0.7809901217806328,0.8382501363754272,0.3284237910525583
vit_tiny,outputs/run0_vit_tiny_v3,1258,0,0,0.6248491761507466,0.6778432943601729,0.800277853012085,0.3690270811702314
vit_tiny,outputs/run0_vit_tiny_v3,3882,0,2,0.0281697350294152,0.6336334302030586,0.7785914778709412,0.2968642789109944
vit_tiny,outputs/run0_vit_tiny_v3,26021,0,3,0.2401152167451528,0.714975610782858,0.8502055644989014,0.2975285852920901
vit_tiny,outputs/run0_vit_tiny_v3,28706,0,0,0.2527736533156712,0.9664850997651228,0.7551011919975281,0.1779441634551607
vit_tiny,outputs/run0_vit_tiny_v3,12774,0,0,0.6197037624078803,0.8641330452956026,0.6949599385261536,0.2789015370611391
vit_tiny,outputs/run0_vit_tiny_v3,20577,0,0,0.6726144752319669,0.9120708914852004,0.7592085361480713,0.3096981390529558
vit_tiny,outputs/run0_vit_tiny_v3,20069,0,0,0.5776262437866535,0.8727576087549096,0.7619668126106263,0.3534077138743461
vit_tiny,outputs/run0_vit_tiny_v3,22989,0,0,0.6817605488322442,0.7890742260510706,0.8176194071769715,0.3642662851850126
vit_tiny,outputs/run0_vit_tiny_v3,19017,0,0,0.7538903327513253,0.7325127509284357,0.780531108379364,0.344894127554607
vit_tiny,outputs/run0_vit_tiny_v3,31697,0,0,0.6758047461917158,0.9552580188465072,0.7286612510681152,0.2443278918142133
vit_tiny,outputs/run0_vit_tiny_v3,23363,0,0,0.8633933318633353,0.960781687448616,0.7561101078987121,0.3272223442037351
vit_tiny,outputs/run0_vit_tiny_v3,18777,0,0,0.7172555901197484,0.6577198021579989,0.8603531002998352,0.3756105268021614
vit_tiny,outputs/run0_vit_tiny_v3,11832,0,0,0.4927768034540349,0.8677742147556273,0.6997756481170654,0.210585446772106
vit_tiny,outputs/run0_vit_tiny_v3,28618,0,0,0.4919939300525584,0.9105705894908168,0.6927859783172607,0.1966323609338382
vit_tiny,outputs/run0_vit_tiny_v3,22858,0,0,0.8251140627107816,0.8896870570461033,0.8495050191879272,0.308330970679061
vit_tiny,outputs/run0_vit_tiny_v3,511,0,3,0.1180449637149649,0.4398427537962561,0.8293018579483032,0.4267535583449918
vit_tiny,outputs/run0_vit_tiny_v3,29736,0,0,0.6784436927118804,0.94181192528049,0.8588663697242737,0.2653831218926038
vit_tiny,outputs/run0_vit_tiny_v3,33474,0,0,0.6590674243489048,0.9646656905970304,0.7483867764472961,0.283489540988807
vit_tiny,outputs/run0_vit_tiny_v3,25573,1,0,0.6471647819853388,0.60364208568717,0.8466728210449219,0.3616862834661864
vit_tiny,outputs/run0_vit_tiny_v3,4312,1,1,0.0550166687150408,0.9658983735913012,0.9620091438293455,0.5346636485090898
vit_tiny,outputs/run0_vit_tiny_v3,24225,1,1,0.0259600843847067,0.959208004312643,0.7105387330055237,0.3171198217333184
vit_tiny,outputs/run0_vit_tiny_v3,5114,1,2,0.0231078024358168,0.5550969453634984,0.8684974312782288,0.4520713137634412
vit_tiny,outputs/run0_vit_tiny_v3,107,1,0,0.8458112507796613,0.5272469575509149,0.8719246506690979,0.427404941260726
vit_tiny,outputs/run0_vit_tiny_v3,10443,1,3,0.0678830553051739,0.8903854692180175,0.8682246923446655,0.3351766669413782
vit_tiny,outputs/run0_vit_tiny_v3,5117,1,1,0.0248441093670521,0.9429526606305104,0.848353385925293,0.4374066449294178
vit_tiny,outputs/run0_vit_tiny_v3,27764,1,1,0.0240213933211066,0.8772327379170406,0.730319595336914,0.250314498170945
vit_tiny,outputs/run0_vit_tiny_v3,31588,1,1,0.0245756864267718,0.903168857757521,0.8567154765129089,0.4424675832550454
vit_tiny,outputs/run0_vit_tiny_v3,5131,1,2,0.0272607367532558,0.886236652331359,0.7797462821006775,0.4197319138620809
vit_tiny,outputs/run0_vit_tiny_v3,1761,1,1,0.0269825811510031,0.9233407507322796,0.6878551363945007,0.3009087468546848
vit_tiny,outputs/run0_vit_tiny_v3,34288,1,2,0.0863912526782222,0.6375980845166218,0.8855543375015259,0.433309879635151
vit_tiny,outputs/run0_vit_tiny_v3,26309,1,1,0.0148139689829633,0.5547256090699761,0.7370485424995422,0.3095225822177743
vit_tiny,outputs/run0_vit_tiny_v3,21752,1,2,0.0432960671749143,0.8721612797599896,0.906356716156006,0.3706334233114866
vit_tiny,outputs/run0_vit_tiny_v3,20801,1,1,0.0776894303446624,0.9276555602169196,0.948279905319214,0.5257056754833364
vit_tiny,outputs/run0_vit_tiny_v3,17666,1,0,0.7464224628492957,0.3560075718123698,0.771221399307251,0.319003660591452
vit_tiny,outputs/run0_vit_tiny_v3,16706,1,1,0.0356082515061757,0.8876219845747642,0.904866349697113,0.4530475290914481
vit_tiny,outputs/run0_vit_tiny_v3,6553,1,1,0.0988993881291264,0.9443569910559404,0.945867395401001,0.4591191020958048
vit_tiny,outputs/run0_vit_tiny_v3,18583,1,1,0.026128570076878,0.9612377143835716,0.9029984831809996,0.4276127095158658
vit_tiny,outputs/run0_vit_tiny_v3,20787,1,1,0.0294704104712195,0.9483145351019288,0.9099221229553224,0.4282477671545555
vit_tiny,outputs/run0_vit_tiny_v3,33870,1,0,0.6136405442812247,0.9359574473201064,0.6101116836071014,0.2429202857893627
vit_tiny,outputs/run0_vit_tiny_v3,19563,1,1,0.299575969671821,0.7816436975384136,0.980530035495758,0.4632625046683579
vit_tiny,outputs/run0_vit_tiny_v3,2399,2,2,0.1082386889496653,0.9709103119254046,0.878218924999237,0.3831593669864185
vit_tiny,outputs/run0_vit_tiny_v3,4407,2,2,0.0699514982247855,0.9379531826576616,0.8247081518173218,0.1993829090490445
vit_tiny,outputs/run0_vit_tiny_v3,2272,2,2,0.1178430706234507,0.9708252321157538,0.8763206124305725,0.3167542566022774
vit_tiny,outputs/run0_vit_tiny_v3,2489,2,2,0.0679952085814399,0.9658881570372664,0.907643485069275,0.4608452271866899
vit_tiny,outputs/run0_vit_tiny_v3,1496,2,2,0.0759059279114993,0.9636505060931136,0.9165244817733764,0.4940561997175127
vit_tiny,outputs/run0_vit_tiny_v3,2232,2,2,0.0953173540736855,0.9708016199452736,0.8645282745361328,0.3457669510326253
vit_tiny,outputs/run0_vit_tiny_v3,2415,2,2,0.0752885727808774,0.9210414067754122,0.8055840253829956,0.3516559926445732
vit_tiny,outputs/run0_vit_tiny_v3,2382,2,2,0.0826576813819244,0.9704902088429712,0.8496457457542419,0.3588512388032362
vit_tiny,outputs/run0_vit_tiny_v3,2510,2,2,0.0447124495576964,0.9707381470230808,0.8824490666389465,0.4284196032909071
vit_tiny,outputs/run0_vit_tiny_v3,19664,2,2,0.0742245767867881,0.9682183938726716,0.9171005606651306,0.4543493950908771
vit_tiny,outputs/run0_vit_tiny_v3,2740,2,2,0.0893187065715892,0.9358486833967667,0.8592444062232971,0.3929576953904807
vit_tiny,outputs/run0_vit_tiny_v3,4872,2,2,0.0751773085243279,0.936396397287904,0.8547014236450196,0.4482335049433451
vit_tiny,outputs/run0_vit_tiny_v3,4574,2,2,0.0724139237410668,0.9249210701978932,0.8147038459777832,0.3422436992148063
vit_tiny,outputs/run0_vit_tiny_v3,4029,2,2,0.0761013719178116,0.936951734519976,0.8411137223243713,0.3978878219287007
vit_tiny,outputs/run0_vit_tiny_v3,18720,2,2,0.1495747460558849,0.8205726318858346,0.8757038474082947,0.4832790137504149
vit_tiny,outputs/run0_vit_tiny_v3,1514,2,2,0.0749377561635267,0.970375306571082,0.9077577233314514,0.4775301844477602
vit_tiny,outputs/run0_vit_tiny_v3,1550,2,2,0.073225986129195,0.9327108570447358,0.8892549753189087,0.442887618119144
vit_tiny,outputs/run0_vit_tiny_v3,4564,2,2,0.1140515325322901,0.923217191529698,0.7649438500404357,0.3283522833446432
vit_tiny,outputs/run0_vit_tiny_v3,4498,2,2,0.0862387061777667,0.9680350655849956,0.8429073572158814,0.3694649165010446
vit_tiny,outputs/run0_vit_tiny_v3,1557,2,2,0.0973311000504555,0.9167767296852212,0.8848309516906738,0.4298115476707399
vit_tiny,outputs/run0_vit_tiny_v3,2195,2,2,0.0748548597045974,0.9705543096220984,0.87497878074646,0.4581062331360651
vit_tiny,outputs/run0_vit_tiny_v3,2545,2,2,0.0987623829750568,0.9222242295723896,0.8526862382888794,0.4004629863278405
vit_tiny,outputs/run0_vit_tiny_v3,12693,3,0,0.6205758297146531,0.8687947108555818,0.8125136017799377,0.2887634817571649
vit_tiny,outputs/run0_vit_tiny_v3,4750,3,3,0.3421521799295988,0.9805670691712294,0.6753531575202942,0.1304347485358254
vit_tiny,outputs/run0_vit_tiny_v3,18268,3,3,0.2273478164177049,0.7132069185026921,0.9220175504684448,0.4381249347390601
vit_tiny,outputs/run0_vit_tiny_v3,18844,3,3,0.2184118564497339,0.6203279397741426,0.8715912818908691,0.4278002715277256
vit_tiny,outputs/run0_vit_tiny_v3,29937,3,3,0.1388395551470012,0.7552443928761932,0.943322217464447,0.4266796886572273
vit_tiny,outputs/run0_vit_tiny_v3,1367,3,3,0.4864526695819222,0.9851962583488784,0.8739343762397767,0.2906591265004002
vit_tiny,outputs/run0_vit_tiny_v3,26201,3,3,0.0878002814874889,0.6664041797630489,0.9030692219734192,0.3935742156869266
vit_tiny,outputs/run0_vit_tiny_v3,7843,3,3,0.1506871048851508,0.617920288030291,0.8948641419410706,0.3529854563563651
vit_tiny,outputs/run0_vit_tiny_v3,25933,3,0,0.7157272149052005,0.7676319435850019,0.7201245188713074,0.2325677814715461
vit_tiny,outputs/run0_vit_tiny_v3,7777,3,3,0.2349408822494751,0.9636141526862048,0.9313594937324524,0.4353205043498396
vit_tiny,outputs/run0_vit_tiny_v3,3199,3,3,0.2196151903299323,0.9697376784752124,0.7559446096420288,0.2467970204300617
vit_tiny,outputs/run0_vit_tiny_v3,1633,3,3,0.3364883859608198,0.985746409452986,0.8383740305900573,0.2626993675514466
vit_tiny,outputs/run0_vit_tiny_v3,5569,3,4,0.0226645603774215,0.5992030552533549,0.9132305145263672,0.3342595975315728
vit_tiny,outputs/run0_vit_tiny_v3,32022,3,3,0.0636482981942663,0.9822214959422126,0.8861535310745239,0.4046014521885414
vit_tiny,outputs/run0_vit_tiny_v3,4352,3,3,0.2184396638476755,0.6787018585218902,0.9791568636894226,0.4406075689128999
vit_tiny,outputs/run0_vit_tiny_v3,5398,3,1,0.0266311877500129,0.8455959094040395,0.9045088171958924,0.3531966011293141
vit_tiny,outputs/run0_vit_tiny_v3,1836,3,0,0.1391507761145476,0.4285157256235834,0.7795706391334534,0.1841034629864707
vit_tiny,outputs/run0_vit_tiny_v3,6819,3,3,0.0651876179591681,0.6653668517537881,0.8848043084144592,0.3948338173934708
vit_tiny,outputs/run0_vit_tiny_v3,30428,3,3,0.0549384304024442,0.5947154786990723,0.8913842439651489,0.1843927086088974
vit_tiny,outputs/run0_vit_tiny_v3,11121,3,3,0.3007641488123909,0.8093811902508605,0.7748687744140625,0.2337009793664594
vit_tiny,outputs/run0_vit_tiny_v3,34333,3,3,0.4538950089545324,0.9736482920707203,0.8584800958633423,0.3677771910209592
vit_tiny,outputs/run0_vit_tiny_v3,11558,3,1,0.0210729121146755,0.6052850613369287,0.8192580342292786,0.3554593021424708
vit_tiny,outputs/run0_vit_tiny_v3,15095,4,4,0.0249708196792042,0.8082081958909555,0.9100080609321596,0.400753208126722
vit_tiny,outputs/run0_vit_tiny_v3,5482,4,4,0.0249745324684589,0.7192303780229565,0.9418449521064758,0.3697100619215506
vit_tiny,outputs/run0_vit_tiny_v3,27612,4,4,0.0250522306510134,0.9492448442087776,0.8633657574653626,0.1791853365953493
vit_tiny,outputs/run0_vit_tiny_v3,9711,4,4,0.0219689278891905,0.6589093177717302,0.8779491424560547,0.3704811831911385
vit_tiny,outputs/run0_vit_tiny_v3,2485,4,4,0.0248860106595998,0.948604338109334,0.7862397789955139,0.1771895802953086
vit_tiny,outputs/run0_vit_tiny_v3,25055,4,0,0.7460280009690905,0.7808894433255773,0.686293089389801,0.2594440714127467
vit_tiny,outputs/run0_vit_tiny_v3,25226,4,0,0.5609498730482301,0.7314649840554921,0.727306067943573,0.2856418516203518
vit_tiny,outputs/run0_vit_tiny_v3,2517,4,4,0.025129227559276,0.9628400322744426,0.8174142599105835,0.1198335066530192
vit_tiny,outputs/run0_vit_tiny_v3,3986,4,4,0.0250392466118043,0.9673353780871992,0.9771995425224304,0.5258068275013876
vit_tiny,outputs/run0_vit_tiny_v3,5449,4,4,0.0231362805779866,0.5691127079462319,0.913086712360382,0.3369268996414492
vit_tiny,outputs/run0_vit_tiny_v3,25650,4,4,0.0217587245671779,0.8425578606311035,0.812307620048523,0.3426086821010011
vit_tiny,outputs/run0_vit_tiny_v3,5353,4,4,0.0251749371366045,0.967705576191264,0.9338486194610596,0.3944070738876093
vit_tiny,outputs/run0_vit_tiny_v3,13786,4,4,0.0248639621384683,0.9453186098889717,0.9205201625823974,0.3672724484985936
vit_tiny,outputs/run0_vit_tiny_v3,4322,4,4,0.0251605765547822,0.9686320214004523,0.8934526205062866,0.2225006875168488
vit_tiny,outputs/run0_vit_tiny_v3,25639,4,1,0.0248072986538545,0.9192671422111404,0.6693841695785523,0.3606752119567328
vit_tiny,outputs/run0_vit_tiny_v3,25205,4,4,0.0238014455116797,0.9194988454455312,0.846271300315857,0.2600885795144125
vit_tiny,outputs/run0_vit_tiny_v3,1831,4,4,0.025480082897765,0.970314535492406,0.9271175384521484,0.3433478813174849
vit_tiny,outputs/run0_vit_tiny_v3,3536,4,4,0.0255804139514275,0.9691274777050864,0.9874163150787354,0.5972618664744788
vit_tiny,outputs/run0_vit_tiny_v3,2096,4,4,0.0249626658896673,0.7930412036130008,0.9281369686126708,0.309725467686017
vit_tiny,outputs/run0_vit_tiny_v3,5469,4,4,0.0251121771784355,0.9702144791426406,0.9589059591293336,0.4305146134803992
vit_tiny,outputs/run0_vit_tiny_v3,5050,4,4,0.0250301109165,0.9583097283375251,0.9525254130363464,0.3822254587130356
vit_tiny,outputs/run0_vit_tiny_v3,25655,4,4,0.024943858413323,0.9544869241708228,0.8482626914978028,0.2489347273562444
vit_tiny,outputs/run0_vit_tiny_v3,25122,5,3,0.1415536806180171,0.495485065082903,0.8410144567489624,0.2876686765157868
vit_tiny,outputs/run0_vit_tiny_v3,25439,5,3,0.2555044646842361,0.5621116525435355,0.6460705399513245,0.3103262429083792
vit_tiny,outputs/run0_vit_tiny_v3,12884,5,5,0.0986381015200095,0.7159493220788136,0.7581306219100952,0.214710168395911
vit_tiny,outputs/run0_vit_tiny_v3,29842,5,0,0.5851303980307421,0.7838180620510684,0.7868563175201416,0.2806418318469897
vit_tiny,outputs/run0_vit_tiny_v3,4418,5,0,0.5724944848188898,0.5673494020738872,0.6824832439422608,0.2342254177035469
vit_tiny,outputs/run0_vit_tiny_v3,3147,5,3,0.1510796011524462,0.9780121115036308,0.8048271059989929,0.2721820393078271
vit_tiny,outputs/run0_vit_tiny_v3,10773,5,5,0.0359601738207402,0.5121700102824889,0.7989201068878173,0.3308056376888469
vit_tiny,outputs/run0_vit_tiny_v3,12766,5,1,0.0261099931870489,0.9460705180150056,0.6726015508174896,0.3026158088656144
vit_tiny,outputs/run0_vit_tiny_v3,30524,5,3,0.2807673373513353,0.9782833204662892,0.873406958580017,0.2897233272519411
vit_tiny,outputs/run0_vit_tiny_v3,1993,5,5,0.2787778401579999,0.9365983773714106,0.7454967498779297,0.1911850857202975
vit_tiny,outputs/run0_vit_tiny_v3,1632,5,5,0.3163668563101964,0.864815111108328,0.6580496549606323,0.1239133692912934
vit_tiny,outputs/run0_vit_tiny_v3,2903,5,0,0.3733368195098592,0.8864454732538434,0.687929892539978,0.1818237392673282
vit_tiny,outputs/run0_vit_tiny_v3,4288,5,5,0.3029161558624764,0.9604576236561116,0.7925517559051514,0.1583211807350401
vit_tiny,outputs/run0_vit_tiny_v3,26488,5,0,0.7424555862962734,0.5284283792716451,0.8398596405982971,0.2091320474540725
vit_tiny,outputs/run0_vit_tiny_v3,2127,5,0,0.2564702133386163,0.8197825405950425,0.7702418208122254,0.1917378963718712
vit_tiny,outputs/run0_vit_tiny_v3,31012,5,3,0.0560410203156607,0.8991165917250328,0.9034201025962828,0.4260440816363049
vit_tiny,outputs/run0_vit_tiny_v3,26627,5,3,0.2707238612736091,0.4785369673627428,0.7274196028709412,0.2483737977630913
vit_tiny,outputs/run0_vit_tiny_v3,19032,5,0,0.5644804038747679,0.3213472806983191,0.7912059426307678,0.3963725843432563
vit_tiny,outputs/run0_vit_tiny_v3,1301,5,0,0.652142038794409,0.3574180797822919,0.8560395240783691,0.41088143940084
vit_tiny,outputs/run0_vit_tiny_v3,21284,5,5,0.0774454377115034,0.6042749651060149,0.7209034323692322,0.2694975640200062
vit_tiny,outputs/run0_vit_tiny_v3,2304,5,5,0.3243789739026397,0.947444044850272,0.7563079118728637,0.1169245685327841
vit_tiny,outputs/run0_vit_tiny_v3,32350,5,0,0.6076377317804145,0.8401337290270021,0.8231341361999511,0.3369187647241613
vit_tiny,outputs/run0_vit_tiny_v3,4090,6,6,0.0259795171838845,0.2805601519927805,0.961018657684326,0.2431886233690269
vit_tiny,outputs/run0_vit_tiny_v3,1458,6,6,0.2811674365934458,0.3163794032381943,0.9568063974380492,-0.3294004539038105
vit_tiny,outputs/run0_vit_tiny_v3,9806,6,1,0.032325167894271,0.3411271048335607,0.939530634880066,0.3548939562300458
vit_tiny,outputs/run0_vit_tiny_v3,5362,6,6,0.1768326954122674,0.3700269384470402,0.9668008327484132,0.2148800629065023
vit_tiny,outputs/run0_vit_tiny_v3,20186,6,6,0.3310099187372817,0.3435075733658905,0.956793737411499,-0.0606626796123515
vit_tiny,outputs/run0_vit_tiny_v3,13709,6,6,0.2135013434642303,0.2973061190522728,0.936981439590454,0.2471841482853325
vit_tiny,outputs/run0_vit_tiny_v3,4101,6,6,0.0109012370797447,0.0564427483111913,0.9224502086639405,0.3766491883308645
vit_tiny,outputs/run0_vit_tiny_v3,25601,6,6,0.1050564036094421,0.4682852233500654,0.9450538158416748,-0.374047798885124
vit_tiny,outputs/run0_vit_tiny_v3,4094,6,6,0.125295477582032,0.3927493014474166,0.957416880130768,0.2037053889939694
vit_tiny,outputs/run0_vit_tiny_v3,25595,6,6,0.0988874052802906,0.256823073332491,0.9554538607597352,0.2304125360774526
vit_tiny,outputs/run0_vit_tiny_v3,4100,6,6,0.0262169033380104,0.3351479102146513,0.9553808093070985,0.3010770132032298
vit_tiny,outputs/run0_vit_tiny_v3,6861,6,6,0.1112086803095149,0.0787811480868541,0.9346300959587096,0.2470984744944232
vit_tiny,outputs/run0_vit_tiny_v3,4593,6,6,0.0679566040206651,0.2642029631407396,0.9718119502067566,0.4717760175729358
vit_tiny,outputs/run0_vit_tiny_v3,9904,6,6,0.0264023306935445,0.4519508915582477,0.956851887702942,0.3918614239561867
vit_tiny,outputs/run0_vit_tiny_v3,9906,6,4,0.0249846168399408,0.9595119882778532,0.953115701675415,0.4719853517119542
vit_tiny,outputs/run0_vit_tiny_v3,18601,6,6,0.3498116422386239,0.2196292977372067,0.9578667879104614,-0.2144117629376563
vit_tiny,outputs/run0_vit_tiny_v3,4584,6,6,0.0750113923798778,0.6578002171284894,0.9599795699119568,0.2714201074780862
vit_tiny,outputs/run0_vit_tiny_v3,9143,6,6,0.307997427702972,0.1310243484155719,0.9623338103294372,-0.0934860893091008
vit_tiny,outputs/run0_vit_tiny_v3,7916,6,6,0.1376347985541244,0.5233447130993127,0.934410297870636,0.1862386494736033
vit_tiny,outputs/run0_vit_tiny_v3,16545,6,4,0.0147190222945852,0.1489554509785051,0.968275785446167,0.2796155069687185
vit_tiny,outputs/run0_vit_tiny_v3,3044,6,6,0.3013580209186397,0.5304275320432481,0.9449013471603394,-0.0020734205104253
vit_tiny,outputs/run0_vit_tiny_v3,2299,6,6,0.2044277397603515,0.1058196964690907,0.9457656741142272,0.1785482435777955
vit_tiny,outputs/run0_vit_tiny_v3,4121,7,7,0.0249367370558406,0.9186078742480815,0.9099506378173828,0.3302646282540052
vit_tiny,outputs/run0_vit_tiny_v3,4150,7,7,0.0736760921757415,0.8186000234534703,0.9744873762130736,0.4623161938943128
vit_tiny,outputs/run0_vit_tiny_v3,10215,7,3,0.0459803860271677,0.9009469757729676,0.9023524761199953,0.346846333519808
vit_tiny,outputs/run0_vit_tiny_v3,4160,7,7,0.0266058205703227,0.9000514190088182,0.9560641288757324,0.4262613690806033
vit_tiny,outputs/run0_vit_tiny_v3,4109,7,7,0.1245062972497912,0.6738470885419048,0.9706416368484496,0.4310025060833709
vit_tiny,outputs/run0_vit_tiny_v3,10845,7,7,0.0538198544878518,0.8034788911127606,0.9505833625793456,0.3934465655823366
vit_tiny,outputs/run0_vit_tiny_v3,4113,7,7,0.1248644545356043,0.7710348598507863,0.9552812337875366,0.3833079575165191
vit_tiny,outputs/run0_vit_tiny_v3,4174,7,7,0.1692509879849009,0.8215190808237338,0.9661929607391356,0.4891398845298563
vit_tiny,outputs/run0_vit_tiny_v3,4951,7,3,0.0592459963982037,0.6272012978079147,0.8580344796180726,0.2582331686670724
vit_tiny,outputs/run0_vit_tiny_v3,4139,7,7,0.0746856306355674,0.92190967256316,0.917711341381073,0.4335953197523872
vit_tiny,outputs/run0_vit_tiny_v3,4136,7,7,0.025870542719355,0.8424853498192846,0.9452099442481996,0.4245421362679475
vit_tiny,outputs/run0_vit_tiny_v3,4114,7,7,0.4283391222075163,0.5636722209154073,0.9796930193901062,0.4183264705904524
vit_tiny,outputs/run0_vit_tiny_v3,4087,7,7,0.0252251046030576,0.8582385780825206,0.9403075337409972,0.3749345730030116
vit_tiny,outputs/run0_vit_tiny_v3,4110,7,7,0.1745474265458213,0.7694043992561745,0.9651983618736268,0.467578726540191
vit_tiny,outputs/run0_vit_tiny_v3,1627,7,7,0.0248989140591913,0.8732478214897839,0.9029338002204896,0.339765689906946
vit_tiny,outputs/run0_vit_tiny_v3,10935,7,3,0.0386043833449321,0.8393069238227326,0.903993833065033,0.334617766509001
vit_tiny,outputs/run0_vit_tiny_v3,4606,7,7,0.0745585457872479,0.5165473434462058,0.918446445465088,0.4072087256594088
vit_tiny,outputs/run0_vit_tiny_v3,4164,7,7,0.073325913014596,0.926494433719526,0.9568131685256958,0.4893672505443507
vit_tiny,outputs/run0_vit_tiny_v3,26687,7,7,0.0667563708002116,0.2428194235139358,0.8393041133880615,0.3511449587729436
vit_tiny,outputs/run0_vit_tiny_v3,4169,7,7,0.6075204151330844,0.4250540891736065,0.965928065776825,0.025371968423763
vit_tiny,outputs/run0_vit_tiny_v3,4605,7,7,0.0270493641436964,0.8659493149304325,0.9054571509361268,0.3899277578234598
vit_tiny,outputs/run0_vit_tiny_v3,10918,7,7,0.1166758672385146,0.8614726806232369,0.9471720695495606,0.4455456250011861
vit_tiny,outputs/run0_vit_tiny_v3,20030,8,8,0.120656498554279,0.0250078335970016,0.9357112765312194,-0.2579420444908249
vit_tiny,outputs/run0_vit_tiny_v3,29752,8,8,0.3790608645081104,0.2101931568211306,0.949735963344574,-0.5382848609942941
vit_tiny,outputs/run0_vit_tiny_v3,25340,8,8,0.1242788406105876,0.0790206263594477,0.9427454829216004,-0.3884921238277736
vit_tiny,outputs/run0_vit_tiny_v3,994,8,6,0.3405865111376727,0.3698601134436501,0.9529125452041626,-0.3262855117030159
vit_tiny,outputs/run0_vit_tiny_v3,25590,8,8,0.3741549527399073,0.0250268451696644,0.9536868691444396,-0.5201591081347704
vit_tiny,outputs/run0_vit_tiny_v3,19770,8,8,0.3246088107584697,0.1800227180287663,0.9340086460113526,-0.4929154678702708
vit_tiny,outputs/run0_vit_tiny_v3,3534,8,8,0.374686656871793,0.2345775535936738,0.9561413168907166,-0.4367733074441829
vit_tiny,outputs/run0_vit_tiny_v3,19860,8,8,0.1448027364308153,0.1291784107912157,0.9492479205131532,-0.3468478288549849
vit_tiny,outputs/run0_vit_tiny_v3,25599,8,8,0.37579570543868,0.161582900137704,0.958077561855316,-0.6042497686583256
vit_tiny,outputs/run0_vit_tiny_v3,19849,8,8,0.2590894815348292,0.1291373385365091,0.9626538276672364,-0.357662635114494
vit_tiny,outputs/run0_vit_tiny_v3,25604,8,8,0.1991220976042731,0.0248259951827902,0.9437995195388794,-0.4966402584601094
vit_tiny,outputs/run0_vit_tiny_v3,3628,8,8,0.3240769121181666,0.1287503456076919,0.950441324710846,-0.4890508387396084
vit_tiny,outputs/run0_vit_tiny_v3,24624,8,8,0.1963571849465877,0.0276776541083538,0.9647701025009155,-0.341368246805451
vit_tiny,outputs/run0_vit_tiny_v3,19741,8,8,0.3282599145774885,0.2242833750296142,0.948312783241272,-0.4578819713596836
vit_tiny,outputs/run0_vit_tiny_v3,19783,8,8,0.3237804061119442,0.1316579622088394,0.967834222316742,-0.4415195162556071
vit_tiny,outputs/run0_vit_tiny_v3,14473,8,8,0.223239766183255,0.0276073514215084,0.9728821992874146,-0.2832394508386897
vit_tiny,outputs/run0_vit_tiny_v3,34331,8,8,0.2193065229896715,0.1692415927055996,0.9652843952178956,-0.3792901713188142
vit_tiny,outputs/run0_vit_tiny_v3,33036,8,8,0.3211920124450484,0.0703570932538042,0.9576078414916992,-0.387931279174034
vit_tiny,outputs/run0_vit_tiny_v3,25277,8,8,0.3234077042576375,0.1236333821851998,0.9702783226966858,-0.6361074732544989
vit_tiny,outputs/run0_vit_tiny_v3,7807,8,8,0.3738244222674485,0.2160891925024479,0.9415000915527344,-0.42661243071496
vit_tiny,outputs/run0_vit_tiny_v3,25320,8,8,0.3242900107906399,0.1744559229403393,0.9749053716659546,-0.5543763393249332
vit_tiny,outputs/run0_vit_tiny_v3,527,8,8,0.3749121395366046,0.2241254047403593,0.9608167171478272,-0.4137795438608992
vit_tiny,outputs/vit_tiny_v3_seed123,11598,0,0,0.6694676228798926,0.9065524735779036,0.7440169811248779,0.2052046473914041
vit_tiny,outputs/vit_tiny_v3_seed123,8612,0,5,0.1366006433345319,0.597862704351428,0.6448082447052002,0.291295793592766
vit_tiny,outputs/vit_tiny_v3_seed123,32384,0,0,0.689483814756386,0.9419388852256816,0.611348956823349,0.3033533589777408
vit_tiny,outputs/vit_tiny_v3_seed123,22088,0,0,0.8381897748622578,0.7982876484455801,0.7436527371406555,0.3414878278056219
vit_tiny,outputs/vit_tiny_v3_seed123,1258,0,0,0.7594291849527508,0.526168827456786,0.7336114168167114,0.3371739521952375
vit_tiny,outputs/vit_tiny_v3_seed123,3882,0,0,0.839673708047485,0.4268733335193246,0.6787341117858887,0.1748052444173521
vit_tiny,outputs/vit_tiny_v3_seed123,26021,0,5,0.1743593624069035,0.8355089791912178,0.840562927722931,0.2703724582362592
vit_tiny,outputs/vit_tiny_v3_seed123,28706,0,0,0.6670082879718393,0.9670076763723046,0.7498236060142517,0.1822434279455721
vit_tiny,outputs/vit_tiny_v3_seed123,12774,0,0,0.7522128860437078,0.7554637422290398,0.7004123449325561,0.2046043596985332
vit_tiny,outputs/vit_tiny_v3_seed123,20577,0,0,0.771287819443387,0.9052227868814952,0.7446987271308899,0.272248115337785
vit_tiny,outputs/vit_tiny_v3_seed123,20069,0,0,0.8100401520787273,0.8113643293490895,0.6092334866523743,0.3104070660402085
vit_tiny,outputs/vit_tiny_v3_seed123,22989,0,0,0.6451224576303503,0.6635953935472116,0.6902024745941162,0.3677561760812343
vit_tiny,outputs/vit_tiny_v3_seed123,19017,0,0,0.7644256125495303,0.363302562123863,0.6904889822006226,0.2770448672153339
vit_tiny,outputs/vit_tiny_v3_seed123,31697,0,0,0.5407656181196216,0.9632477454724722,0.7199190735816956,0.2919758250389896
vit_tiny,outputs/vit_tiny_v3_seed123,23363,0,0,0.6387811077875085,0.9191672155429842,0.6874825954437256,0.3487673555309169
vit_tiny,outputs/vit_tiny_v3_seed123,18777,0,0,0.8867907255480532,0.6494858944165571,0.7452638626098633,0.3379481761011171
vit_tiny,outputs/vit_tiny_v3_seed123,11832,0,0,0.652861587703228,0.8208164821844548,0.7041622519493103,0.1964570091061707
vit_tiny,outputs/vit_tiny_v3_seed123,28618,0,0,0.7724843359028455,0.7916973121100455,0.6291759729385376,0.1557110810893734
vit_tiny,outputs/vit_tiny_v3_seed123,22858,0,0,0.5076054962482885,0.9260475575574674,0.8254650473594666,0.3231070195994332
vit_tiny,outputs/vit_tiny_v3_seed123,511,0,0,0.7874637362547219,0.5916689856959465,0.7633626222610473,0.4012596668202672
vit_tiny,outputs/vit_tiny_v3_seed123,29736,0,0,0.7087539352214662,0.7802568399856682,0.8545947670936584,0.2193918587126649
vit_tiny,outputs/vit_tiny_v3_seed123,33474,0,0,0.8332532667845953,0.8911773704749066,0.7531020283699036,0.2005235165249462
vit_tiny,outputs/vit_tiny_v3_seed123,25573,1,1,0.0166671518959447,0.7150016502980634,0.781539797782898,0.3088848955850266
vit_tiny,outputs/vit_tiny_v3_seed123,4312,1,1,0.0847619427797781,0.8709141202575665,0.9501132488250732,0.595842155967227
vit_tiny,outputs/vit_tiny_v3_seed123,24225,1,1,0.0263302626493668,0.9427617019080116,0.6431700825691223,0.2464145229562494
vit_tiny,outputs/vit_tiny_v3_seed123,5114,1,1,0.0174077069178792,0.4866067017408113,0.8045605063438416,0.4434920685351224
vit_tiny,outputs/vit_tiny_v3_seed123,107,1,0,0.8753042758908123,0.6579029120571249,0.8538880228996277,0.3887837767892225
vit_tiny,outputs/vit_tiny_v3_seed123,10443,1,3,0.0967829577789416,0.8912011993525084,0.7706048488616943,0.3981074118151557
vit_tiny,outputs/vit_tiny_v3_seed123,5117,1,1,0.0231727090380218,0.8465697522021856,0.8012932538986206,0.4063961744044738
vit_tiny,outputs/vit_tiny_v3_seed123,27764,1,1,0.0225574473701044,0.7068057602425597,0.7145335912704468,0.2181290057522367
vit_tiny,outputs/vit_tiny_v3_seed123,31588,1,1,0.0234159120318508,0.8529899084803674,0.7882695078849793,0.4105466099364661
vit_tiny,outputs/vit_tiny_v3_seed123,5131,1,2,0.0140073223578944,0.530212051210178,0.7184698820114136,0.3367576379442836
vit_tiny,outputs/vit_tiny_v3_seed123,1761,1,1,0.0265997313452999,0.9361066692488292,0.6131400287151336,0.244270330818115
vit_tiny,outputs/vit_tiny_v3_seed123,34288,1,2,0.0213913298674377,0.665756351007353,0.828928804397583,0.4250323369498483
vit_tiny,outputs/vit_tiny_v3_seed123,26309,1,1,0.0154343864160182,0.651330880440355,0.6417966365814209,0.2572604365690334
vit_tiny,outputs/vit_tiny_v3_seed123,21752,1,2,0.0620854158356536,0.860860987411165,0.8800161600112915,0.3306364534849879
vit_tiny,outputs/vit_tiny_v3_seed123,20801,1,1,0.0576390320294422,0.8890525414583408,0.9312279105186464,0.5620927170350062
vit_tiny,outputs/vit_tiny_v3_seed123,17666,1,0,0.7235795002343366,0.2168827315094859,0.7817994236946106,0.2455464413361298
vit_tiny,outputs/vit_tiny_v3_seed123,16706,1,1,0.0217104062048747,0.762517088294544,0.8805018424987793,0.4525387443101282
vit_tiny,outputs/vit_tiny_v3_seed123,6553,1,1,0.0655167967668148,0.6887798941440906,0.9292628288269044,0.4856321501676021
vit_tiny,outputs/vit_tiny_v3_seed123,18583,1,1,0.0262336888101799,0.9284120168283608,0.8966209769248963,0.4053289377206004
vit_tiny,outputs/vit_tiny_v3_seed123,20787,1,1,0.0220743154364981,0.7060305075613087,0.878414535522461,0.4206387011343993
vit_tiny,outputs/vit_tiny_v3_seed123,33870,1,0,0.6724920542619657,0.9080732677539344,0.645835953950882,0.1733647567574625
vit_tiny,outputs/vit_tiny_v3_seed123,19563,1,1,0.2745002582503275,0.817356335014324,0.9735727429389952,0.6234631533356847
vit_tiny,outputs/vit_tiny_v3_seed123,2399,2,2,0.1482455885829736,0.9297342149869152,0.7698867678642273,0.3281271958662209
vit_tiny,outputs/vit_tiny_v3_seed123,4407,2,2,0.0600559660074324,0.9246466531397388,0.6126458644866943,0.1435562273377593
vit_tiny,outputs/vit_tiny_v3_seed123,2272,2,2,0.1493874590290218,0.9145073417815226,0.7886230707168579,0.2419326814312141
vit_tiny,outputs/vit_tiny_v3_seed123,2489,2,2,0.0796215960543413,0.9224060543850144,0.8406956315040588,0.4021496981129666
vit_tiny,outputs/vit_tiny_v3_seed123,1496,2,2,0.0869526300333518,0.9453532813270656,0.8692067265510559,0.4681185579712261
vit_tiny,outputs/vit_tiny_v3_seed123,2232,2,2,0.1970239349692448,0.9469833062824408,0.8394235253334046,0.2350951346117186
vit_tiny,outputs/vit_tiny_v3_seed123,2415,2,2,0.1543193512423855,0.8808946937988864,0.6956315994262695,0.2524012793602331
vit_tiny,outputs/vit_tiny_v3_seed123,2382,2,2,0.1082932966535068,0.9400794151800298,0.7904893040657044,0.2991838261350634
vit_tiny,outputs/vit_tiny_v3_seed123,2510,2,2,0.0648593490823721,0.936208130958498,0.8134862542152405,0.3740772896116656
vit_tiny,outputs/vit_tiny_v3_seed123,19664,2,2,0.0960738634174731,0.9209381997364332,0.8333351850509644,0.4151267453041578
vit_tiny,outputs/vit_tiny_v3_seed123,2740,2,2,0.1300857039236582,0.9080253081986528,0.7525571942329407,0.3151262856232386
vit_tiny,outputs/vit_tiny_v3_seed123,4872,2,2,0.0809646688781775,0.9298332293613428,0.7772177815437317,0.4097449464964801
vit_tiny,outputs/vit_tiny_v3_seed123,4574,2,2,0.0970888071341491,0.9020250932147108,0.7453538417816162,0.2458589542784846
vit_tiny,outputs/vit_tiny_v3_seed123,4029,2,2,0.0981792134823713,0.923934792509776,0.7397149324417114,0.3409974252812616
vit_tiny,outputs/vit_tiny_v3_seed123,18720,2,2,0.0743442984846076,0.8788090019400485,0.7968601584434509,0.4710506168745382
vit_tiny,outputs/vit_tiny_v3_seed123,1514,2,2,0.0748559478650392,0.9599790794812222,0.8491389036178589,0.4260951127864849
vit_tiny,outputs/vit_tiny_v3_seed123,1550,2,2,0.073666954479755,0.918695625477362,0.8230544686317444,0.3907488093729357
vit_tiny,outputs/vit_tiny_v3_seed123,4564,2,2,0.0967946152436738,0.8948492179763932,0.6606189966201782,0.2483281127550302
vit_tiny,outputs/vit_tiny_v3_seed123,4498,2,2,0.0818637600296803,0.9021698724966924,0.734425950050354,0.2880170180132273
vit_tiny,outputs/vit_tiny_v3_seed123,1557,2,2,0.0841767689589332,0.9192618637455824,0.816998553276062,0.3538837415670067
vit_tiny,outputs/vit_tiny_v3_seed123,2195,2,2,0.1091411471209937,0.958424581410604,0.8063725709915162,0.4093306632739654
vit_tiny,outputs/vit_tiny_v3_seed123,2545,2,2,0.0772133692128989,0.9443401087403842,0.7879056572914124,0.3894271029964704
vit_tiny,outputs/vit_tiny_v3_seed123,12693,3,0,0.8719954950793181,0.4651503951536142,0.8072317123413086,0.2249627730090978
vit_tiny,outputs/vit_tiny_v3_seed123,4750,3,3,0.1323605781399237,0.9626466934278142,0.6597288548946381,0.1521972905100799
vit_tiny,outputs/vit_tiny_v3_seed123,18268,3,3,0.0958739864367999,0.6944574124063365,0.8814201712608337,0.4309494244435793
vit_tiny,outputs/vit_tiny_v3_seed123,18844,3,0,0.6604627332271775,0.6180662549949716,0.7934338569641113,0.4424619469545683
vit_tiny,outputs/vit_tiny_v3_seed123,29937,3,3,0.0490151975041044,0.8794906908588018,0.9354061722755432,0.429212654891473
vit_tiny,outputs/vit_tiny_v3_seed123,1367,3,3,0.2040786770648992,0.9674835637270008,0.8600980162620544,0.2875652753628214
vit_tiny,outputs/vit_tiny_v3_seed123,26201,3,3,0.1069195283625958,0.9088536197086796,0.8858659982681274,0.4216377968646334
vit_tiny,outputs/vit_tiny_v3_seed123,7843,3,0,0.7742233021999709,0.2161538883374305,0.8160170316696167,0.2877489694093096
vit_tiny,outputs/vit_tiny_v3_seed123,25933,3,5,0.117179504491105,0.5733242764254101,0.7304764270782471,0.2035914259073721
vit_tiny,outputs/vit_tiny_v3_seed123,7777,3,3,0.073980769267564,0.8635665127658285,0.8797892570495606,0.4167304390776494
vit_tiny,outputs/vit_tiny_v3_seed123,3199,3,5,0.100306105279742,0.904200564360508,0.7252380192279816,0.2189655218735229
vit_tiny,outputs/vit_tiny_v3_seed123,1633,3,3,0.1241849134639778,0.9692639507702552,0.8382668018341064,0.2564943234661601
vit_tiny,outputs/vit_tiny_v3_seed123,5569,3,4,0.0230431608944812,0.7101737399216859,0.8707658529281617,0.3932335808636761
vit_tiny,outputs/vit_tiny_v3_seed123,32022,3,3,0.0986197144866309,0.8816397635091562,0.8275020956993103,0.4279983182067945
vit_tiny,outputs/vit_tiny_v3_seed123,4352,3,3,0.2054294152208058,0.7963012055552099,0.9768384337425232,0.5756651863966024
vit_tiny,outputs/vit_tiny_v3_seed123,5398,3,1,0.0214929713379206,0.3551389667752573,0.8639365434646606,0.3479905957857709
vit_tiny,outputs/vit_tiny_v3_seed123,1836,3,3,0.2623018969752593,0.7712046937085688,0.6861726582050324,0.1823958879378954
vit_tiny,outputs/vit_tiny_v3_seed123,6819,3,0,0.8626471936586313,0.2473586370061866,0.8436108112335206,0.412554623835339
vit_tiny,outputs/vit_tiny_v3_seed123,30428,3,3,0.1551788268661766,0.5071486178931082,0.8189965963363648,0.2429316848883866
vit_tiny,outputs/vit_tiny_v3_seed123,11121,3,5,0.0827525825025077,0.7876850336524512,0.7105113625526428,0.237611820561911
vit_tiny,outputs/vit_tiny_v3_seed123,34333,3,5,0.3035786273994745,0.5143316231528843,0.8816144824028015,0.3646343172296813
vit_tiny,outputs/vit_tiny_v3_seed123,11558,3,3,0.0543291587591738,0.4810399776615668,0.7782645106315613,0.2903638762502321
vit_tiny,outputs/vit_tiny_v3_seed123,15095,4,4,0.0086823333969618,0.2574605444143003,0.8555761933326721,0.4274198474771886
vit_tiny,outputs/vit_tiny_v3_seed123,5482,4,4,0.0252296014946153,0.908750099509291,0.9095773100852966,0.454629387728802
vit_tiny,outputs/vit_tiny_v3_seed123,27612,4,4,0.0253402839923637,0.9633674892693876,0.9014882564544676,0.169942195359787
vit_tiny,outputs/vit_tiny_v3_seed123,9711,4,4,0.013993444513602,0.4506545880004182,0.8587282299995422,0.4005655078436174
vit_tiny,outputs/vit_tiny_v3_seed123,2485,4,4,0.0251232303776873,0.9534098192971784,0.9017003774642944,0.1740399182865609
vit_tiny,outputs/vit_tiny_v3_seed123,25055,4,0,0.7278919274249347,0.3352047251064505,0.770268440246582,0.2572856251701034
vit_tiny,outputs/vit_tiny_v3_seed123,25226,4,0,0.9024263373285066,0.4533809006697993,0.8995089650154113,0.2466644520508161
vit_tiny,outputs/vit_tiny_v3_seed123,2517,4,4,0.0252281658280537,0.9579477406378488,0.8873868227005005,0.1351385176938789
vit_tiny,outputs/vit_tiny_v3_seed123,3986,4,4,0.0253740986495927,0.964443753314356,0.982157576084137,0.597838375658323
vit_tiny,outputs/vit_tiny_v3_seed123,5449,4,4,0.0248453198711544,0.8916680010889309,0.9009530425071716,0.3980087618027735
vit_tiny,outputs/vit_tiny_v3_seed123,25650,4,4,0.0250179012650875,0.9601960324953892,0.8853145241737366,0.2692020865699114
vit_tiny,outputs/vit_tiny_v3_seed123,5353,4,4,0.0252641885601576,0.9701567319144146,0.9153478860855102,0.4547174854333392
vit_tiny,outputs/vit_tiny_v3_seed123,13786,4,4,0.0252533369761209,0.9189356006546064,0.8914902567863464,0.3834434164376403
vit_tiny,outputs/vit_tiny_v3_seed123,4322,4,4,0.0255010446389292,0.9681015721153584,0.9267049908638,0.2394675302518923
vit_tiny,outputs/vit_tiny_v3_seed123,25639,4,1,0.0225372645074912,0.7946682437011532,0.7285733699798584,0.2806492677983299
vit_tiny,outputs/vit_tiny_v3_seed123,25205,4,4,0.0236000935041644,0.9006589049686795,0.8746947765350341,0.2496275204266199
vit_tiny,outputs/vit_tiny_v3_seed123,1831,4,4,0.0253309515657775,0.9704477547357442,0.9367867708206176,0.3979026872150535
vit_tiny,outputs/vit_tiny_v3_seed123,3536,4,4,0.0254829091287476,0.9666637159107836,0.9869085550308228,0.6451796985387712
vit_tiny,outputs/vit_tiny_v3_seed123,2096,4,4,0.0254476435867623,0.8413210886220099,0.9196771740913392,0.4451675372366271
vit_tiny,outputs/vit_tiny_v3_seed123,5469,4,4,0.0253055285600396,0.9703247660227704,0.964171016216278,0.4976060993521121
vit_tiny,outputs/vit_tiny_v3_seed123,5050,4,4,0.0252339473157263,0.9655713576512994,0.9408697724342346,0.4859524364032856
vit_tiny,outputs/vit_tiny_v3_seed123,25655,4,4,0.02548128370249,0.9614426283379204,0.9119913578033448,0.2258844616588658
vit_tiny,outputs/vit_tiny_v3_seed123,25122,5,3,0.0593435877276533,0.7730810196662787,0.7704893589019776,0.2297318934579159
vit_tiny,outputs/vit_tiny_v3_seed123,25439,5,0,0.9000991573993815,0.234480188084035,0.5532544612884521,0.2633547016071335
vit_tiny,outputs/vit_tiny_v3_seed123,12884,5,5,0.1185187707833392,0.947204753247206,0.6116612493991852,0.2150847642086598
vit_tiny,outputs/vit_tiny_v3_seed123,29842,5,0,0.8300985439564101,0.6718771834275685,0.5914416551589966,0.2206370976598586
vit_tiny,outputs/vit_tiny_v3_seed123,4418,5,5,0.16510963809651,0.8958982609037776,0.535829883813858,0.2021679726549004
vit_tiny,outputs/vit_tiny_v3_seed123,3147,5,3,0.060053560600636,0.7322490563965403,0.7907621502876282,0.2787059989276139
vit_tiny,outputs/vit_tiny_v3_seed123,10773,5,0,0.7886437184060924,0.237827393272596,0.7352474689483642,0.3560077664888219
vit_tiny,outputs/vit_tiny_v3_seed123,12766,5,1,0.02610629967171,0.8303019627035155,0.6440290570259094,0.2639095459504362
vit_tiny,outputs/vit_tiny_v3_seed123,30524,5,3,0.1872829620224365,0.9025448731554206,0.8263724684715271,0.265211724193649
vit_tiny,outputs/vit_tiny_v3_seed123,1993,5,5,0.2777149780013133,0.9291289124084868,0.7213910818099976,0.1310475362363972
vit_tiny,outputs/vit_tiny_v3_seed123,1632,5,5,0.3670045899198157,0.7388331300899154,0.7531118988990784,0.1388186996885662
vit_tiny,outputs/vit_tiny_v3_seed123,2903,5,5,0.2888856480894901,0.8373137088638032,0.6342544436454773,0.1232174417458527
vit_tiny,outputs/vit_tiny_v3_seed123,4288,5,5,0.3436619003114174,0.9537839784898096,0.7093434810638428,0.1278639609621862
vit_tiny,outputs/vit_tiny_v3_seed123,26488,5,0,0.8134267374261981,0.2865671485978964,0.7741548657417298,0.2086000016660294
vit_tiny,outputs/vit_tiny_v3_seed123,2127,5,5,0.3501559088181238,0.6799885079817614,0.8179627537727356,0.1516490502972866
vit_tiny,outputs/vit_tiny_v3_seed123,31012,5,3,0.1039619663299618,0.6602098983566975,0.8781553864479065,0.4636180025813345
vit_tiny,outputs/vit_tiny_v3_seed123,26627,5,5,0.4417071375773957,0.7656733943440486,0.6282195925712586,0.2497512154638919
vit_tiny,outputs/vit_tiny_v3_seed123,19032,5,0,0.8262274957378395,0.4354372147172398,0.6993951201438904,0.367508141020415
vit_tiny,outputs/vit_tiny_v3_seed123,1301,5,0,0.8747635649051517,0.5788780107054663,0.7853935599327088,0.3830619313365933
vit_tiny,outputs/vit_tiny_v3_seed123,21284,5,5,0.1636147056797199,0.7853856136644026,0.6410636901855469,0.223195410678772
vit_tiny,outputs/vit_tiny_v3_seed123,2304,5,5,0.3923718528239988,0.7508823532989481,0.780168867111206,0.1100980007375914
vit_tiny,outputs/vit_tiny_v3_seed123,32350,5,0,0.6057255623163655,0.6332976106360775,0.7459319353103637,0.3279847729015411
vit_tiny,outputs/vit_tiny_v3_seed123,4090,6,7,0.313813703391375,0.6238627850675016,0.9518381595611572,0.3104149430123714
vit_tiny,outputs/vit_tiny_v3_seed123,1458,6,6,0.1152714707582722,0.4035323810593993,0.8026167392730713,0.0703646074159658
vit_tiny,outputs/vit_tiny_v3_seed123,9806,6,1,0.0848578363072647,0.3485662540292651,0.9049456119537354,0.4616105153599831
vit_tiny,outputs/vit_tiny_v3_seed123,5362,6,6,0.0678870602737653,0.2428246257086908,0.9624877572059632,0.4401719978532788
vit_tiny,outputs/vit_tiny_v3_seed123,20186,6,6,0.2929152453931429,0.4169655953765172,0.947921347618103,0.0851042728435629
vit_tiny,outputs/vit_tiny_v3_seed123,13709,6,6,0.0756760801379812,0.2790374210153317,0.9368121504783632,0.3419114846814282
vit_tiny,outputs/vit_tiny_v3_seed123,4101,6,6,0.0287867744689691,0.4546269169091275,0.8665058732032775,0.4291732175410475
vit_tiny,outputs/vit_tiny_v3_seed123,25601,6,6,0.0323527016062321,0.448286954815039,0.7798552989959717,0.2065471367617762
vit_tiny,outputs/vit_tiny_v3_seed123,4094,6,6,0.0452516618842935,0.5369683113774428,0.9735512495040892,0.4636323843198277
vit_tiny,outputs/vit_tiny_v3_seed123,25595,6,6,0.0607972628344164,0.3479427865870477,0.9532049655914306,0.4652416259232282
vit_tiny,outputs/vit_tiny_v3_seed123,4100,6,6,0.0669229005334628,0.3575907530054039,0.9511301040649414,0.4234125099401418
vit_tiny,outputs/vit_tiny_v3_seed123,6861,6,6,0.0437131594035413,0.1523391133682921,0.9310477614402772,0.4159530562448203
vit_tiny,outputs/vit_tiny_v3_seed123,4593,6,4,0.0193086529346153,0.7571242436961825,0.9697402358055116,0.5133541291970857
vit_tiny,outputs/vit_tiny_v3_seed123,9904,6,3,0.0805427066322863,0.7479249130828975,0.9478988409042358,0.528406078132164
vit_tiny,outputs/vit_tiny_v3_seed123,9906,6,4,0.0251757382002253,0.8969424342367915,0.9544329404830932,0.5447340946048422
vit_tiny,outputs/vit_tiny_v3_seed123,18601,6,6,0.079540189952695,0.1980405065125623,0.91926851272583,0.0551630264072439
vit_tiny,outputs/vit_tiny_v3_seed123,4584,6,6,0.0887223040020401,0.4322007781862211,0.9717273592948914,0.4596055901447989
vit_tiny,outputs/vit_tiny_v3_seed123,9143,6,6,0.3028914272203238,0.3205434689891362,0.938631534576416,0.1536279995357551
vit_tiny,outputs/vit_tiny_v3_seed123,7916,6,6,0.082504422902204,0.318217003934123,0.9368685960769654,0.3275363293501221
vit_tiny,outputs/vit_tiny_v3_seed123,16545,6,4,0.0263626095812838,0.3846060544020133,0.9722705841064452,0.4864651004632371
vit_tiny,outputs/vit_tiny_v3_seed123,3044,6,6,0.142521989492721,0.6157595515424461,0.9584513306617736,0.1350577449375708
vit_tiny,outputs/vit_tiny_v3_seed123,2299,6,6,0.0705749931683215,0.1804625815058855,0.9440881609916688,0.3943201913218441
vit_tiny,outputs/vit_tiny_v3_seed123,4121,7,7,0.0255657582320054,0.95267662058869,0.914957857131958,0.3920722455594349
vit_tiny,outputs/vit_tiny_v3_seed123,4150,7,7,0.0728588615253684,0.8417476444588914,0.9633705615997314,0.5705717265356081
vit_tiny,outputs/vit_tiny_v3_seed123,10215,7,3,0.0937645514648011,0.9441095677320844,0.8669338226318359,0.4332471506863686
vit_tiny,outputs/vit_tiny_v3_seed123,4160,7,7,0.0721392915899983,0.8289791274543035,0.9298204064369202,0.528779669222947
vit_tiny,outputs/vit_tiny_v3_seed123,4109,7,7,0.1252738691959649,0.77152592130183,0.9780677437782288,0.6229504569883724
vit_tiny,outputs/vit_tiny_v3_seed123,10845,7,7,0.026230127388974,0.8609833878550575,0.9564451217651369,0.4790623299181274
vit_tiny,outputs/vit_tiny_v3_seed123,4113,7,7,0.0753345488689447,0.8482903180355237,0.95578351020813,0.5310787625010206
vit_tiny,outputs/vit_tiny_v3_seed123,4174,7,7,0.124480757486431,0.8553281550206719,0.9760387778282166,0.5735695968551773
vit_tiny,outputs/vit_tiny_v3_seed123,4951,7,3,0.0388775204014564,0.398168782612629,0.8630351185798645,0.2835464710883925
vit_tiny,outputs/vit_tiny_v3_seed123,4139,7,7,0.0667197354653339,0.9219523377865784,0.923554289340973,0.4487214812429017
vit_tiny,outputs/vit_tiny_v3_seed123,4136,7,7,0.0254073135489463,0.9204458189602605,0.918547773361206,0.5087087145128134
vit_tiny,outputs/vit_tiny_v3_seed123,4114,7,7,0.2494667172568156,0.861928917420741,0.9792734384536744,0.6227149643264944
vit_tiny,outputs/vit_tiny_v3_seed123,4087,7,7,0.0254630153663555,0.9156676511507698,0.936023223400116,0.4411405815441849
vit_tiny,outputs/vit_tiny_v3_seed123,4110,7,7,0.1647655715680258,0.8210520423798897,0.9625067830085754,0.5919256504871885
vit_tiny,outputs/vit_tiny_v3_seed123,1627,7,7,0.0247165364129529,0.913753065520595,0.8998856782913208,0.4015796289036256
vit_tiny,outputs/vit_tiny_v3_seed123,10935,7,3,0.0733179857734285,0.6694474483374506,0.8515758991241456,0.413599217553971
vit_tiny,outputs/vit_tiny_v3_seed123,4606,7,7,0.0246144446762563,0.7470878705522495,0.9044758319854737,0.5056071701427076
vit_tiny,outputs/vit_tiny_v3_seed123,4164,7,7,0.0747987117935622,0.967760988823656,0.9487035989761352,0.4929506751793601
vit_tiny,outputs/vit_tiny_v3_seed123,26687,7,3,0.0491652317714397,0.4322861850014305,0.8134435057640076,0.2863799040387669
vit_tiny,outputs/vit_tiny_v3_seed123,4169,7,7,0.274405438412943,0.8216770251256804,0.9616679191589356,0.3038427677181997
vit_tiny,outputs/vit_tiny_v3_seed123,4605,7,7,0.0250390851841757,0.924522495937353,0.8815950393676758,0.4844752884414707
vit_tiny,outputs/vit_tiny_v3_seed123,10918,7,7,0.0893753988589978,0.8646469800605558,0.93952077627182,0.5044511628658057
vit_tiny,outputs/vit_tiny_v3_seed123,20030,8,6,0.1526952615007175,0.3062526478358691,0.7862447023391723,-0.0540772563299402
vit_tiny,outputs/vit_tiny_v3_seed123,29752,8,8,0.1784601362921449,0.2249289517890993,0.9160284638404846,0.0581866288802888
vit_tiny,outputs/vit_tiny_v3_seed123,25340,8,3,0.1105272586935655,0.366155184431534,0.9207861065864564,0.0651854198860388
vit_tiny,outputs/vit_tiny_v3_seed123,994,8,8,0.1885770635563588,0.1285291489759874,0.8209398984909058,-0.1038024069378324
vit_tiny,outputs/vit_tiny_v3_seed123,25590,8,8,0.110010557598061,0.1706480382618735,0.7975381255149842,0.2225144928668994
vit_tiny,outputs/vit_tiny_v3_seed123,19770,8,8,0.1783145755253983,0.2238943568644025,0.8533331155776978,-0.168340855357579
vit_tiny,outputs/vit_tiny_v3_seed123,3534,8,8,0.1255679097866995,0.2744501871100588,0.8496994495391845,0.2272427882086913
vit_tiny,outputs/vit_tiny_v3_seed123,19860,8,8,0.1056041475281173,0.0778407842531194,0.8161235928535462,0.066102176353736
vit_tiny,outputs/vit_tiny_v3_seed123,25599,8,8,0.1991927128878963,0.2220102222582234,0.893476414680481,0.134441693263822
vit_tiny,outputs/vit_tiny_v3_seed123,19849,8,8,0.1884800608515728,0.1261650376438012,0.8584010243415833,-0.0127035352797562
vit_tiny,outputs/vit_tiny_v3_seed123,25604,8,8,0.1250658410147558,0.1275422703279005,0.8800827622413635,0.1391687289774826
vit_tiny,outputs/vit_tiny_v3_seed123,3628,8,8,0.1489420844122673,0.1251402527893805,0.8939472556114196,-0.1472242711522171
vit_tiny,outputs/vit_tiny_v3_seed123,24624,8,6,0.0740381547602204,0.2321956711995829,0.8858447194099426,-0.0684068787140542
vit_tiny,outputs/vit_tiny_v3_seed123,19741,8,8,0.2051720262724483,0.1775031486353722,0.8573107242584228,-0.1544676558831594
vit_tiny,outputs/vit_tiny_v3_seed123,19783,8,8,0.1990201585957614,0.1357943553888372,0.8618548512458801,-0.0643984842982547
vit_tiny,outputs/vit_tiny_v3_seed123,14473,8,8,0.2128130239143928,0.1915346718774646,0.8855450034141541,0.0583933334307381
vit_tiny,outputs/vit_tiny_v3_seed123,34331,8,8,0.1947000866419621,0.2128409223683824,0.903683078289032,0.0566059859106347
vit_tiny,outputs/vit_tiny_v3_seed123,33036,8,8,0.1886264839693687,0.0122955155983959,0.8831833720207214,-0.0464901430276999
vit_tiny,outputs/vit_tiny_v3_seed123,25277,8,8,0.1235830283042869,0.2738711434456018,0.8478010773658753,0.315260400176586
vit_tiny,outputs/vit_tiny_v3_seed123,7807,8,8,0.1260357819285502,0.3252758895652761,0.866726279258728,0.3999312284029023
vit_tiny,outputs/vit_tiny_v3_seed123,25320,8,8,0.1243741777432028,0.2153429350250455,0.9326979041099548,0.311964521015853
vit_tiny,outputs/vit_tiny_v3_seed123,527,8,8,0.2232359778821049,0.1792288032109006,0.8618899464607239,-0.1182585600095495
vit_tiny,outputs/vit_tiny_v3_seed456,11598,0,0,0.4106424506535404,0.9613731951030786,0.662352454662323,0.2278462686482057
vit_tiny,outputs/vit_tiny_v3_seed456,8612,0,0,0.4782122543765581,0.787071458515129,0.6853725671768188,0.3486319679011331
vit_tiny,outputs/vit_tiny_v3_seed456,32384,0,0,0.511920351003937,0.93335390532593,0.6383168876171113,0.3279796993882636
vit_tiny,outputs/vit_tiny_v3_seed456,22088,0,0,0.5245434851749451,0.7917391868070354,0.7990869998931884,0.3999881343501877
vit_tiny,outputs/vit_tiny_v3_seed456,1258,0,0,0.5604494306244305,0.4650557475543735,0.761594581604004,0.3957174428197952
vit_tiny,outputs/vit_tiny_v3_seed456,3882,0,0,0.5901961811832734,0.6107011322237668,0.689502215385437,0.2836714690979767
vit_tiny,outputs/vit_tiny_v3_seed456,26021,0,3,0.1602257018353157,0.8020617996080546,0.8593030095100402,0.3167794819234278
vit_tiny,outputs/vit_tiny_v3_seed456,28706,0,0,0.4936748225518386,0.9700038783121272,0.4639724910259247,0.1615241203143184
vit_tiny,outputs/vit_tiny_v3_seed456,12774,0,0,0.7294778209397919,0.8563005148243974,0.5878561019897461,0.2694983320450332
vit_tiny,outputs/vit_tiny_v3_seed456,20577,0,0,0.693140315132041,0.9326362247738872,0.7351625561714172,0.3185276820431493
vit_tiny,outputs/vit_tiny_v3_seed456,20069,0,0,0.7039125307710492,0.8545129705089494,0.6745915532112121,0.3515790151493335
vit_tiny,outputs/vit_tiny_v3_seed456,22989,0,0,0.5074125712490059,0.7942173705976927,0.7775206327438354,0.4121593028506337
vit_tiny,outputs/vit_tiny_v3_seed456,19017,0,0,0.7682982923797681,0.4896932000810921,0.6960355758666992,0.3396619624192004
vit_tiny,outputs/vit_tiny_v3_seed456,31697,0,0,0.5058689411889645,0.9434740373617388,0.6613455653190613,0.2819059949402848
vit_tiny,outputs/vit_tiny_v3_seed456,23363,0,0,0.5445283591616317,0.8716788217209341,0.6900503635406494,0.3785144644910651
vit_tiny,outputs/vit_tiny_v3_seed456,18777,0,0,0.6836904315059655,0.8595276327669126,0.7873347282409668,0.4264416357096283
vit_tiny,outputs/vit_tiny_v3_seed456,11832,0,5,0.5941166318302749,0.769581185899824,0.5913999617099762,0.2230759638171337
vit_tiny,outputs/vit_tiny_v3_seed456,28618,0,0,0.5507377766698482,0.8084748383189435,0.501049417257309,0.1960733352665767
vit_tiny,outputs/vit_tiny_v3_seed456,22858,0,0,0.5763360308119445,0.9594301144461496,0.829842483997345,0.3714008236974832
vit_tiny,outputs/vit_tiny_v3_seed456,511,0,3,0.1829469163444059,0.4855228310416351,0.8093637585639953,0.4433492477596266
vit_tiny,outputs/vit_tiny_v3_seed456,29736,0,0,0.6696907306541107,0.7378844351078442,0.6773157835006713,0.247974231260264
vit_tiny,outputs/vit_tiny_v3_seed456,33474,0,0,0.6025047434450244,0.94757321880752,0.6185733854770661,0.2575447797824154
vit_tiny,outputs/vit_tiny_v3_seed456,25573,1,0,0.6798899251662078,0.5633155373698173,0.866938591003418,0.3599581302109756
vit_tiny,outputs/vit_tiny_v3_seed456,4312,1,1,0.0762024974188193,0.9210771703224054,0.9367613554000854,0.6159726859964723
vit_tiny,outputs/vit_tiny_v3_seed456,24225,1,1,0.0258462686605014,0.954114320735698,0.6880405068397522,0.3332202011253795
vit_tiny,outputs/vit_tiny_v3_seed456,5114,1,1,0.0225539634868425,0.8858821687649652,0.8235815286636352,0.4755264024519661
vit_tiny,outputs/vit_tiny_v3_seed456,107,1,0,0.6228027978140744,0.5701548154459601,0.8723330616950988,0.4693957786121223
vit_tiny,outputs/vit_tiny_v3_seed456,10443,1,3,0.1914026163134394,0.9007694889296544,0.8289903044700623,0.4292271296616163
vit_tiny,outputs/vit_tiny_v3_seed456,5117,1,1,0.0257364997124796,0.93564234224732,0.8090015888214112,0.4478186904205865
vit_tiny,outputs/vit_tiny_v3_seed456,27764,1,1,0.0242739909826354,0.8929399560624915,0.6697124004364013,0.2588661819929587
vit_tiny,outputs/vit_tiny_v3_seed456,31588,1,1,0.0278346730486305,0.9261122265202176,0.8044612526893615,0.4638015870727975
vit_tiny,outputs/vit_tiny_v3_seed456,5131,1,2,0.0293968528195165,0.3369275264828246,0.7679627537727356,0.4174260750095297
vit_tiny,outputs/vit_tiny_v3_seed456,1761,1,1,0.0251103068224267,0.9371316278015912,0.6574424386024476,0.2767824915929061
vit_tiny,outputs/vit_tiny_v3_seed456,34288,1,1,0.0162028217229135,0.6563275669655013,0.8454891324043274,0.447489199401859
vit_tiny,outputs/vit_tiny_v3_seed456,26309,1,1,0.016890815625743,0.724467461074255,0.6382872939109803,0.3047514377396941
vit_tiny,outputs/vit_tiny_v3_seed456,21752,1,2,0.0470527642296616,0.879542490042283,0.8731184482574463,0.3982251250494781
vit_tiny,outputs/vit_tiny_v3_seed456,20801,1,1,0.0743411347498295,0.8837156118082135,0.9070824265480042,0.5982171708497842
vit_tiny,outputs/vit_tiny_v3_seed456,17666,1,0,0.5962206862895982,0.3680466518977709,0.7297186255455017,0.335804665713571
vit_tiny,outputs/vit_tiny_v3_seed456,16706,1,1,0.0256005360505184,0.8639958467506403,0.8867608904838562,0.4776343728636171
vit_tiny,outputs/vit_tiny_v3_seed456,6553,1,1,0.0756313403552439,0.7983862914156816,0.9227457284927368,0.5443343898184557
vit_tiny,outputs/vit_tiny_v3_seed456,18583,1,1,0.0240381351667338,0.9292639139644052,0.8691339015960693,0.433443159611903
vit_tiny,outputs/vit_tiny_v3_seed456,20787,1,1,0.0172568276226456,0.5088766090552781,0.8904990196228028,0.4602944994023594
vit_tiny,outputs/vit_tiny_v3_seed456,33870,1,0,0.4686936530706589,0.9328106472894432,0.5685280919075012,0.2018702587471182
vit_tiny,outputs/vit_tiny_v3_seed456,19563,1,1,0.1826614529890093,0.8649677467482206,0.9607730031013488,0.693282712373584
vit_tiny,outputs/vit_tiny_v3_seed456,2399,2,2,0.1658049543211177,0.9250289405471648,0.815101432800293,0.3858970806003717
vit_tiny,outputs/vit_tiny_v3_seed456,4407,2,2,0.0583884446194105,0.9506191011977734,0.7131018519401551,0.1593438049032469
vit_tiny,outputs/vit_tiny_v3_seed456,2272,2,2,0.1240869569058276,0.9710005291789656,0.7654216527938843,0.3277326881293645
vit_tiny,outputs/vit_tiny_v3_seed456,2489,2,2,0.0752277750408723,0.9215838254448698,0.8479920983314514,0.4624310985922418
vit_tiny,outputs/vit_tiny_v3_seed456,1496,2,2,0.0982372815573811,0.91875936351623,0.8697810888290405,0.5139186303794016
vit_tiny,outputs/vit_tiny_v3_seed456,2232,2,2,0.0998026380990069,0.9709885123237854,0.7510747909545898,0.3315221787359794
vit_tiny,outputs/vit_tiny_v3_seed456,2415,2,2,0.1151853462519696,0.92585241387944,0.7501948833465576,0.3541819908207745
vit_tiny,outputs/vit_tiny_v3_seed456,2382,2,2,0.1153627146100291,0.9299003893619756,0.7859031438827515,0.3545822441136071
vit_tiny,outputs/vit_tiny_v3_seed456,2510,2,2,0.0449127744735946,0.9235900772481926,0.8284232974052429,0.4497564171798532
vit_tiny,outputs/vit_tiny_v3_seed456,19664,2,2,0.0764713615948835,0.9215299314227394,0.8687144994735718,0.475691039769342
vit_tiny,outputs/vit_tiny_v3_seed456,2740,2,2,0.1767046000573202,0.9642349536233468,0.7511360764503479,0.3843301263673748
vit_tiny,outputs/vit_tiny_v3_seed456,4872,2,2,0.0730951045579075,0.9214217492748702,0.8453476190567016,0.4559491926674799
vit_tiny,outputs/vit_tiny_v3_seed456,4574,2,2,0.0955506630290088,0.920308869263792,0.7202208280563355,0.3209306618021362
vit_tiny,outputs/vit_tiny_v3_seed456,4029,2,2,0.0771333165152015,0.9252053171375536,0.7578683853149414,0.4050028370196222
vit_tiny,outputs/vit_tiny_v3_seed456,18720,2,2,0.0641944600944413,0.8648095964647808,0.8037958741188049,0.5080267475128409
vit_tiny,outputs/vit_tiny_v3_seed456,1514,2,2,0.0832420713696215,0.92352681268396,0.8596378445625306,0.4762617579888409
vit_tiny,outputs/vit_tiny_v3_seed456,1550,2,2,0.0690630275332182,0.923998862949631,0.8437648177146911,0.4609371991986539
vit_tiny,outputs/vit_tiny_v3_seed456,4564,2,2,0.1074513630464295,0.922230978868285,0.6805516481399536,0.3316873156990679
vit_tiny,outputs/vit_tiny_v3_seed456,4498,2,2,0.113174712265561,0.9362452606955428,0.7568029284477233,0.3662754334119357
vit_tiny,outputs/vit_tiny_v3_seed456,1557,2,2,0.0757048249840366,0.9206632911288324,0.8162025928497314,0.4471921844914427
vit_tiny,outputs/vit_tiny_v3_seed456,2195,2,2,0.0750089105318707,0.9215285633198818,0.8239970326423645,0.4628181932797063
vit_tiny,outputs/vit_tiny_v3_seed456,2545,2,2,0.1138828015796988,0.9217235815930708,0.8122419953346253,0.4148497628262612
vit_tiny,outputs/vit_tiny_v3_seed456,12693,3,0,0.5806623881144333,0.4354562461667228,0.7076542377471924,0.2989808184333924
vit_tiny,outputs/vit_tiny_v3_seed456,4750,3,3,0.265447651319846,0.9775477578659776,0.6880721569061279,0.1570377955342033
vit_tiny,outputs/vit_tiny_v3_seed456,18268,3,3,0.2374827871744855,0.8762988717789995,0.8811750054359436,0.4689020319758568
vit_tiny,outputs/vit_tiny_v3_seed456,18844,3,3,0.2150304180007651,0.5885101593303261,0.834407365322113,0.4933226519980735
vit_tiny,outputs/vit_tiny_v3_seed456,29937,3,3,0.1996398365701566,0.9738652552332496,0.93028883934021,0.4446592687257203
vit_tiny,outputs/vit_tiny_v3_seed456,1367,3,3,0.4384679905342636,0.9785160898900358,0.8102131247520447,0.2861186734153518
vit_tiny,outputs/vit_tiny_v3_seed456,26201,3,3,0.1354802212592858,0.9762643425929128,0.8915158748626709,0.4456860989995629
vit_tiny,outputs/vit_tiny_v3_seed456,7843,3,3,0.1523173400480573,0.5584243964549387,0.8303382992744446,0.3719404844395341
vit_tiny,outputs/vit_tiny_v3_seed456,25933,3,0,0.5652151475151186,0.7860406415529724,0.6808920860290527,0.2272705414798922
vit_tiny,outputs/vit_tiny_v3_seed456,7777,3,3,0.1666325328461653,0.9416969992598752,0.9041808009147644,0.4776478397346706
vit_tiny,outputs/vit_tiny_v3_seed456,3199,3,5,0.255539645870158,0.8466202003456829,0.7339633941650391,0.2407844530845172
vit_tiny,outputs/vit_tiny_v3_seed456,1633,3,3,0.2196064958843635,0.9779056140541798,0.8456895589828491,0.2634462542404692
vit_tiny,outputs/vit_tiny_v3_seed456,5569,3,3,0.1734552280818206,0.3941513419149487,0.8812827110290528,0.46606389093403
vit_tiny,outputs/vit_tiny_v3_seed456,32022,3,3,0.1968761313003142,0.9737237677472876,0.8326714754104614,0.4707561331674263
vit_tiny,outputs/vit_tiny_v3_seed456,4352,3,3,0.3558374400352022,0.9777268737234408,0.9783522129058838,0.5974985170917313
vit_tiny,outputs/vit_tiny_v3_seed456,5398,3,1,0.0139876169685635,0.4332017362944498,0.8575637459754943,0.3736596607856287
vit_tiny,outputs/vit_tiny_v3_seed456,1836,3,5,0.4332375147932907,0.43892039336788,0.743781578540802,0.183669853949098
vit_tiny,outputs/vit_tiny_v3_seed456,6819,3,3,0.1648534365484693,0.7507022806275927,0.8396864175796509,0.4598910750244712
vit_tiny,outputs/vit_tiny_v3_seed456,30428,3,3,0.2389265037481891,0.9062280756334076,0.8040757298469543,0.2731395918758976
vit_tiny,outputs/vit_tiny_v3_seed456,11121,3,3,0.2342300292531263,0.9245254327106522,0.7631932735443115,0.2520605336291657
vit_tiny,outputs/vit_tiny_v3_seed456,34333,3,3,0.332389995435733,0.9715603523509344,0.8593151688575744,0.3868465194094975
vit_tiny,outputs/vit_tiny_v3_seed456,11558,3,3,0.136005199438955,0.8119817885162774,0.8519073367118836,0.3660408116045687
vit_tiny,outputs/vit_tiny_v3_seed456,15095,4,4,0.0248526377704862,0.7730203297683396,0.8747663140296936,0.4763786484702408
vit_tiny,outputs/vit_tiny_v3_seed456,5482,4,4,0.0250734038481876,0.8857926466849015,0.9428391218185423,0.516252549125999
vit_tiny,outputs/vit_tiny_v3_seed456,27612,4,4,0.0246675742228639,0.9607334047291508,0.7678320050239563,0.1944602330729264
vit_tiny,outputs/vit_tiny_v3_seed456,9711,4,4,0.0226659641899757,0.6728230767030503,0.8807957530021667,0.4462592210445708
vit_tiny,outputs/vit_tiny_v3_seed456,2485,4,4,0.0214633066366012,0.853892339419442,0.7424887299537659,0.2010942829127559
vit_tiny,outputs/vit_tiny_v3_seed456,25055,4,4,0.0206868775248132,0.7371384128805651,0.5833986163139343,0.2626160997289539
vit_tiny,outputs/vit_tiny_v3_seed456,25226,4,0,0.4502610477429698,0.6386742719187168,0.624674940109253,0.3066961603690387
vit_tiny,outputs/vit_tiny_v3_seed456,2517,4,4,0.0250510642139225,0.9691989214884664,0.8667280316352844,0.1612766234639825
vit_tiny,outputs/vit_tiny_v3_seed456,3986,4,4,0.0251659014221452,0.9704584871037945,0.980144500732422,0.6190652673939558
vit_tiny,outputs/vit_tiny_v3_seed456,5449,4,4,0.0140027374378561,0.4675827269425348,0.8998224020004273,0.4397342305804761
vit_tiny,outputs/vit_tiny_v3_seed456,25650,4,4,0.0246455822133064,0.9005347000461619,0.7507133245468139,0.3248277382987175
vit_tiny,outputs/vit_tiny_v3_seed456,5353,4,4,0.0250223844092474,0.9708560125696089,0.9149821996688844,0.5061020241932283
vit_tiny,outputs/vit_tiny_v3_seed456,13786,4,4,0.0241789287027636,0.9391957537123083,0.8927152752876282,0.4332147169678885
vit_tiny,outputs/vit_tiny_v3_seed456,4322,4,4,0.0250118537654877,0.9697558587909292,0.8659035205841065,0.269282664997219
vit_tiny,outputs/vit_tiny_v3_seed456,25639,4,1,0.02493273789932,0.8926762309170044,0.5247391521930694,0.3366343058456626
vit_tiny,outputs/vit_tiny_v3_seed456,25205,4,4,0.0244446102310611,0.9406665879910427,0.7587292313575744,0.2982285939851202
vit_tiny,outputs/vit_tiny_v3_seed456,1831,4,4,0.0251995696983549,0.9707370136425446,0.9307413578033448,0.4220418591946465
vit_tiny,outputs/vit_tiny_v3_seed456,3536,4,4,0.0250095402269163,0.9701645224090748,0.9855385780334472,0.6497523093188052
vit_tiny,outputs/vit_tiny_v3_seed456,2096,4,4,0.0249949679886896,0.671934230938998,0.915552830696106,0.4851528834071967
vit_tiny,outputs/vit_tiny_v3_seed456,5469,4,4,0.0250695017291064,0.970774054233086,0.9587382793426512,0.5145899306954916
vit_tiny,outputs/vit_tiny_v3_seed456,5050,4,4,0.0250219757361893,0.9623683516079176,0.9398070335388184,0.5113267230382187
vit_tiny,outputs/vit_tiny_v3_seed456,25655,4,4,0.0143520260060263,0.6635061323436524,0.7206201910972595,0.2479778493330419
vit_tiny,outputs/vit_tiny_v3_seed456,25122,5,3,0.1133958294692547,0.8064203939502477,0.7961160898208618,0.3294657689565985
vit_tiny,outputs/vit_tiny_v3_seed456,25439,5,3,0.2169931899866242,0.3941353450609313,0.5991919696331024,0.3135184384189782
vit_tiny,outputs/vit_tiny_v3_seed456,12884,5,0,0.5978340362999006,0.4321423782112106,0.7104088306427002,0.2649659475574976
vit_tiny,outputs/vit_tiny_v3_seed456,29842,5,0,0.6672625800492824,0.6816944453676115,0.722029709815979,0.2745289897041398
vit_tiny,outputs/vit_tiny_v3_seed456,4418,5,5,0.2837882645092122,0.39128874988819,0.5760147392749786,0.2337185901518775
vit_tiny,outputs/vit_tiny_v3_seed456,3147,5,3,0.2200909901343948,0.8710253856115742,0.8071977019309997,0.3264007685836148
vit_tiny,outputs/vit_tiny_v3_seed456,10773,5,3,0.1837510258291104,0.808842611455475,0.7899773120880127,0.4032066568898486
vit_tiny,outputs/vit_tiny_v3_seed456,12766,5,1,0.0122076845212006,0.3755501772470779,0.690577644109726,0.3143435987032253
vit_tiny,outputs/vit_tiny_v3_seed456,30524,5,3,0.2470759648363127,0.9755220168008236,0.8539366483688354,0.295180888769784
vit_tiny,outputs/vit_tiny_v3_seed456,1993,5,5,0.2508449087370081,0.92992095615773,0.7962202548980712,0.1598077364845127
vit_tiny,outputs/vit_tiny_v3_seed456,1632,5,5,0.5595768404746195,0.9649416166503216,0.6885277152061462,0.1056808050222034
vit_tiny,outputs/vit_tiny_v3_seed456,2903,5,5,0.3154192749207141,0.9490242440515432,0.5601298332214355,0.1889813855766981
vit_tiny,outputs/vit_tiny_v3_seed456,4288,5,5,0.2437713370600249,0.6827760487940395,0.6577788114547729,0.1264187361582642
vit_tiny,outputs/vit_tiny_v3_seed456,26488,5,3,0.1741318561669231,0.7225664983416209,0.8279958844184876,0.2615124901387328
vit_tiny,outputs/vit_tiny_v3_seed456,2127,5,0,0.3708377258953987,0.8442620631467435,0.6160410702228546,0.1552516925160323
vit_tiny,outputs/vit_tiny_v3_seed456,31012,5,5,0.1978238065076993,0.8613675352994505,0.880174970626831,0.5135603673555137
vit_tiny,outputs/vit_tiny_v3_seed456,26627,5,5,0.2585752847721778,0.5851493420923362,0.6465294241905213,0.2727153502667559
vit_tiny,outputs/vit_tiny_v3_seed456,19032,5,1,0.0158880436988084,0.6529963599355142,0.7489860415458679,0.4066425146887413
vit_tiny,outputs/vit_tiny_v3_seed456,1301,5,0,0.7320821833782247,0.4011954472243246,0.8317097544670105,0.4422414829923543
vit_tiny,outputs/vit_tiny_v3_seed456,21284,5,5,0.3344122400460492,0.8367441431764746,0.6917477607727051,0.2896774604822109
vit_tiny,outputs/vit_tiny_v3_seed456,2304,5,5,0.4688961165229557,0.9580762177793076,0.8011823058128357,0.1275954895315243
vit_tiny,outputs/vit_tiny_v3_seed456,32350,5,0,0.5180690148190479,0.6585928004542438,0.7887420177459716,0.3560414695978176
vit_tiny,outputs/vit_tiny_v3_seed456,4090,6,6,0.1329964618017349,0.4253926356351218,0.9599723815917968,0.4662079687516551
vit_tiny,outputs/vit_tiny_v3_seed456,1458,6,6,0.1264968280827112,0.535338770144719,0.968416166305542,0.2321936372617628
vit_tiny,outputs/vit_tiny_v3_seed456,9806,6,1,0.1020597017833324,0.4257118596786995,0.9017536759376524,0.4861344119795109
vit_tiny,outputs/vit_tiny_v3_seed456,5362,6,6,0.1088350667688793,0.3489495643310789,0.9638072967529296,0.5345864581960732
vit_tiny,outputs/vit_tiny_v3_seed456,20186,6,6,0.1724678523301381,0.5117264866004305,0.9493022084236143,0.3351201818290824
vit_tiny,outputs/vit_tiny_v3_seed456,13709,6,6,0.0481363489151611,0.4756766991433174,0.9359760880470276,0.4231197330341124
vit_tiny,outputs/vit_tiny_v3_seed456,4101,6,6,0.0114700662132261,0.276719149296035,0.918002438545227,0.4707646419355194
vit_tiny,outputs/vit_tiny_v3_seed456,25601,6,6,0.0257886235404534,0.1686311704374592,0.9715243339538574,0.3946591344763613
vit_tiny,outputs/vit_tiny_v3_seed456,4094,6,6,0.025052847193729,0.5322434080042484,0.9582491993904114,0.4817250752124022
vit_tiny,outputs/vit_tiny_v3_seed456,25595,6,6,0.0384844204045453,0.1194742577612508,0.9558884143829346,0.5098284331692808
vit_tiny,outputs/vit_tiny_v3_seed456,4100,6,6,0.0296361990738951,0.6158619700321246,0.955763304233551,0.436179485572238
vit_tiny,outputs/vit_tiny_v3_seed456,6861,6,1,0.1171553345154734,0.4653675958381882,0.9224960923194884,0.456727966877499
vit_tiny,outputs/vit_tiny_v3_seed456,4593,6,6,0.0251047071606631,0.4055957112354278,0.9700093865394592,0.5883219816089879
vit_tiny,outputs/vit_tiny_v3_seed456,9904,6,6,0.0251814755371775,0.4863368810864159,0.95174001455307,0.5909556499112912
vit_tiny,outputs/vit_tiny_v3_seed456,9906,6,4,0.0221141022367099,0.5695221816281695,0.9491347789764404,0.5766123834224224
vit_tiny,outputs/vit_tiny_v3_seed456,18601,6,6,0.1743265303184555,0.5068788530316937,0.9603397965431212,0.3150354812982119
vit_tiny,outputs/vit_tiny_v3_seed456,4584,6,6,0.0778102491078804,0.5351699568216173,0.9681055665016174,0.538560863581722
vit_tiny,outputs/vit_tiny_v3_seed456,9143,6,6,0.1753135179328371,0.3375770522526764,0.9535064101219176,0.4707579100277109
vit_tiny,outputs/vit_tiny_v3_seed456,7916,6,6,0.0259255926736354,0.5873365110366713,0.9272911190986634,0.4303981020227471
vit_tiny,outputs/vit_tiny_v3_seed456,16545,6,6,0.0696706404941878,0.4770852215002108,0.9691578388214112,0.6053152999528023
vit_tiny,outputs/vit_tiny_v3_seed456,3044,6,6,0.1748913406785561,0.6907933474730612,0.9487527251243592,0.3903249518260627
vit_tiny,outputs/vit_tiny_v3_seed456,2299,6,1,0.0428850132821025,0.5734891005682243,0.9126163840293884,0.4275368394420443
vit_tiny,outputs/vit_tiny_v3_seed456,4121,7,7,0.0252916254781965,0.8861554993567893,0.9182509660720826,0.4025635879497101
vit_tiny,outputs/vit_tiny_v3_seed456,4150,7,7,0.0441192311206624,0.8263941726813187,0.9647000670433044,0.5796026391483727
vit_tiny,outputs/vit_tiny_v3_seed456,10215,7,7,0.0252655387795393,0.6085530622772524,0.8761411547660828,0.4539189560796284
vit_tiny,outputs/vit_tiny_v3_seed456,4160,7,7,0.0257120113554947,0.7648717068524888,0.9507864594459534,0.5322596459914317
vit_tiny,outputs/vit_tiny_v3_seed456,4109,7,7,0.0513575842022842,0.7731294189922551,0.9741219401359558,0.6141300609309787
vit_tiny,outputs/vit_tiny_v3_seed456,10845,7,7,0.0300586702375902,0.8158674471540905,0.9672024846076964,0.5026462112387579
vit_tiny,outputs/vit_tiny_v3_seed456,4113,7,7,0.124581442848207,0.7577989844968442,0.9514553666114808,0.5682868818441535
vit_tiny,outputs/vit_tiny_v3_seed456,4174,7,7,0.0838544810685633,0.7731695988848628,0.9706032395362854,0.5688780512485555
vit_tiny,outputs/vit_tiny_v3_seed456,4951,7,3,0.0778677209455054,0.6884331622277386,0.8361368298530578,0.3544507410866984
vit_tiny,outputs/vit_tiny_v3_seed456,4139,7,7,0.0254897032466665,0.9374424420461196,0.9019911646842956,0.4291450710373127
vit_tiny,outputs/vit_tiny_v3_seed456,4136,7,7,0.0250505185216685,0.7997084085913571,0.9177072882652284,0.5163968022917429
vit_tiny,outputs/vit_tiny_v3_seed456,4114,7,7,0.2756503502615164,0.8594101138482841,0.9843730211257936,0.6238802546321709
vit_tiny,outputs/vit_tiny_v3_seed456,4087,7,7,0.0252721435945382,0.8644320874545315,0.933112108707428,0.4429464794447315
vit_tiny,outputs/vit_tiny_v3_seed456,4110,7,7,0.147259153713378,0.8201448745283528,0.957411289215088,0.5774747262088139
vit_tiny,outputs/vit_tiny_v3_seed456,1627,7,7,0.0249861281770282,0.9088978875333282,0.8967249274253846,0.4358934041603023
vit_tiny,outputs/vit_tiny_v3_seed456,10935,7,3,0.1575554398721124,0.9715571388514944,0.8918504595756531,0.4290838159145926
vit_tiny,outputs/vit_tiny_v3_seed456,4606,7,7,0.0244181274470474,0.4926015860113466,0.9150129079818724,0.5383782832408911
vit_tiny,outputs/vit_tiny_v3_seed456,4164,7,7,0.073373327739854,0.9211778108960402,0.9522032499313354,0.4969155102128827
vit_tiny,outputs/vit_tiny_v3_seed456,26687,7,7,0.0539685556121778,0.5964817909467897,0.8553974866867066,0.3896644778238794
vit_tiny,outputs/vit_tiny_v3_seed456,4169,7,7,0.3400660247373306,0.8168062514985621,0.9830223798751831,0.4064283913806819
vit_tiny,outputs/vit_tiny_v3_seed456,4605,7,7,0.0252305097485674,0.8241693565666424,0.8940734028816223,0.5096376869718976
vit_tiny,outputs/vit_tiny_v3_seed456,10918,7,7,0.0263126847758314,0.8234243378337283,0.9417579412460328,0.5364178030065991
vit_tiny,outputs/vit_tiny_v3_seed456,20030,8,6,0.18966752746852,0.4168921115940556,0.9575060606002808,0.3216237547731128
vit_tiny,outputs/vit_tiny_v3_seed456,29752,8,8,0.124343314694209,0.3230228307945513,0.9946040511131288,0.6494696393014536
vit_tiny,outputs/vit_tiny_v3_seed456,25340,8,6,0.1217264534681312,0.1247425728628126,0.9766226530075072,0.4967680688467389
vit_tiny,outputs/vit_tiny_v3_seed456,994,8,6,0.1969214463747404,0.3643569191252176,0.9721909284591674,0.4108702485507308
vit_tiny,outputs/vit_tiny_v3_seed456,25590,8,8,0.0758922207240742,0.1747474724975397,0.9813254952430726,0.4282264859919769
vit_tiny,outputs/vit_tiny_v3_seed456,19770,8,8,0.0960423562226626,0.3699000147682012,0.9837698817253112,0.5651240706279715
vit_tiny,outputs/vit_tiny_v3_seed456,3534,8,8,0.1255670195749672,0.325416923752746,0.9917333841323852,0.6357986825936218
vit_tiny,outputs/vit_tiny_v3_seed456,19860,8,6,0.1658575334952843,0.3126202089523637,0.972211730480194,0.3554588231215612
vit_tiny,outputs/vit_tiny_v3_seed456,25599,8,8,0.1130541525462627,0.1840362223011089,0.9843996167182922,0.4908861065136891
vit_tiny,outputs/vit_tiny_v3_seed456,19849,8,8,0.0751884659018351,0.3084488787467334,0.9834786653518676,0.5999613017781417
vit_tiny,outputs/vit_tiny_v3_seed456,25604,8,8,0.0743039842085515,0.1738514724927795,0.9753681182861328,0.3982557899460915
vit_tiny,outputs/vit_tiny_v3_seed456,3628,8,8,0.0985001531716172,0.372950425882232,0.9876376032829284,0.6817118448978964
vit_tiny,outputs/vit_tiny_v3_seed456,24624,8,6,0.2506526279948371,0.3304679375347987,0.9727266311645508,0.4331372855405974
vit_tiny,outputs/vit_tiny_v3_seed456,19741,8,8,0.1285449540490617,0.3733529363269028,0.988962697982788,0.6432951904046831
vit_tiny,outputs/vit_tiny_v3_seed456,19783,8,8,0.1234748063238697,0.3659686526977017,0.9824147820472716,0.5895697356872757
vit_tiny,outputs/vit_tiny_v3_seed456,14473,8,8,0.0747596561052041,0.1995194522829457,0.9831561803817748,0.563118056207651
vit_tiny,outputs/vit_tiny_v3_seed456,34331,8,8,0.1240215936639033,0.2736697644506183,0.9915836334228516,0.4873470877264362
vit_tiny,outputs/vit_tiny_v3_seed456,33036,8,8,0.0747876136626679,0.2739104045179843,0.98068208694458,0.5854892894246001
vit_tiny,outputs/vit_tiny_v3_seed456,25277,8,8,0.0755243942111167,0.1249569681036053,0.985247814655304,0.2095185731336574
vit_tiny,outputs/vit_tiny_v3_seed456,7807,8,8,0.1256142948789014,0.3236118219556108,0.9945149660110474,0.6792075699818487
vit_tiny,outputs/vit_tiny_v3_seed456,25320,8,8,0.0776357008523778,0.2739070119203814,0.98786643743515,0.5301687306574027
vit_tiny,outputs/vit_tiny_v3_seed456,527,8,8,0.1200370838638837,0.3582147440573582,0.9889786958694458,0.5949768422796162
swin_tiny,outputs/swin_tiny_seed123,11598,0,0,0.7295312939554606,0.8279982207604917,0.7322036862373352,-0.0195477813906586
swin_tiny,outputs/swin_tiny_seed123,8612,0,0,0.5162461447612259,0.5945849629852091,0.6673595428466796,0.0102749772777812
swin_tiny,outputs/swin_tiny_seed123,32384,0,0,0.4977148684183703,0.4482279851126804,0.9687773704528808,0.0315462313386767
swin_tiny,outputs/swin_tiny_seed123,22088,0,0,0.5758189614971343,0.4892662493180069,0.6376836121082305,0.001145684413497
swin_tiny,outputs/swin_tiny_seed123,1258,0,0,0.5543888456377317,0.4388381156063587,0.9236660838127136,0.0361117724684293
swin_tiny,outputs/swin_tiny_seed123,3882,0,0,0.5347088339494803,0.7482543714540952,0.8902053117752076,-0.0479408766946011
swin_tiny,outputs/swin_tiny_seed123,26021,0,3,0.7828760448210232,0.135923945119373,0.9339359283447266,-0.091671991479521
swin_tiny,outputs/swin_tiny_seed123,28706,0,0,0.6473366176755917,0.6559972219365591,0.7644860744476318,0.0560219196492802
swin_tiny,outputs/swin_tiny_seed123,12774,0,0,0.5763265074801893,0.7149899681862735,0.8601993083953857,0.0011524780473708
swin_tiny,outputs/swin_tiny_seed123,20577,0,0,0.5899672027310316,0.6123099080068641,0.9633599400520324,0.004566326061714
swin_tiny,outputs/swin_tiny_seed123,20069,0,0,0.6264417566017073,0.7385178892272961,0.9068094849586488,0.009339942528402
swin_tiny,outputs/swin_tiny_seed123,22989,0,0,0.4979586163225349,0.4430645678064593,0.939636731147766,0.0009334430912727
swin_tiny,outputs/swin_tiny_seed123,19017,0,0,0.269967880422314,0.3966989212952967,0.7932367920875549,-0.0045790012191383
swin_tiny,outputs/swin_tiny_seed123,31697,0,0,0.5092938389825576,0.5621293195313228,0.8516610026359558,0.0347946084283659
swin_tiny,outputs/swin_tiny_seed123,23363,0,0,0.5380273159182707,0.5325369142365162,0.8224762916564942,0.0249742160093688
swin_tiny,outputs/swin_tiny_seed123,18777,0,0,0.5254869578725447,0.6698131066024189,0.9340262055397034,-0.0264748995581161
swin_tiny,outputs/swin_tiny_seed123,11832,0,0,0.5447522783351815,0.6855518057855079,0.8167275011539459,0.0001304254375086
swin_tiny,outputs/swin_tiny_seed123,28618,0,0,0.793138919500052,0.5878508492960464,0.6053233951330185,0.0265324014665425
swin_tiny,outputs/swin_tiny_seed123,22858,0,0,0.5153986534660362,0.5133710956813502,0.9955848574638366,0.0437276190824626
swin_tiny,outputs/swin_tiny_seed123,511,0,0,0.3993400046905435,0.393740670416264,0.9570682525634766,0.0198102902697613
swin_tiny,outputs/swin_tiny_seed123,29736,0,0,0.57873770038168,0.586686733937313,0.9092276453971864,0.0024905768499797
swin_tiny,outputs/swin_tiny_seed123,33474,0,0,0.7544959371298319,0.7321835894626929,0.8694381475448608,0.0262488011655199
swin_tiny,outputs/swin_tiny_seed123,25573,1,0,0.696057094468415,0.3656899156881081,0.8045909702777863,0.0658507167080593
swin_tiny,outputs/swin_tiny_seed123,4312,1,1,0.4724752762918118,0.9224802414275022,0.989828395843506,0.3877588979885326
swin_tiny,outputs/swin_tiny_seed123,24225,1,1,0.1685196940506523,0.645720912679872,0.7546759128570557,0.0624912746003207
swin_tiny,outputs/swin_tiny_seed123,5114,1,1,0.6496563341211417,0.7261215921108946,0.6517013490200043,0.0418451562297075
swin_tiny,outputs/swin_tiny_seed123,107,1,3,0.5544758522946722,0.272133208341927,0.918448543548584,-0.1321574817274131
swin_tiny,outputs/swin_tiny_seed123,10443,1,3,0.3070795328561644,0.5350424040652229,0.9450246095657348,-0.0942356306348517
swin_tiny,outputs/swin_tiny_seed123,5117,1,1,0.4765302439539693,0.5250627536007872,0.7438394784927368,0.0392881112156782
swin_tiny,outputs/swin_tiny_seed123,27764,1,1,0.1616451258135507,0.7337080099925064,0.9889178514480592,0.0485145345137847
swin_tiny,outputs/swin_tiny_seed123,31588,1,1,0.2674237742930021,0.2391942690643649,0.6354433536529541,-0.0652557236409506
swin_tiny,outputs/swin_tiny_seed123,5131,1,1,0.6858651303608143,0.4968669052447243,0.7707619547843934,-0.0227919578678359
swin_tiny,outputs/swin_tiny_seed123,1761,1,1,0.2163359877321031,0.7110697995644033,0.7503587067127228,0.0214368655819702
swin_tiny,outputs/swin_tiny_seed123,34288,1,1,0.3357640246532813,0.940909599859106,0.8153710961341858,0.1265885474563693
swin_tiny,outputs/swin_tiny_seed123,26309,1,0,0.4598784618374338,0.4624901879114986,0.8498762845993042,0.0639896681380919
swin_tiny,outputs/swin_tiny_seed123,21752,1,2,0.102318407618295,0.1982002373023266,0.7911023139953614,-0.0323349525350863
swin_tiny,outputs/swin_tiny_seed123,20801,1,1,0.1791241218833317,0.819830212798843,0.9804196000099182,0.3192290232754191
swin_tiny,outputs/swin_tiny_seed123,17666,1,1,0.1617479051352575,0.0616167230009558,0.8373439192771912,-0.080295259041433
swin_tiny,outputs/swin_tiny_seed123,16706,1,1,0.0847708884685398,0.7051708906630214,0.6988521337509155,0.1331501299246508
swin_tiny,outputs/swin_tiny_seed123,6553,1,1,0.4704520849619715,0.8513833838398117,0.990436053276062,0.0828622055043518
swin_tiny,outputs/swin_tiny_seed123,18583,1,1,0.1573947199870478,0.9283008522208096,0.9979809761047364,0.2665985419677205
swin_tiny,outputs/swin_tiny_seed123,20787,1,1,0.1714823248183368,0.6212612762534722,0.9584614276885988,0.1948150981654528
swin_tiny,outputs/swin_tiny_seed123,33870,1,0,0.3912513629697969,0.6720637882044684,0.9215811371803284,-0.0033289086526639
swin_tiny,outputs/swin_tiny_seed123,19563,1,1,0.6567310848214678,0.954245626987495,0.990586268901825,0.3405491511551631
swin_tiny,outputs/swin_tiny_seed123,2399,2,2,0.7278132839027869,0.7380388406475529,0.8798900723457337,0.0449634427933779
swin_tiny,outputs/swin_tiny_seed123,4407,2,2,0.2259018683828682,0.6980777964806659,0.9438713788986206,0.0441761250647629
swin_tiny,outputs/swin_tiny_seed123,2272,2,2,0.7723992561058892,0.6377178973527489,0.9030086636543274,0.0171048459140912
swin_tiny,outputs/swin_tiny_seed123,2489,2,2,0.608920095604434,0.4933492715737539,0.871018934249878,-0.0101355310133781
swin_tiny,outputs/swin_tiny_seed123,1496,2,2,0.6632816195737199,0.5574966673564514,0.9006449103355407,0.0388382511692635
swin_tiny,outputs/swin_tiny_seed123,2232,2,2,0.7871207801126072,0.7382476232785873,0.7931376695632935,0.0183710789156561
swin_tiny,outputs/swin_tiny_seed123,2415,2,2,0.512587567183755,0.6879544477912898,0.887551212310791,-0.0093855003107786
swin_tiny,outputs/swin_tiny_seed123,2382,2,2,0.644253251054824,0.8664149916015074,0.8793642282485962,0.0369909186669271
swin_tiny,outputs/swin_tiny_seed123,2510,2,2,0.5513841266814863,0.4888729439875323,0.8420660376548768,-0.0112461017938662
swin_tiny,outputs/swin_tiny_seed123,19664,2,2,0.6438680287410641,0.4883129459964817,0.8178601145744324,-0.0245282923341295
swin_tiny,outputs/swin_tiny_seed123,2740,2,2,0.3586238564346828,0.7528784742301458,0.8690992832183838,-0.0063055949063518
swin_tiny,outputs/swin_tiny_seed123,4872,2,2,0.5826413458432369,0.6479118138478652,0.948624050617218,0.0091430382059492
swin_tiny,outputs/swin_tiny_seed123,4574,2,2,0.5466924699749995,0.6831992818918184,0.7834092259407044,-0.0221568104159583
swin_tiny,outputs/swin_tiny_seed123,4029,2,2,0.5350822319956539,0.6928934182094917,0.8925251245498658,0.0211803801179384
swin_tiny,outputs/swin_tiny_seed123,18720,2,2,0.4375297024701865,0.604430412092535,0.7970869183540344,-0.0370307240167371
swin_tiny,outputs/swin_tiny_seed123,1514,2,2,0.6478908047583225,0.4168825651859649,0.831924569606781,0.0432267705732078
swin_tiny,outputs/swin_tiny_seed123,1550,2,2,0.5700755325953875,0.6124667731705546,0.8578631758689881,-0.0048162412473814
swin_tiny,outputs/swin_tiny_seed123,4564,2,2,0.5298312406373391,0.4466437383359132,0.816650664806366,0.0038694537598089
swin_tiny,outputs/swin_tiny_seed123,4498,2,2,0.5581051368023826,0.5152820140794656,0.7914785027503968,-0.0126079799525311
swin_tiny,outputs/swin_tiny_seed123,1557,2,2,0.2320049989721333,0.6189687601379879,0.8530997633934021,-0.0589869688296608
swin_tiny,outputs/swin_tiny_seed123,2195,2,2,0.43278438209933,0.6404800555244403,0.8851206660270691,-0.0317310917093276
swin_tiny,outputs/swin_tiny_seed123,2545,2,2,0.4375601177125765,0.684210246775967,0.928983962535858,-0.0120128936587793
swin_tiny,outputs/swin_tiny_seed123,12693,3,0,0.223142386269501,0.5543658794140356,0.876848554611206,0.0178495368161336
swin_tiny,outputs/swin_tiny_seed123,4750,3,3,0.7803223668421424,0.0555517569579819,0.9400646805763244,-0.0748972815426187
swin_tiny,outputs/swin_tiny_seed123,18268,3,3,0.905428694145428,0.2976733756464114,0.964769446849823,-0.1559934157988876
swin_tiny,outputs/swin_tiny_seed123,18844,3,3,0.3504846163359048,0.8025803870468167,0.9257911443710328,0.0688872718626992
swin_tiny,outputs/swin_tiny_seed123,29937,3,1,0.0852929311680288,0.4633094923856564,0.7298100650310516,0.1778230457537865
swin_tiny,outputs/swin_tiny_seed123,1367,3,3,0.7535319518212305,0.6063303765134265,0.9949651956558228,-0.0018158884273859
swin_tiny,outputs/swin_tiny_seed123,26201,3,3,0.8851658390985335,0.3703215897240284,0.9483959913253784,-0.2122399981547894
swin_tiny,outputs/swin_tiny_seed123,7843,3,0,0.4222464995589234,0.2261761686891077,0.9627736687660218,0.0787317284506397
swin_tiny,outputs/swin_tiny_seed123,25933,3,0,0.6659735474604531,0.5578783917299006,0.8482913732528686,0.0190572014920475
swin_tiny,outputs/swin_tiny_seed123,7777,3,3,0.3609309127494384,0.9480735334572614,0.9444338321685792,0.1004086588143668
swin_tiny,outputs/swin_tiny_seed123,3199,3,3,0.3098857649664239,0.6209284466446547,0.856356966495514,-0.0383483594009965
swin_tiny,outputs/swin_tiny_seed123,1633,3,3,0.1326901223132495,0.919776476172899,0.9939130306243896,0.2016560308324018
swin_tiny,outputs/swin_tiny_seed123,5569,3,4,0.2725362826509496,0.5608241585583373,0.5255106151103973,0.0677849082172532
swin_tiny,outputs/swin_tiny_seed123,32022,3,3,0.4728418205913272,0.8784081796611076,0.9170613884925842,-0.0926004004112066
swin_tiny,outputs/swin_tiny_seed123,4352,3,3,0.6986658587470629,0.9286447781841504,0.9977016925811768,0.2571782115102413
swin_tiny,outputs/swin_tiny_seed123,5398,3,3,0.8191445902927512,0.6309128906495403,0.9205973625183106,0.0012543444210138
swin_tiny,outputs/swin_tiny_seed123,1836,3,3,0.9554245507233076,0.1330298096478941,0.8371063590049743,-0.1375198109963195
swin_tiny,outputs/swin_tiny_seed123,6819,3,5,0.4892334677042527,0.5176816630614667,0.991508400440216,0.0947184682595133
swin_tiny,outputs/swin_tiny_seed123,30428,3,3,0.7434626093226484,0.1497350455302353,0.9607141137123107,-0.0846494650791019
swin_tiny,outputs/swin_tiny_seed123,11121,3,3,0.6047287235332419,0.158641098471719,0.9406171917915344,-0.122771745264618
swin_tiny,outputs/swin_tiny_seed123,34333,3,3,0.9236518208699068,0.259677928134522,0.8209027051925659,-0.1296196688073096
swin_tiny,outputs/swin_tiny_seed123,11558,3,3,0.767572163192483,0.3155557137528717,0.9729288458824158,-0.0692727874026365
swin_tiny,outputs/swin_tiny_seed123,15095,4,4,0.2971007797546501,0.6065817934842601,0.8674424052238464,0.0887233109014442
swin_tiny,outputs/swin_tiny_seed123,5482,4,4,0.4725953510458462,0.4725478767999052,0.9466842174530028,-0.0544012536941781
swin_tiny,outputs/swin_tiny_seed123,27612,4,4,0.3036594316969037,0.6222421597791765,0.9892139554023742,0.0029980536718824
swin_tiny,outputs/swin_tiny_seed123,9711,4,4,0.4346392375107299,0.3827757531155029,0.8849910616874694,-0.0368749600330384
swin_tiny,outputs/swin_tiny_seed123,2485,4,4,0.1814109024390049,0.3574574892935409,0.6975230693817138,0.0029092115862129
swin_tiny,outputs/swin_tiny_seed123,25055,4,0,0.5761042215417547,0.362768411120669,0.960915982723236,0.0709352253032828
swin_tiny,outputs/swin_tiny_seed123,25226,4,0,0.628328680892082,0.5884719937366754,0.8851966500282288,0.0317784559134449
swin_tiny,outputs/swin_tiny_seed123,2517,4,4,0.4705464198225186,0.5171386130166677,0.9377221822738648,0.0216442603161876
swin_tiny,outputs/swin_tiny_seed123,3986,4,4,0.3945231098008761,0.4590046185416465,0.9696655392646788,-0.0219701983430064
swin_tiny,outputs/swin_tiny_seed123,5449,4,4,0.4445317027062812,0.3232166915191179,0.9043150544166564,-0.0727916883311676
swin_tiny,outputs/swin_tiny_seed123,25650,4,0,0.1958941694529699,0.2565500437985974,0.8905725717544556,0.0194183104892374
swin_tiny,outputs/swin_tiny_seed123,5353,4,4,0.4762711971962314,0.4737253125426264,0.9884967923164368,0.0209181965566267
swin_tiny,outputs/swin_tiny_seed123,13786,4,4,0.443668713517896,0.381599875294131,0.9543281078338623,-0.0045930538562802
swin_tiny,outputs/swin_tiny_seed123,4322,4,4,0.3568993100054918,0.6415924785594456,0.969274365901947,0.0635696926252038
swin_tiny,outputs/swin_tiny_seed123,25639,4,4,0.449298656751484,0.300731447369067,0.9524308681488036,-0.0132496423985556
swin_tiny,outputs/swin_tiny_seed123,25205,4,4,0.3106390472403948,0.4992625125727379,0.6331240892410278,0.015755090325297
swin_tiny,outputs/swin_tiny_seed123,1831,4,4,0.4597694503561147,0.5758370860839204,0.9613858819007872,0.0147211670108575
swin_tiny,outputs/swin_tiny_seed123,3536,4,4,0.3617875340517378,0.2738573266305897,0.9738853216171264,-0.089486941396099
swin_tiny,outputs/swin_tiny_seed123,2096,4,4,0.2864832829348236,0.6673560121469957,0.958819591999054,0.0948753126121649
swin_tiny,outputs/swin_tiny_seed123,5469,4,4,0.4761995885194738,0.4815841724243128,0.988128411769867,-0.0038814373936492
swin_tiny,outputs/swin_tiny_seed123,5050,4,4,0.4324047925120688,0.5277450378225486,0.9847148776054382,0.0804929471212593
swin_tiny,outputs/swin_tiny_seed123,25655,4,4,0.3475049003591195,0.35380040894524,0.8048858642578125,-0.0402516621840279
swin_tiny,outputs/swin_tiny_seed123,25122,5,5,0.3632435342487952,0.8099894246151962,0.9786228895187378,0.1044648011821869
swin_tiny,outputs/swin_tiny_seed123,25439,5,5,0.3769552412680923,0.7252174191362428,0.9432632207870484,0.075939619742685
swin_tiny,outputs/swin_tiny_seed123,12884,5,5,0.4762920202720124,0.9019909897906472,0.9778525471687316,0.1038643402339824
swin_tiny,outputs/swin_tiny_seed123,29842,5,0,0.3312390422979661,0.6097020643624091,0.917887806892395,-0.000636258887717
swin_tiny,outputs/swin_tiny_seed123,4418,5,0,0.2155384496441001,0.5179554056467168,0.8384068965911865,-0.047002195253923
swin_tiny,outputs/swin_tiny_seed123,3147,5,3,0.2898366654284814,0.1567766035829549,0.9616853713989256,-0.0607338311050659
swin_tiny,outputs/swin_tiny_seed123,10773,5,3,0.4510190519033585,0.3647466633416911,0.9757774949073792,-0.1239733698691445
swin_tiny,outputs/swin_tiny_seed123,12766,5,1,0.0173470428112931,0.6922364376943282,0.7312820255756378,0.0147370240019892
swin_tiny,outputs/swin_tiny_seed123,30524,5,3,0.6931993788998057,0.2149553672936122,0.8820372223854065,-0.0763960388387912
swin_tiny,outputs/swin_tiny_seed123,1993,5,0,0.4607778619792952,0.5299596355034737,0.6356184661388398,0.0753983557121445
swin_tiny,outputs/swin_tiny_seed123,1632,5,5,0.3419422999868402,0.6964282590342918,0.8192831754684449,0.0818277988706702
swin_tiny,outputs/swin_tiny_seed123,2903,5,0,0.7618251033418346,0.492987402700237,0.8737990498542786,0.0633000946851818
swin_tiny,outputs/swin_tiny_seed123,4288,5,5,0.3055697899953884,0.8009696268854896,0.94501690864563,0.0420186004612348
swin_tiny,outputs/swin_tiny_seed123,26488,5,5,0.2255612515864413,0.7516319528804161,0.9941284537315368,0.0441450694857562
swin_tiny,outputs/swin_tiny_seed123,2127,5,0,0.3404907524563896,0.6690987925539957,0.7829282402992248,0.0386486169146064
swin_tiny,outputs/swin_tiny_seed123,31012,5,5,0.4833726595024927,0.5011416859160818,0.9746673941612244,0.0662407476524712
swin_tiny,outputs/swin_tiny_seed123,26627,5,0,0.2929353030290258,0.4312603395937913,0.7132784366607666,-0.0117370707153501
swin_tiny,outputs/swin_tiny_seed123,19032,5,1,0.137775307517197,0.3197365445088511,0.7307940244674682,0.0460627060793865
swin_tiny,outputs/swin_tiny_seed123,1301,5,5,0.342133904264756,0.8039507898984084,0.9885590434074402,0.1223130674592602
swin_tiny,outputs/swin_tiny_seed123,21284,5,5,0.5147365561570041,0.5988702737231506,0.9436645627021788,-0.0454137382011366
swin_tiny,outputs/swin_tiny_seed123,2304,5,5,0.5965835074457573,0.3960899473750032,0.6269599795341492,-0.063264083784584
swin_tiny,outputs/swin_tiny_seed123,32350,5,5,0.5480962657511554,0.5790429904847656,0.8379770874977112,0.0506518171256611
swin_tiny,outputs/swin_tiny_seed123,4090,6,6,0.2288069451124512,0.4314120962497889,0.8473766326904297,-0.0083709681042347
swin_tiny,outputs/swin_tiny_seed123,1458,6,6,0.2829547253095241,0.435256330388178,0.9643505215644836,0.0096755280311383
swin_tiny,outputs/swin_tiny_seed123,9806,6,6,0.1166030296122455,0.1573399664887391,0.7305348157882691,-0.0137853751722419
swin_tiny,outputs/swin_tiny_seed123,5362,6,6,0.3006388907575426,0.2843611341913412,0.9002263426780701,0.0914381985654955
swin_tiny,outputs/swin_tiny_seed123,20186,6,6,0.4389768793237847,0.6697386607543647,0.9777102708816529,0.0503813170258534
swin_tiny,outputs/swin_tiny_seed123,13709,6,6,0.2586439947859254,0.3045485869129374,0.8459582328796387,0.0407704917187396
swin_tiny,outputs/swin_tiny_seed123,4101,6,6,0.111221328897759,0.5518339268120336,0.9836787581443788,0.2711539724848713
swin_tiny,outputs/swin_tiny_seed123,25601,6,6,0.1875311177443459,0.3563248105555368,0.897998309135437,-0.1129118077825805
swin_tiny,outputs/swin_tiny_seed123,4094,6,6,0.2281580046508813,0.3789818985772328,0.9894052147865297,0.2318330639614874
swin_tiny,outputs/swin_tiny_seed123,25595,6,6,0.0838445678528241,0.3898753599487743,0.9579042673110962,0.2093196182747519
swin_tiny,outputs/swin_tiny_seed123,4100,6,6,0.0892145444242897,0.4112958112393863,0.9816476345062256,0.2220679454139994
swin_tiny,outputs/swin_tiny_seed123,6861,6,6,0.1191229951479573,0.1350070699074192,0.8949381232261657,-0.0054725149585144
swin_tiny,outputs/swin_tiny_seed123,4593,6,3,0.8382437229336119,0.6111454665930864,0.9307060599327088,-0.128128501309941
swin_tiny,outputs/swin_tiny_seed123,9904,6,6,0.1473777375336107,0.3138441993676912,0.9632608890533448,0.0298835128582532
swin_tiny,outputs/swin_tiny_seed123,9906,6,3,0.3866128762501262,0.6787699451123785,0.9865002036094666,-0.0526681290206785
swin_tiny,outputs/swin_tiny_seed123,18601,6,6,0.4704622322205263,0.4329048402136601,0.9703904747962953,0.036547352074744
swin_tiny,outputs/swin_tiny_seed123,4584,6,6,0.0746934464836028,0.2809591842930601,0.9925110340118408,0.2830695532688083
swin_tiny,outputs/swin_tiny_seed123,9143,6,6,0.3134056579388722,0.4030018791415446,0.9470476746559144,0.1364209001467607
swin_tiny,outputs/swin_tiny_seed123,7916,6,6,0.1493975876835369,0.6306937151935945,0.9304312229156494,0.2059084203369154
swin_tiny,outputs/swin_tiny_seed123,16545,6,3,0.7138079828855552,0.7958692391175077,0.9851191997528076,0.1050844577144286
swin_tiny,outputs/swin_tiny_seed123,3044,6,6,0.5367917400690243,0.5073995206845741,0.94359872341156,0.047353818848124
swin_tiny,outputs/swin_tiny_seed123,2299,6,6,0.3100561230919459,0.4924724345596454,0.624977958202362,-0.0092383390934912
swin_tiny,outputs/swin_tiny_seed123,4121,7,7,0.359210105443622,0.4954334964073918,0.9941851258277892,0.0034976177857542
swin_tiny,outputs/swin_tiny_seed123,4150,7,7,0.2725603789088586,0.720270552168127,0.9933163523674012,0.3129790028296015
swin_tiny,outputs/swin_tiny_seed123,10215,7,7,0.2007355631392786,0.3247254510286961,0.6924972772598267,0.0194346186495942
swin_tiny,outputs/swin_tiny_seed123,4160,7,7,0.232879893510377,0.7763819783444479,0.9836620926856996,0.1329508739616708
swin_tiny,outputs/swin_tiny_seed123,4109,7,7,0.358164002102832,0.3493919805205163,0.9922163128852844,0.3288190359405589
swin_tiny,outputs/swin_tiny_seed123,10845,7,7,0.4344755836738998,0.3849639120823021,0.9930501222610474,0.1345012062500138
swin_tiny,outputs/swin_tiny_seed123,4113,7,7,0.2185666439366458,0.43658828162943,0.9480655312538148,0.1694837508080392
swin_tiny,outputs/swin_tiny_seed123,4174,7,7,0.3696649738996171,0.670769773572284,0.9740912318229676,0.2913581126104376
swin_tiny,outputs/swin_tiny_seed123,4951,7,3,0.6853398686934611,0.1283507489233102,0.9532103419303894,-0.0947991600290433
swin_tiny,outputs/swin_tiny_seed123,4139,7,7,0.7201383436878208,0.6265982008482167,0.9615044116973877,0.0109956874616292
swin_tiny,outputs/swin_tiny_seed123,4136,7,7,0.3362179577574933,0.6083426171015297,0.9382911562919616,0.1799529244543973
swin_tiny,outputs/swin_tiny_seed123,4114,7,7,0.6666462421087112,0.6505643396397076,0.9900140762329102,-0.0092211717038547
swin_tiny,outputs/swin_tiny_seed123,4087,7,7,0.2876295615994195,0.729291816803336,0.9908778071403505,0.1424755010309933
swin_tiny,outputs/swin_tiny_seed123,4110,7,7,0.4985733140118045,0.4698441584563597,0.9811178803443908,0.2706788255842988
swin_tiny,outputs/swin_tiny_seed123,1627,7,7,0.1402949640395618,0.3279601544381878,0.9677640676498414,0.1330510294735535
swin_tiny,outputs/swin_tiny_seed123,10935,7,3,0.3339286519612301,0.2060833884624457,0.9292177438735962,0.0002702739685356
swin_tiny,outputs/swin_tiny_seed123,4606,7,7,0.262210413996975,0.7311450388168528,0.9488900899887084,0.2123936183387342
swin_tiny,outputs/swin_tiny_seed123,4164,7,7,0.3124913014870563,0.766572507156194,0.9185068011283876,0.0838655984229177
swin_tiny,outputs/swin_tiny_seed123,26687,7,7,0.2251406360857348,0.0834692147329532,0.9893197774887084,0.0079725804618529
swin_tiny,outputs/swin_tiny_seed123,4169,7,7,0.4671813817115935,0.6993626515632613,0.9489045739173888,-0.2312254144680574
swin_tiny,outputs/swin_tiny_seed123,4605,7,7,0.2608849165478513,0.7989016164157459,0.9698843717575072,0.1763634339749398
swin_tiny,outputs/swin_tiny_seed123,10918,7,7,0.516742417385555,0.3926615151666746,0.9295143008232116,0.0525244910291797
swin_tiny,outputs/swin_tiny_seed123,20030,8,6,0.359085753568747,0.4501667112509797,0.9597139120101928,-0.0463695931559703
swin_tiny,outputs/swin_tiny_seed123,29752,8,8,0.2342260412523413,0.1581515278817526,0.9761441707611084,-1.0197064062781022e-05
swin_tiny,outputs/swin_tiny_seed123,25340,8,3,0.865455539511288,0.3739797122547657,0.9661590695381164,0.147015212394539
swin_tiny,outputs/swin_tiny_seed123,994,8,6,0.1703232534894345,0.4512836424427049,0.8369057655334473,-0.0595624164043501
swin_tiny,outputs/swin_tiny_seed123,25590,8,8,0.1059271718877761,0.1456250386275636,0.9031681537628172,0.1353167806670923
swin_tiny,outputs/swin_tiny_seed123,19770,8,8,0.182316535052209,0.1246051566458835,0.9468330979347228,-0.0643469895943009
swin_tiny,outputs/swin_tiny_seed123,3534,8,8,0.2541939880629797,0.1721470059326693,0.9124159812927246,-0.0141231527012468
swin_tiny,outputs/swin_tiny_seed123,19860,8,8,0.0700544474963511,0.1095630235690813,0.9444697380065918,0.2374379259661948
swin_tiny,outputs/swin_tiny_seed123,25599,8,8,0.1229483673111819,0.1717270673475881,0.9419902443885804,0.1493617189212591
swin_tiny,outputs/swin_tiny_seed123,19849,8,8,0.121430287617759,0.2220588786569595,0.9913980841636658,0.2277328481093775
swin_tiny,outputs/swin_tiny_seed123,25604,8,6,0.2999252214220755,0.2589508866877983,0.8969412326812745,-0.1452740427826169
swin_tiny,outputs/swin_tiny_seed123,3628,8,8,0.1466092050416187,0.2219268974410878,0.9856152415275574,0.2473867424049635
swin_tiny,outputs/swin_tiny_seed123,24624,8,6,0.3221583049859704,0.3925570452395361,0.9885533928871156,-0.1648378345014793
swin_tiny,outputs/swin_tiny_seed123,19741,8,8,0.3162000480067909,0.1737096845773899,0.8966735959053039,-0.1118432226507442
swin_tiny,outputs/swin_tiny_seed123,19783,8,8,0.1622999637384007,0.1316066637671489,0.9883393764495848,0.1328452290257604
swin_tiny,outputs/swin_tiny_seed123,14473,8,8,0.1086992317764998,0.1641901493199336,0.9612152576446532,0.2359221089053793
swin_tiny,outputs/swin_tiny_seed123,34331,8,8,0.1762027034921067,0.1254671571229179,0.943737018108368,0.0529811776973413
swin_tiny,outputs/swin_tiny_seed123,33036,8,8,0.1243892234357719,0.0844351217599443,0.9075205445289612,0.0032999149693461
swin_tiny,outputs/swin_tiny_seed123,25277,8,8,0.0717286276628144,0.1663523399948787,0.9465337872505188,0.1550107151316614
swin_tiny,outputs/swin_tiny_seed123,7807,8,8,0.256434626118167,0.169951354324654,0.9169811010360718,-0.0506976765143177
swin_tiny,outputs/swin_tiny_seed123,25320,8,8,0.2025210253600313,0.1443189862034775,0.9689262747764588,0.0738862269138675
swin_tiny,outputs/swin_tiny_seed123,527,8,8,0.1917324280888697,0.1392515027273672,0.9165675401687622,-0.0129155364268767
swin_tiny,outputs/swin_tiny_seed456,11598,0,0,0.797752538604982,0.860917012905702,0.9375335574150084,0.053982804286507
swin_tiny,outputs/swin_tiny_seed456,8612,0,0,0.7298777928954223,0.5837554302142962,0.7294166207313537,0.0194468858352099
swin_tiny,outputs/swin_tiny_seed456,32384,0,0,0.7606581668478611,0.7344852948481275,0.9498631596565248,0.0573935156435746
swin_tiny,outputs/swin_tiny_seed456,22088,0,0,0.5785217448701587,0.6776270553018549,0.8373761415481568,0.0250025686796606
swin_tiny,outputs/swin_tiny_seed456,1258,0,0,0.849591998179676,0.4929878177695173,0.960965383052826,0.0759914269429538
swin_tiny,outputs/swin_tiny_seed456,3882,0,0,0.5323454094759654,0.6838379418913973,0.8760928034782409,0.0028777218317127
swin_tiny,outputs/swin_tiny_seed456,26021,0,3,0.9584654240711644,0.3373755976258508,0.9474165678024292,-0.1386977937147005
swin_tiny,outputs/swin_tiny_seed456,28706,0,0,0.7884863994258922,0.7749902386294707,0.8834204792976379,0.0478297753932098
swin_tiny,outputs/swin_tiny_seed456,12774,0,0,0.8799839459534269,0.7274065066267212,0.7535881936550141,0.015036176798641
swin_tiny,outputs/swin_tiny_seed456,20577,0,0,0.6868092054196495,0.6633524196972758,0.9037867426872254,0.0348682352503449
swin_tiny,outputs/swin_tiny_seed456,20069,0,0,0.4756288320986641,0.6035516065676347,0.8345744609832764,0.0503502843929195
swin_tiny,outputs/swin_tiny_seed456,22989,0,0,0.6029159753579734,0.6704989357822342,0.8963351011276245,0.0016662700953934
swin_tiny,outputs/swin_tiny_seed456,19017,0,0,0.7889290047041868,0.558929684360919,0.7981353163719177,0.0516811326495991
swin_tiny,outputs/swin_tiny_seed456,31697,0,0,0.7390168531073869,0.5600574372201663,0.9691314101219176,0.0465445747936602
swin_tiny,outputs/swin_tiny_seed456,23363,0,0,0.6532699429590139,0.7150548137105943,0.8878286957740784,0.0104284124441173
swin_tiny,outputs/swin_tiny_seed456,18777,0,0,0.6049645569919448,0.595570024409426,0.8669283628463745,0.0643854188181328
swin_tiny,outputs/swin_tiny_seed456,11832,0,0,0.6953686665715395,0.4603698211853952,0.88402259349823,0.0069546911943163
swin_tiny,outputs/swin_tiny_seed456,28618,0,5,0.1930679723685671,0.704391398219741,0.582708740234375,-0.0105167105822053
swin_tiny,outputs/swin_tiny_seed456,22858,0,0,0.6590698556246934,0.6699258816297515,0.9749384880065918,0.0429586118491702
swin_tiny,outputs/swin_tiny_seed456,511,0,0,0.5167669651600022,0.5526529467297223,0.9245543003082276,0.0906301209873566
swin_tiny,outputs/swin_tiny_seed456,29736,0,0,0.7784620398779225,0.8099971110386832,0.9081336617469788,-0.0268438485045905
swin_tiny,outputs/swin_tiny_seed456,33474,0,0,0.7799559896448045,0.8335884050902678,0.925101125240326,0.0356764699050584
swin_tiny,outputs/swin_tiny_seed456,25573,1,0,0.7708255857505719,0.4565547878846701,0.938835906982422,0.0729557450521255
swin_tiny,outputs/swin_tiny_seed456,4312,1,1,0.7391465300087479,0.955358941514442,0.9961624026298525,0.4027327929217514
swin_tiny,outputs/swin_tiny_seed456,24225,1,1,0.5263102767684362,0.7305733908896404,0.739788019657135,0.0190105349508911
swin_tiny,outputs/swin_tiny_seed456,5114,1,1,0.8052553459090177,0.4631510085408994,0.9090725064277648,-0.0891249205585378
swin_tiny,outputs/swin_tiny_seed456,107,1,1,0.1510635315606183,0.4398632153268966,0.9795076012611388,0.1241941537286601
swin_tiny,outputs/swin_tiny_seed456,10443,1,3,0.561115862423776,0.6807613715968728,0.9342937588691712,-0.1156228128230582
swin_tiny,outputs/swin_tiny_seed456,5117,1,1,0.6827472377370327,0.3295332068297743,0.8052094042301178,-0.1170603439858828
swin_tiny,outputs/swin_tiny_seed456,27764,1,1,0.2785317752012961,0.3793009695026743,0.8950159788131714,0.0245470313244377
swin_tiny,outputs/swin_tiny_seed456,31588,1,1,0.7859834584251075,0.7807735507546401,0.7040890693664551,0.0504146922290754
swin_tiny,outputs/swin_tiny_seed456,5131,1,1,0.8360259945610782,0.942324846778229,0.825279849767685,0.0752366191171555
swin_tiny,outputs/swin_tiny_seed456,1761,1,1,0.2387584782219125,0.6363761571132276,0.6474137365818023,0.0417362245997848
swin_tiny,outputs/swin_tiny_seed456,34288,1,2,0.0177912221953189,0.1111844576914062,0.9811905741691588,0.1614526984234102
swin_tiny,outputs/swin_tiny_seed456,26309,1,0,0.7222953665623209,0.2295146843198381,0.888920259475708,0.0430467260855893
swin_tiny,outputs/swin_tiny_seed456,21752,1,1,0.7735787063565116,0.9528565145436918,0.9672463774681092,0.0466471400571506
swin_tiny,outputs/swin_tiny_seed456,20801,1,1,0.1743079164597158,0.7785815447930649,0.9674381375312804,0.2494789205522944
swin_tiny,outputs/swin_tiny_seed456,17666,1,1,0.3361050782122223,0.2955443961159663,0.7776855111122132,-0.0865039574494116
swin_tiny,outputs/swin_tiny_seed456,16706,1,1,0.1325292600865797,0.7910656552402546,0.7802753984928131,0.1205418557813201
swin_tiny,outputs/swin_tiny_seed456,6553,1,1,0.8592404851943343,0.7164896579319251,0.97941232919693,-0.0614874167519207
swin_tiny,outputs/swin_tiny_seed456,18583,1,1,0.0489165627942913,0.943856244760264,0.873324066400528,0.2791399163104499
swin_tiny,outputs/swin_tiny_seed456,20787,1,1,0.2301250225894904,0.37502421857935,0.8675536572933197,0.1209519861680046
swin_tiny,outputs/swin_tiny_seed456,33870,1,0,0.7670609685592353,0.586317214248993,0.9882174491882324,0.1016001367388198
swin_tiny,outputs/swin_tiny_seed456,19563,1,1,0.8137171333764393,0.9133366713348554,0.984607195854187,0.3726134586629721
swin_tiny,outputs/swin_tiny_seed456,2399,2,2,0.717444603041745,0.4076977087448608,0.9083957076072692,-0.0266408663268648
swin_tiny,outputs/swin_tiny_seed456,4407,2,2,0.3408684342314974,0.7547610940031166,0.8404237568378449,0.0575937507315859
swin_tiny,outputs/swin_tiny_seed456,2272,2,2,0.8451065611880431,0.5147633579898692,0.7589269757270813,0.010076304287241
swin_tiny,outputs/swin_tiny_seed456,2489,2,2,0.3698211946200249,0.3974028550341479,0.9384443402290344,-0.0053186732975949
swin_tiny,outputs/swin_tiny_seed456,1496,2,2,0.5911752108779851,0.3593448073946783,0.9158684134483336,0.0415025556948011
swin_tiny,outputs/swin_tiny_seed456,2232,2,2,0.8218623386389137,0.5273089902718365,0.7750626087188721,0.0062975709829499
swin_tiny,outputs/swin_tiny_seed456,2415,2,2,0.7488733052933583,0.4356939053216766,0.827112901210785,-0.0141090396818841
swin_tiny,outputs/swin_tiny_seed456,2382,2,2,0.6579959200101708,0.4226923210766116,0.8569346785545349,-0.0074231264036243
swin_tiny,outputs/swin_tiny_seed456,2510,2,2,0.4310505389311938,0.3973532612285071,0.8318660140037537,-0.0079795825878168
swin_tiny,outputs/swin_tiny_seed456,19664,2,2,0.3894230032747368,0.6729209950043575,0.8957595944404602,-0.0287187374549856
swin_tiny,outputs/swin_tiny_seed456,2740,2,2,0.2953282157698234,0.7220236898528112,0.827777111530304,0.0059134268754699
swin_tiny,outputs/swin_tiny_seed456,4872,2,2,0.4505678970866373,0.3012332194083189,0.7914254188537597,-0.016849722606923
swin_tiny,outputs/swin_tiny_seed456,4574,2,2,0.5109148371533436,0.6105061947019887,0.7887888431549073,-0.0297806286071756
swin_tiny,outputs/swin_tiny_seed456,4029,2,2,0.5192339081416932,0.7141724518470944,0.8155105590820313,-0.0170460765937524
swin_tiny,outputs/swin_tiny_seed456,18720,2,2,0.3397836734271955,0.3709601289213164,0.858037781715393,-0.0278593544328494
swin_tiny,outputs/swin_tiny_seed456,1514,2,2,0.5099043988881995,0.3206866444558347,0.9199740290641784,0.0602829519652606
swin_tiny,outputs/swin_tiny_seed456,1550,2,2,0.4773480211253975,0.345362432105853,0.8305978298187255,-0.0052926993150047
swin_tiny,outputs/swin_tiny_seed456,4564,2,2,0.3732731662908062,0.5566960727479184,0.6963159322738648,-0.0233563693596871
swin_tiny,outputs/swin_tiny_seed456,4498,2,2,0.5209687543856987,0.3299782829627418,0.8116367280483245,-0.0280772620776429
swin_tiny,outputs/swin_tiny_seed456,1557,2,2,0.3336736855121218,0.411383204885686,0.8452927231788635,-0.0459020293891953
swin_tiny,outputs/swin_tiny_seed456,2195,2,2,0.3860007671813292,0.4697929597117731,0.9345557689666748,-0.0358537037584413
swin_tiny,outputs/swin_tiny_seed456,2545,2,2,0.4513539417288026,0.3445858500183316,0.9440697431564332,0.0149838243485849
swin_tiny,outputs/swin_tiny_seed456,12693,3,0,0.6745824794343207,0.4281865160617428,0.7679118096828461,0.1041692837948271
swin_tiny,outputs/swin_tiny_seed456,4750,3,3,0.571446281516728,0.5531749451342876,0.8580140471458435,-0.0326990687355896
swin_tiny,outputs/swin_tiny_seed456,18268,3,3,0.8525286248873272,0.8691292802354837,0.9024465680122375,-0.0804807429864528
swin_tiny,outputs/swin_tiny_seed456,18844,3,1,0.2991138922850727,0.1570545848720943,0.722340589761734,0.0594740737936377
swin_tiny,outputs/swin_tiny_seed456,29937,3,1,0.2281543140752902,0.3556913561241916,0.8194607496261597,-0.1093724139095847
swin_tiny,outputs/swin_tiny_seed456,1367,3,3,0.7752300669676515,0.8293422291212664,0.9945864796638488,0.0765517042031752
swin_tiny,outputs/swin_tiny_seed456,26201,3,3,0.8650712449411913,0.9405488911684188,0.981311297416687,0.1156048961776437
swin_tiny,outputs/swin_tiny_seed456,7843,3,4,0.3149041501315643,0.328329983947853,0.9125415802001952,-0.0365833654202472
swin_tiny,outputs/swin_tiny_seed456,25933,3,3,0.6638842680945345,0.0393992490701293,0.8818735003471374,-0.029817657350774
swin_tiny,outputs/swin_tiny_seed456,7777,3,3,0.5946274862844803,0.9583364581008028,0.95255788564682,0.0729788511952744
swin_tiny,outputs/swin_tiny_seed456,3199,3,3,0.5474049391298195,0.5749232018679322,0.8920545220375061,0.0578149723098313
swin_tiny,outputs/swin_tiny_seed456,1633,3,3,0.9707798478152654,0.1552243950437173,0.9792433619499208,-0.2064266784835981
swin_tiny,outputs/swin_tiny_seed456,5569,3,4,0.3029441580194643,0.3350661578235199,0.7920155882835388,0.0369269884067564
swin_tiny,outputs/swin_tiny_seed456,32022,3,3,0.703480713096269,0.5406432228696758,0.9177120089530943,-0.1705624166208931
swin_tiny,outputs/swin_tiny_seed456,4352,3,3,0.9218578024610906,0.9591265678132004,0.9860527396202088,-0.0658421052504964
swin_tiny,outputs/swin_tiny_seed456,5398,3,3,0.5554446449373245,0.906752802543906,0.9819353222846984,0.1465308288591926
swin_tiny,outputs/swin_tiny_seed456,1836,3,3,0.969297388535324,0.1690861417660016,0.8807581901550293,-0.1484728691829025
swin_tiny,outputs/swin_tiny_seed456,6819,3,3,0.5940454630454042,0.4607091356024284,0.939967930316925,-0.0095195023254652
swin_tiny,outputs/swin_tiny_seed456,30428,3,3,0.3321217722491383,0.8852463622692994,0.9798352599143982,0.0339972549022203
swin_tiny,outputs/swin_tiny_seed456,11121,3,3,0.7091267183882337,0.4803239402650661,0.902765130996704,-0.1090092411375155
swin_tiny,outputs/swin_tiny_seed456,34333,3,3,0.9039791873906324,0.4924128799070786,0.93024080991745,-0.1500751161546658
swin_tiny,outputs/swin_tiny_seed456,11558,3,3,0.9481741676240744,0.5123808436414947,0.9626630663871764,-0.0817929811959948
swin_tiny,outputs/swin_tiny_seed456,15095,4,4,0.316476468740297,0.5026374631806689,0.94408757686615,0.0817975216496731
swin_tiny,outputs/swin_tiny_seed456,5482,4,4,0.5228541351749425,0.4285795687266389,0.9317212224006652,-0.0819101845309337
swin_tiny,outputs/swin_tiny_seed456,27612,4,4,0.4750372048397473,0.4918387647812241,0.7995940446853638,-0.007104374205273
swin_tiny,outputs/swin_tiny_seed456,9711,4,4,0.486836954078833,0.3306694344562565,0.7355003952980042,-0.0246115467877872
swin_tiny,outputs/swin_tiny_seed456,2485,4,4,0.3929657578574339,0.4426798185077052,0.922937786579132,-0.0092636760407668
swin_tiny,outputs/swin_tiny_seed456,25055,4,0,0.3985525290863734,0.2667733886773931,0.938684928417206,0.0753224392940657
swin_tiny,outputs/swin_tiny_seed456,25226,4,0,0.6626842253899667,0.5568239273452491,0.9017583966255188,0.0310526916467454
swin_tiny,outputs/swin_tiny_seed456,2517,4,4,0.5216926730753962,0.4733217644061831,0.9170813441276552,0.0132471389444017
swin_tiny,outputs/swin_tiny_seed456,3986,4,4,0.2844299140273691,0.5629682046089126,0.9610880494117736,0.1401568035352622
swin_tiny,outputs/swin_tiny_seed456,5449,4,3,0.4008940336252635,0.8498955595164261,0.9809146285057068,0.05991262259096
swin_tiny,outputs/swin_tiny_seed456,25650,4,4,0.3603623749563915,0.4424102567183059,0.5472406536340714,-0.0375401949736345
swin_tiny,outputs/swin_tiny_seed456,5353,4,4,0.4573582275922847,0.5205406919717754,0.9579729676246644,0.0998611843443959
swin_tiny,outputs/swin_tiny_seed456,13786,4,4,0.4618879703899576,0.4466611438409851,0.897402822971344,0.0067386224134527
swin_tiny,outputs/swin_tiny_seed456,4322,4,4,0.4959801585357111,0.515204621412835,0.8906879782676697,-0.0036928573470141
swin_tiny,outputs/swin_tiny_seed456,25639,4,0,0.4922066789295058,0.2870939060940145,0.6214374601840973,0.0095868377315726
swin_tiny,outputs/swin_tiny_seed456,25205,4,4,0.2836059257819245,0.6585775770296269,0.9621099948883056,0.0428909110057529
swin_tiny,outputs/swin_tiny_seed456,1831,4,4,0.5519540621360584,0.5053502045845439,0.9894388675689696,0.0430514423777282
swin_tiny,outputs/swin_tiny_seed456,3536,4,4,0.2693294659883669,0.4654420686803013,0.973214280605316,0.0936351144957975
swin_tiny,outputs/swin_tiny_seed456,2096,4,4,0.4076714713846083,0.4909090636911122,0.9565474271774292,0.0406783042647586
swin_tiny,outputs/swin_tiny_seed456,5469,4,4,0.5085184951978778,0.4884512489608266,0.989305603504181,-0.0410958217367174
swin_tiny,outputs/swin_tiny_seed456,5050,4,4,0.6227123783255433,0.3259485743820081,0.9735024929046632,-0.0546824000777094
swin_tiny,outputs/swin_tiny_seed456,25655,4,4,0.5580642692137641,0.3751851505519568,0.9101139068603517,0.0363679290324124
swin_tiny,outputs/swin_tiny_seed456,25122,5,5,0.1744772577023923,0.5211505415004467,0.9932802200317384,0.1071822745078809
swin_tiny,outputs/swin_tiny_seed456,25439,5,5,0.0746636659100836,0.5806486771622303,0.986150562763214,0.0898157825696079
swin_tiny,outputs/swin_tiny_seed456,12884,5,5,0.1625464646526495,0.29353322779383,0.7605884671211243,0.1032717368802668
swin_tiny,outputs/swin_tiny_seed456,29842,5,0,0.728536290836928,0.3065883165745617,0.9021013498306274,0.0617030132827088
swin_tiny,outputs/swin_tiny_seed456,4418,5,5,0.0847334770069778,0.4392293603807502,0.7577810406684875,0.0502459630423235
swin_tiny,outputs/swin_tiny_seed456,3147,5,3,0.8425848516303631,0.3505986053110064,0.9336376547813416,-0.0983807212935116
swin_tiny,outputs/swin_tiny_seed456,10773,5,3,0.3506412725347445,0.9108138554106516,0.9152387857437134,0.1116134303558046
swin_tiny,outputs/swin_tiny_seed456,12766,5,5,0.0728184597088628,0.7513101178153647,0.9505959391593932,0.031774623793543
swin_tiny,outputs/swin_tiny_seed456,30524,5,3,0.9275856255221696,0.2778302538749813,0.9694425582885742,-0.0810878892424047
swin_tiny,outputs/swin_tiny_seed456,1993,5,5,0.3674681659722409,0.8080713886593003,0.6267114281654358,0.0054855475409109
swin_tiny,outputs/swin_tiny_seed456,1632,5,5,0.1400812997499088,0.9167367255959108,0.7671960085630417,0.0651341306253738
swin_tiny,outputs/swin_tiny_seed456,2903,5,5,0.5585723272670293,0.3893463244548911,0.953273034095764,0.018922358733331
swin_tiny,outputs/swin_tiny_seed456,4288,5,5,0.5881139490893474,0.8967133432187211,0.9614325761795044,0.053579055551353
swin_tiny,outputs/swin_tiny_seed456,26488,5,3,0.2247216463727568,0.9651154709822548,0.709821617603302,0.0322624836493051
swin_tiny,outputs/swin_tiny_seed456,2127,5,0,0.5815991992712952,0.4471104387089326,0.9450836062431336,0.0804527124414945
swin_tiny,outputs/swin_tiny_seed456,31012,5,5,0.5100582033756229,0.7120920134721018,0.9178123712539672,0.0586228617769947
swin_tiny,outputs/swin_tiny_seed456,26627,5,5,0.2381689163964893,0.3544246771887174,0.8202999472618103,0.0411826740429847
swin_tiny,outputs/swin_tiny_seed456,19032,5,1,0.8113016786800475,0.1735071963478685,0.7307757258415222,-0.1028159123264631
swin_tiny,outputs/swin_tiny_seed456,1301,5,5,0.179913478649496,0.5010014157603138,0.9212668657302856,0.1061291456326921
swin_tiny,outputs/swin_tiny_seed456,21284,5,5,0.4326005352868378,0.4756571941070433,0.8320979356765748,0.0347126611476043
swin_tiny,outputs/swin_tiny_seed456,2304,5,5,0.6253829213383142,0.5034084437065758,0.5279050707817078,-0.0664320418713134
swin_tiny,outputs/swin_tiny_seed456,32350,5,5,0.1464112828357429,0.2697414248851544,0.8509756326675415,0.0226436320120908
swin_tiny,outputs/swin_tiny_seed456,4090,6,6,0.4433274901618069,0.4923958159294502,0.9870589137077332,0.0950994176359575
swin_tiny,outputs/swin_tiny_seed456,1458,6,6,0.3382822691107305,0.4623703573739842,0.9165223121643068,0.0311070161389939
swin_tiny,outputs/swin_tiny_seed456,9806,6,6,0.2036291808482533,0.5032933772266994,0.8138843774795532,7.624374124036437e-05
swin_tiny,outputs/swin_tiny_seed456,5362,6,6,0.3887544053863299,0.4518951188006208,0.9244420528411864,0.0322740311918641
swin_tiny,outputs/swin_tiny_seed456,20186,6,6,0.6696481061165018,0.5611556366297408,0.95879487991333,0.0097271852650659
swin_tiny,outputs/swin_tiny_seed456,13709,6,6,0.5848518034703343,0.4575677447145856,0.920981812477112,0.0019682215267074
swin_tiny,outputs/swin_tiny_seed456,4101,6,6,0.1842849527768184,0.5650136083168418,0.9886222124099732,0.2961977765691815
swin_tiny,outputs/swin_tiny_seed456,25601,6,8,0.0569673133064718,0.1502582865441223,0.9742048621177674,0.2041689705826034
swin_tiny,outputs/swin_tiny_seed456,4094,6,6,0.4432767736779218,0.5136844812073464,0.9967651247978212,0.2120071170112029
swin_tiny,outputs/swin_tiny_seed456,25595,6,6,0.2990983159892342,0.4116857918387957,0.9770371079444884,0.2213035769334624
swin_tiny,outputs/swin_tiny_seed456,4100,6,1,0.058950406504346,0.5265773046185718,0.9795631647109986,0.0984712035811994
swin_tiny,outputs/swin_tiny_seed456,6861,6,6,0.4026802685410036,0.6995627250293155,0.959197509288788,0.0636301613446907
swin_tiny,outputs/swin_tiny_seed456,4593,6,6,0.0948981901526127,0.3101933338600644,0.9275043845176696,0.2028022620033493
swin_tiny,outputs/swin_tiny_seed456,9904,6,6,0.223921846700881,0.579189946067032,0.9011343836784362,0.1523419820349415
swin_tiny,outputs/swin_tiny_seed456,9906,6,3,0.3855206898529104,0.7118319335472734,0.988892948627472,0.1523828209236433
swin_tiny,outputs/swin_tiny_seed456,18601,6,6,0.3674623060671471,0.5712022168678623,0.953283190727234,-0.0064436495617942
swin_tiny,outputs/swin_tiny_seed456,4584,6,6,0.1989249490092777,0.3850651590043816,0.9940189957618714,0.2764059939701011
swin_tiny,outputs/swin_tiny_seed456,9143,6,6,0.3864220340094697,0.4346051001932931,0.9155036449432372,0.0861916843840538
swin_tiny,outputs/swin_tiny_seed456,7916,6,6,0.2328347033138369,0.5721486198373591,0.990654718875885,0.1886268011250243
swin_tiny,outputs/swin_tiny_seed456,16545,6,6,0.2037801864566186,0.2053003310535972,0.9624326825141908,0.3269680346030629
swin_tiny,outputs/swin_tiny_seed456,3044,6,6,0.4657201993752474,0.7332654555077631,0.896658182144165,0.0911828906057923
swin_tiny,outputs/swin_tiny_seed456,2299,6,6,0.2098954591451842,0.5504529630065131,0.9065407276153564,0.0758796329773781
swin_tiny,outputs/swin_tiny_seed456,4121,7,7,0.2713544321883437,0.5288418949196162,0.908602523803711,-0.0166187863806093
swin_tiny,outputs/swin_tiny_seed456,4150,7,7,0.3164648737607448,0.6268750046994116,0.9858357667922972,0.3054141571545978
swin_tiny,outputs/swin_tiny_seed456,10215,7,7,0.3217654453867862,0.4606297163110485,0.7913616538047791,0.0101764171472441
swin_tiny,outputs/swin_tiny_seed456,4160,7,7,0.2984651055700993,0.4352831220236483,0.9537611246109008,0.1095041384021066
swin_tiny,outputs/swin_tiny_seed456,4109,7,7,0.447743040745882,0.5411093602511902,0.8882830500602722,0.1241684781635753
swin_tiny,outputs/swin_tiny_seed456,10845,7,7,0.1886592594562146,0.2747850118691582,0.8828536629676819,0.092028461716705
swin_tiny,outputs/swin_tiny_seed456,4113,7,7,0.2126231633891285,0.5346187921101144,0.9465131044387818,0.2152021155162727
swin_tiny,outputs/swin_tiny_seed456,4174,7,7,0.3115216618863963,0.4220832157596925,0.956211280822754,0.1113057281747351
swin_tiny,outputs/swin_tiny_seed456,4951,7,7,0.0716364154121236,0.1845309102713601,0.9965854287147522,0.0911348697710363
swin_tiny,outputs/swin_tiny_seed456,4139,7,7,0.6063106482747664,0.57175030111198,0.958318781852722,-0.0123932236555051
swin_tiny,outputs/swin_tiny_seed456,4136,7,7,0.4288333964937108,0.5860179186288421,0.926842474937439,-0.0269953264557875
swin_tiny,outputs/swin_tiny_seed456,4114,7,7,0.4719029317419402,0.492749286712451,0.9449756264686584,-0.1098818731497529
swin_tiny,outputs/swin_tiny_seed456,4087,7,7,0.2429661155560981,0.7032838970969162,0.9928149104118348,0.16327259986522
swin_tiny,outputs/swin_tiny_seed456,4110,7,7,0.4241209104172539,0.4221136171761083,0.9203850150108336,-0.0682662600100086
swin_tiny,outputs/swin_tiny_seed456,1627,7,7,0.1103634228183829,0.3083637616706395,0.9910821199417116,0.1395642438267295
swin_tiny,outputs/swin_tiny_seed456,10935,7,7,0.3713553161189131,0.2035142245337906,0.9449748516082764,0.0013143378293099
swin_tiny,outputs/swin_tiny_seed456,4606,7,7,0.2892151779345874,0.454125920308293,0.8722089052200317,0.1943196810530627
swin_tiny,outputs/swin_tiny_seed456,4164,7,7,0.4685347269396669,0.574743515147432,0.9912666201591492,0.0768981456003484
swin_tiny,outputs/swin_tiny_seed456,26687,7,7,0.2376355252617861,0.4091650344976948,0.8801328063011169,0.0210271421733169
swin_tiny,outputs/swin_tiny_seed456,4169,7,7,0.4762725508990432,0.517871700122253,0.91131991147995,-0.0279629139595653
swin_tiny,outputs/swin_tiny_seed456,4605,7,7,0.3152083859863615,0.6662157043766803,0.9530864119529724,0.1768603934293104
swin_tiny,outputs/swin_tiny_seed456,10918,7,7,0.263062355980749,0.2308019929205078,0.90501127243042,0.0064222378285476
swin_tiny,outputs/swin_tiny_seed456,20030,8,8,0.0298943263928985,0.0464315145598562,0.7835702776908875,0.036651929359142
swin_tiny,outputs/swin_tiny_seed456,29752,8,8,0.2491541910125825,0.1875672285146777,0.9812489032745362,0.1168695223724916
swin_tiny,outputs/swin_tiny_seed456,25340,8,8,0.061717586076389,0.1051597104855157,0.8442856192588806,0.1001691107774055
swin_tiny,outputs/swin_tiny_seed456,994,8,8,0.0769851454556869,0.180650737346822,0.8997533798217774,0.1085208931128322
swin_tiny,outputs/swin_tiny_seed456,25590,8,8,0.1487826589968395,0.2697750482496099,0.9674248456954956,0.1671618746216916
swin_tiny,outputs/swin_tiny_seed456,19770,8,8,0.1910417800475627,0.1481114451144457,0.9482027292251588,-0.0296781192467704
swin_tiny,outputs/swin_tiny_seed456,3534,8,8,0.200621009500085,0.202047342534993,0.937350845336914,-0.0499120709900089
swin_tiny,outputs/swin_tiny_seed456,19860,8,8,0.1227837370917956,0.2377530304149431,0.935341763496399,0.1659722312951823
swin_tiny,outputs/swin_tiny_seed456,25599,8,8,0.1289514773326751,0.2340501736880618,0.9431795120239258,0.2095046339447641
swin_tiny,outputs/swin_tiny_seed456,19849,8,8,0.1938148488377123,0.2025895704151119,0.9766313791275024,0.2399500622976068
swin_tiny,outputs/swin_tiny_seed456,25604,8,8,0.1612066138735057,0.2425238334344959,0.9707389593124388,0.1625659112498683
swin_tiny,outputs/swin_tiny_seed456,3628,8,8,0.2683006811623892,0.1952216408323799,0.9635007619857788,0.2348854537203701
swin_tiny,outputs/swin_tiny_seed456,24624,8,8,0.0541416847083557,0.0849086541816885,0.946538758277893,0.1465132600329138
swin_tiny,outputs/swin_tiny_seed456,19741,8,8,0.1962630123289915,0.3159817182842486,0.9101096391677856,0.1188705682984806
swin_tiny,outputs/swin_tiny_seed456,19783,8,8,0.1600913743513486,0.2699732752114829,0.9730549573898316,0.1671862389442902
swin_tiny,outputs/swin_tiny_seed456,14473,8,8,0.1282338028088465,0.174380008140339,0.9863427758216858,0.2627485756446439
swin_tiny,outputs/swin_tiny_seed456,34331,8,8,0.1299625553230609,0.1893309833979034,0.9141764879226684,0.1123597341546961
swin_tiny,outputs/swin_tiny_seed456,33036,8,8,0.1321282220253481,0.2561386380917588,0.8317078948020935,0.0287675243905949
swin_tiny,outputs/swin_tiny_seed456,25277,8,8,0.1652096381850217,0.1962555117261675,0.9949457287788392,0.1330877296345206
swin_tiny,outputs/swin_tiny_seed456,7807,8,8,0.1961362822989215,0.2953734759365353,0.929856252670288,0.0370846799935081
swin_tiny,outputs/swin_tiny_seed456,25320,8,8,0.1509811283417252,0.1541747833626914,0.93990296125412,0.0773489674839374
swin_tiny,outputs/swin_tiny_seed456,527,8,8,0.2926568137623541,0.2756991222038105,0.915805995464325,-0.0401292166914507
swin_tiny,outputs/swin_tiny_seed7,11598,0,0,0.7602115488698473,0.5923242530952848,0.9177324295043944,0.0519891258159368
swin_tiny,outputs/swin_tiny_seed7,8612,0,0,0.6724816033383831,0.548790326618473,0.7850418210029602,0.0178410022430042
swin_tiny,outputs/swin_tiny_seed7,32384,0,0,0.5588082044341718,0.4337799818684971,0.9155193209648133,0.039730015519954
swin_tiny,outputs/swin_tiny_seed7,22088,0,0,0.3127453283044588,0.4812760741246507,0.9594516277313232,0.0385714471486868
swin_tiny,outputs/swin_tiny_seed7,1258,0,0,0.5484043375136025,0.4131793168132844,0.9480825543403626,0.0597346718151333
swin_tiny,outputs/swin_tiny_seed7,3882,0,0,0.4249998062005033,0.5780769468252345,0.7303719341754913,0.0288471976581542
swin_tiny,outputs/swin_tiny_seed7,26021,0,3,0.6225857467998139,0.1588096591367502,0.9546358227729798,-0.1593644910589349
swin_tiny,outputs/swin_tiny_seed7,28706,0,0,0.66361761942062,0.5188463570286785,0.9636729598045348,0.0624370381093549
swin_tiny,outputs/swin_tiny_seed7,12774,0,0,0.6689909071028524,0.4647653755023384,0.8750365614891052,0.0165454048324332
swin_tiny,outputs/swin_tiny_seed7,20577,0,0,0.5059496893029518,0.4871969873041735,0.9639572858810423,-0.0014638596394122
swin_tiny,outputs/swin_tiny_seed7,20069,0,0,0.6636701131028531,0.5835596941915355,0.92938951253891,0.0327911636813427
swin_tiny,outputs/swin_tiny_seed7,22989,0,0,0.4372302895171742,0.5887803421810531,0.9073089361190796,0.0382785892196685
swin_tiny,outputs/swin_tiny_seed7,19017,0,0,0.6245150606173411,0.5118523869518867,0.7711640954017639,0.0834709505161729
swin_tiny,outputs/swin_tiny_seed7,31697,0,0,0.5989941040315898,0.4457415611302622,0.9703259229660034,0.0529852497876509
swin_tiny,outputs/swin_tiny_seed7,23363,0,0,0.5319462643424231,0.472058387329298,0.8916231036186218,0.0211033256016383
swin_tiny,outputs/swin_tiny_seed7,18777,0,0,0.569799407571054,0.3157042432317212,0.8161069393157959,0.0306333065647482
swin_tiny,outputs/swin_tiny_seed7,11832,0,0,0.5510906322670053,0.6114276844091364,0.4143822908401489,-0.0087135651080061
swin_tiny,outputs/swin_tiny_seed7,28618,0,0,0.7075109510406037,0.5277767096940806,0.7409726798534393,0.0156215458076599
swin_tiny,outputs/swin_tiny_seed7,22858,0,0,0.4970854689299813,0.4182820135969223,0.9567925810813904,0.0538408036112077
swin_tiny,outputs/swin_tiny_seed7,511,0,0,0.3327216789048179,0.3987601527842344,0.7992011189460755,0.0610025600694506
swin_tiny,outputs/swin_tiny_seed7,29736,0,0,0.6204319244970975,0.5268594484696223,0.8367682218551635,0.0174269344189914
swin_tiny,outputs/swin_tiny_seed7,33474,0,0,0.6975155732870917,0.5236641723731736,0.9203409194946288,0.0430627533255523
swin_tiny,outputs/swin_tiny_seed7,25573,1,0,0.5493264913930034,0.2498672517259592,0.967012083530426,0.0346967449029723
swin_tiny,outputs/swin_tiny_seed7,4312,1,1,0.3181085251196505,0.9633618181892274,0.9983888864517212,0.3900725785588044
swin_tiny,outputs/swin_tiny_seed7,24225,1,1,0.7101842962251652,0.1863883942775563,0.8521106719970704,-0.0542592863750257
swin_tiny,outputs/swin_tiny_seed7,5114,1,1,0.6787016718109609,0.7314423624006707,0.8995625019073487,0.0465915856696869
swin_tiny,outputs/swin_tiny_seed7,107,1,1,0.1266510399806719,0.636324772141009,0.5198929190635682,0.0919844232644793
swin_tiny,outputs/swin_tiny_seed7,10443,1,5,0.6444414013240021,0.5540304250462214,0.8692189455032349,-0.0442629724661398
swin_tiny,outputs/swin_tiny_seed7,5117,1,1,0.7044463392679265,0.7286666374708517,0.6968763709068299,-0.0586962013647478
swin_tiny,outputs/swin_tiny_seed7,27764,1,1,0.0831776290962054,0.5263727336072037,0.7471304774284363,-0.0087941648933345
swin_tiny,outputs/swin_tiny_seed7,31588,1,1,0.8829220790853327,0.270871283915298,0.884126877784729,-0.0321759621301816
swin_tiny,outputs/swin_tiny_seed7,5131,1,1,0.3630893438385101,0.9491785389459296,0.9079545855522156,0.0579455782541098
swin_tiny,outputs/swin_tiny_seed7,1761,1,1,0.1446860781903689,0.699660317157285,0.6270963370800018,0.063532821499517
swin_tiny,outputs/swin_tiny_seed7,34288,1,2,0.0167019449444523,0.2774281045018019,0.9567123055458068,0.1591541300449526
swin_tiny,outputs/swin_tiny_seed7,26309,1,0,0.283752133107555,0.442310150889341,0.9325308203697203,0.070167347151929
swin_tiny,outputs/swin_tiny_seed7,21752,1,2,0.4273739570478891,0.0567403838909663,0.6557094991207123,0.0449241900099048
swin_tiny,outputs/swin_tiny_seed7,20801,1,1,0.4233270366861958,0.7729683246568158,0.8862531423568726,0.2700179392770523
swin_tiny,outputs/swin_tiny_seed7,17666,1,0,0.0886476371667868,0.3429429392531347,0.8180331230163574,0.0148149460341499
swin_tiny,outputs/swin_tiny_seed7,16706,1,1,0.9158672182152116,0.1307385961904259,0.9105024576187134,-0.1301767364050804
swin_tiny,outputs/swin_tiny_seed7,6553,1,2,0.1189001171978023,0.2572855951014956,0.9811097145080566,0.1093766570399455
swin_tiny,outputs/swin_tiny_seed7,18583,1,1,0.750026743987334,0.2259421213327215,0.9196479439735412,-0.1559312424098035
swin_tiny,outputs/swin_tiny_seed7,20787,1,1,0.2169872849476704,0.6607374144406215,0.9853721618652344,0.0679036128675224
swin_tiny,outputs/swin_tiny_seed7,33870,1,0,0.5182907377457013,0.5204333553811011,0.9285533785820008,0.095787454200604
swin_tiny,outputs/swin_tiny_seed7,19563,1,1,0.223558788700581,0.917882806700149,0.7881139755249024,0.51536056267971
swin_tiny,outputs/swin_tiny_seed7,2399,2,2,0.7294115831379591,0.5912011807595676,0.8061420112848282,0.0233002974099248
swin_tiny,outputs/swin_tiny_seed7,4407,2,2,0.0724612862284641,0.6176481747226163,0.7913477897644043,0.0665789964002379
swin_tiny,outputs/swin_tiny_seed7,2272,2,2,0.8361595155878931,0.4540892098341111,0.7657204747200013,-0.0108346773371844
swin_tiny,outputs/swin_tiny_seed7,2489,2,2,0.6920436192053088,0.4801414407505828,0.9694350957870485,0.0252097279703373
swin_tiny,outputs/swin_tiny_seed7,1496,2,2,0.4885832677658932,0.7387528918231605,0.926746666431427,0.0396792049629056
swin_tiny,outputs/swin_tiny_seed7,2232,2,2,0.8240058326802373,0.5540694215392201,0.8609602212905884,0.008493776804644
swin_tiny,outputs/swin_tiny_seed7,2415,2,2,0.8673767697522963,0.399491206151001,0.7037561893463135,0.015465028320708
swin_tiny,outputs/swin_tiny_seed7,2382,2,2,0.6944016032133762,0.8109627116320426,0.6146275460720062,0.0111698909545639
swin_tiny,outputs/swin_tiny_seed7,2510,2,2,0.5374645880440965,0.4462570604637554,0.9090276002883912,0.0252271699923071
swin_tiny,outputs/swin_tiny_seed7,19664,2,2,0.4868203584644672,0.654468689067648,0.9081589341163636,0.0403840745379994
swin_tiny,outputs/swin_tiny_seed7,2740,2,2,0.813609881158611,0.5136084884551715,0.7792830228805542,0.0370403048572555
swin_tiny,outputs/swin_tiny_seed7,4872,2,2,0.5716107919083,0.4820547141676354,0.8896604657173157,0.0403264256298405
swin_tiny,outputs/swin_tiny_seed7,4574,2,2,0.7066566902674638,0.5748617483480516,0.7127279877662659,0.0550588569445101
swin_tiny,outputs/swin_tiny_seed7,4029,2,2,0.6774361240024467,0.4946378728443954,0.878276014328003,-0.0146596193341788
swin_tiny,outputs/swin_tiny_seed7,18720,2,2,0.4149384582040269,0.5910468116577969,0.8451711297035217,-0.0123452411839811
swin_tiny,outputs/swin_tiny_seed7,1514,2,2,0.6303024769479646,0.5303022133826927,0.9481382131576538,-0.0068131493911929
swin_tiny,outputs/swin_tiny_seed7,1550,2,2,0.5221794964589495,0.6952742673551158,0.7434672713279724,0.036551182502423
swin_tiny,outputs/swin_tiny_seed7,4564,2,2,0.5293483340390628,0.4182577676228365,0.8437146782875061,0.0239595021248067
swin_tiny,outputs/swin_tiny_seed7,4498,2,2,0.6915450630976339,0.4757268616543499,0.8406145334243774,0.0404294600063658
swin_tiny,outputs/swin_tiny_seed7,1557,2,2,0.3648446290122475,0.381366823097919,0.7970147252082824,-0.0008088803813307
swin_tiny,outputs/swin_tiny_seed7,2195,2,2,0.7023774373283009,0.6353143434900723,0.8643937349319458,0.0145590804530813
swin_tiny,outputs/swin_tiny_seed7,2545,2,2,0.5679653626194949,0.6196796627677501,0.8765764832496643,0.0188999382553396
swin_tiny,outputs/swin_tiny_seed7,12693,3,0,0.6805427546278224,0.0951908847598588,0.6739213526248932,0.1190377737915796
swin_tiny,outputs/swin_tiny_seed7,4750,3,3,0.668122044923166,0.0898859502585764,0.9368241310119628,-0.0566550965550484
swin_tiny,outputs/swin_tiny_seed7,18268,3,3,0.5983028399709838,0.4436472858465095,0.8010388612747192,-0.0609860443466236
swin_tiny,outputs/swin_tiny_seed7,18844,3,3,0.6202335746070275,0.1374273961710059,0.7336052060127258,-0.1515004626330486
swin_tiny,outputs/swin_tiny_seed7,29937,3,3,0.264460917697761,0.880789361371626,0.990600049495697,0.2035875456513909
swin_tiny,outputs/swin_tiny_seed7,1367,3,3,0.7862807601404711,0.6716468502427233,0.9783576011657716,-0.0675267657010646
swin_tiny,outputs/swin_tiny_seed7,26201,3,3,0.8583231281313601,0.2495029281440111,0.8830436587333679,-0.2502294406594889
swin_tiny,outputs/swin_tiny_seed7,7843,3,0,0.4595484366509481,0.3017517461537693,0.9909106492996216,0.092894084679038
swin_tiny,outputs/swin_tiny_seed7,25933,3,0,0.390685375292378,0.3266406438649483,0.9300085186958312,0.0547344679653927
swin_tiny,outputs/swin_tiny_seed7,7777,3,3,0.7688592540243917,0.7998460238609368,0.9513572692871094,-0.0925786700372982
swin_tiny,outputs/swin_tiny_seed7,3199,3,3,0.4941577376971509,0.1556349036148958,0.9385976433753968,-0.0711711698499119
swin_tiny,outputs/swin_tiny_seed7,1633,3,3,0.9197046219073854,0.1327448177707992,0.9362770795822144,-0.2168919186628813
swin_tiny,outputs/swin_tiny_seed7,5569,3,4,0.1358848178866925,0.2267124524974848,0.6923657417297363,-0.0241303158150706
swin_tiny,outputs/swin_tiny_seed7,32022,3,3,0.2733316454882697,0.9683037293302732,0.8502118945121765,-0.043941689990942
swin_tiny,outputs/swin_tiny_seed7,4352,3,3,0.8484485630384597,0.8643055977149743,0.9923388600349426,0.0717596870687656
swin_tiny,outputs/swin_tiny_seed7,5398,3,3,0.4179007655343412,0.5359809030601355,0.9234428763389588,-0.0882250567388899
swin_tiny,outputs/swin_tiny_seed7,1836,3,3,0.9659378634692076,0.4731402030679419,0.8660730421543121,-0.0727324526269949
swin_tiny,outputs/swin_tiny_seed7,6819,3,5,0.6959390605188673,0.8534180818969617,0.94949312210083,0.0231724866386352
swin_tiny,outputs/swin_tiny_seed7,30428,3,3,0.8420701651893978,0.1636485833064398,0.9543316125869752,-0.0852122253073877
swin_tiny,outputs/swin_tiny_seed7,11121,3,3,0.675164488178325,0.2220429843038118,0.8868395209312439,-0.1206657796605531
swin_tiny,outputs/swin_tiny_seed7,34333,3,3,0.7903119035049713,0.2563950992966965,0.988707995414734,-0.1920962489252026
swin_tiny,outputs/swin_tiny_seed7,11558,3,3,0.7882802554545378,0.1292948060709022,0.9727390170097352,-0.0951615880852225
swin_tiny,outputs/swin_tiny_seed7,15095,4,4,0.2749105197998442,0.4530416994426982,0.867161750793457,0.0124793977743409
swin_tiny,outputs/swin_tiny_seed7,5482,4,4,0.3686209435368868,0.5288220403109101,0.981234872341156,0.0430621805101768
swin_tiny,outputs/swin_tiny_seed7,27612,4,4,0.51319735561896,0.4657133035605785,0.8540976405143738,-0.0201745385069122
swin_tiny,outputs/swin_tiny_seed7,9711,4,0,0.2848695192305968,0.3405452288731112,0.8589130997657776,0.0225974869544661
swin_tiny,outputs/swin_tiny_seed7,2485,4,4,0.4182657983486022,0.4239451736767559,0.7106714129447937,-0.0302576907985907
swin_tiny,outputs/swin_tiny_seed7,25055,4,0,0.4418855449621333,0.1716272577068593,0.9845826506614686,0.0796518608523338
swin_tiny,outputs/swin_tiny_seed7,25226,4,0,0.417435447081516,0.5398431263311068,0.9304310202598572,0.024430398169454
swin_tiny,outputs/swin_tiny_seed7,2517,4,4,0.4645879799832775,0.5147028768558655,0.8897363781929016,0.0190699556592381
swin_tiny,outputs/swin_tiny_seed7,3986,4,4,0.3333607685322555,0.2950411362166378,0.9956702947616576,-0.0618787663770867
swin_tiny,outputs/swin_tiny_seed7,5449,4,4,0.3143469187208332,0.6199337101324831,0.868514883518219,0.0159385735897715
swin_tiny,outputs/swin_tiny_seed7,25650,4,0,0.2943852548723953,0.2519269284966867,0.923504877090454,0.0334716865844699
swin_tiny,outputs/swin_tiny_seed7,5353,4,4,0.4234543852212518,0.5460964795164678,0.944372057914734,0.0330236914437441
swin_tiny,outputs/swin_tiny_seed7,13786,4,4,0.2831341991176899,0.2662851481128632,0.8728590130805969,-0.0359974575788916
swin_tiny,outputs/swin_tiny_seed7,4322,4,4,0.4956822738892121,0.5213733642913159,0.758711302280426,-0.0037388039942453
swin_tiny,outputs/swin_tiny_seed7,25639,4,1,0.1780633507891016,0.4598622373901335,0.7799957633018494,-0.002758663614431
swin_tiny,outputs/swin_tiny_seed7,25205,4,4,0.4059049081558776,0.4600644540314906,0.8657339930534362,0.0419950762695204
swin_tiny,outputs/swin_tiny_seed7,1831,4,4,0.3704130616494665,0.6309553396581258,0.979659938812256,0.0830304056466261
swin_tiny,outputs/swin_tiny_seed7,3536,4,4,0.3769783550328438,0.3211640610971376,0.9358974695205688,-0.0528903709328662
swin_tiny,outputs/swin_tiny_seed7,2096,4,4,0.3226157232038833,0.6256941578830801,0.9672162413597108,0.0864106061139304
swin_tiny,outputs/swin_tiny_seed7,5469,4,4,0.5221299756277737,0.4732512065910352,0.9786113142967224,-0.0037130442122745
swin_tiny,outputs/swin_tiny_seed7,5050,4,4,0.3254138754920967,0.6629814684981765,0.9612092971801758,0.0041243433482518
swin_tiny,outputs/swin_tiny_seed7,25655,4,4,0.5343337302755451,0.3661774693263835,0.8387976288795471,-0.0454409112698637
swin_tiny,outputs/swin_tiny_seed7,25122,5,5,0.7833012295741355,0.7405334821651195,0.8026589393615723,0.0385382780811958
swin_tiny,outputs/swin_tiny_seed7,25439,5,5,0.4960221610672306,0.8437180355263081,0.9886134386062622,0.0861841162285855
swin_tiny,outputs/swin_tiny_seed7,12884,5,5,0.7448198283382226,0.7902781346492702,0.9426830530166626,0.0741188257394446
swin_tiny,outputs/swin_tiny_seed7,29842,5,0,0.761962378397584,0.1447092857554253,0.6172431647777558,0.0488635798349271
swin_tiny,outputs/swin_tiny_seed7,4418,5,5,0.2087021665483917,0.8400931068317732,0.4727222621440887,0.0501181204294866
swin_tiny,outputs/swin_tiny_seed7,3147,5,5,0.7359987107774941,0.6673818570845924,0.8344797253608703,0.1100280784691327
swin_tiny,outputs/swin_tiny_seed7,10773,5,5,0.6208710423306911,0.4567660168199836,0.9767597317695618,0.1162358176871833
swin_tiny,outputs/swin_tiny_seed7,12766,5,1,0.035178208486954,0.8074452863279333,0.8912141919136047,-0.0071281007005831
swin_tiny,outputs/swin_tiny_seed7,30524,5,3,0.762661308890074,0.291175686751103,0.9822958827018736,-0.0817819615069902
swin_tiny,outputs/swin_tiny_seed7,1993,5,5,0.6282263480970869,0.936325344024226,0.9023944973945618,0.0577004578064318
swin_tiny,outputs/swin_tiny_seed7,1632,5,5,0.8528638630814385,0.847684162115911,0.8704275965690613,-0.0564459713129798
swin_tiny,outputs/swin_tiny_seed7,2903,5,0,0.2363449160709478,0.5290091356182529,0.8365840315818787,0.0341231779302919
swin_tiny,outputs/swin_tiny_seed7,4288,5,5,0.7201430885761511,0.9591364863154012,0.8659942448139191,0.0418477216363222
swin_tiny,outputs/swin_tiny_seed7,26488,5,5,0.3526623830912285,0.7944409090596309,0.9894088625907898,0.0615358842379423
swin_tiny,outputs/swin_tiny_seed7,2127,5,0,0.4992250774812419,0.5201084695672762,0.9013946056365968,0.0584338552530059
swin_tiny,outputs/swin_tiny_seed7,31012,5,5,0.8316530776501168,0.2339401245062617,0.8942663788795471,0.0560268096018059
swin_tiny,outputs/swin_tiny_seed7,26627,5,5,0.4185226787326996,0.6658309857621134,0.6500004738569259,0.0365505491213473
swin_tiny,outputs/swin_tiny_seed7,19032,5,0,0.3245402138577447,0.2065527257348094,0.8733545184135437,0.0646997240772385
swin_tiny,outputs/swin_tiny_seed7,1301,5,0,0.0948385805204452,0.3750998334789983,0.768960440158844,0.0117908817653007
swin_tiny,outputs/swin_tiny_seed7,21284,5,5,0.5133560635149479,0.2294452487049056,0.8884425401687622,-0.0652313603901021
swin_tiny,outputs/swin_tiny_seed7,2304,5,5,0.7904005719465204,0.6904317258449737,0.9113488316535948,-0.0733462672252086
swin_tiny,outputs/swin_tiny_seed7,32350,5,5,0.2327398757861374,0.7640884511492914,0.9408510327339172,0.0581476529013163
swin_tiny,outputs/swin_tiny_seed7,4090,6,6,0.4016002144968355,0.4135913585345838,0.865701162815094,-0.0662141330037216
swin_tiny,outputs/swin_tiny_seed7,1458,6,6,0.180117081396992,0.2245896358351525,0.8661831498146058,-0.0338832838277428
swin_tiny,outputs/swin_tiny_seed7,9806,6,3,0.1602706922653851,0.2176399055892943,0.7941664636135102,-0.0126562307022713
swin_tiny,outputs/swin_tiny_seed7,5362,6,6,0.2943536480175169,0.3257419940091518,0.9181597590446472,0.051191223499494
swin_tiny,outputs/swin_tiny_seed7,20186,6,6,0.5087567153588629,0.5036823330709218,0.8629508495330811,0.0611218255393846
swin_tiny,outputs/swin_tiny_seed7,13709,6,5,0.5196390577757484,0.418709958808904,0.7791505336761475,0.0327389013881189
swin_tiny,outputs/swin_tiny_seed7,4101,6,6,0.0769832100715104,0.4327322822145182,0.9748002409934996,0.2621805966328758
swin_tiny,outputs/swin_tiny_seed7,25601,6,1,0.0595766246869402,0.9547780847264988,0.6121711611747742,0.1646803279592111
swin_tiny,outputs/swin_tiny_seed7,4094,6,6,0.2985315479599563,0.4459975335795653,0.9901489377021788,0.2092199768255446
swin_tiny,outputs/swin_tiny_seed7,25595,6,6,0.0964686601193109,0.185990813723465,0.985913622379303,0.2304001995360241
swin_tiny,outputs/swin_tiny_seed7,4100,6,3,0.250053130409924,0.742842493646549,0.8330742955207825,-0.0753675368715732
swin_tiny,outputs/swin_tiny_seed7,6861,6,6,0.0744770528695376,0.2219044008058276,0.9289265632629394,0.0709328582048665
swin_tiny,outputs/swin_tiny_seed7,4593,6,6,0.1310400149122549,0.4185400837151279,0.991875159740448,0.2617849003515599
swin_tiny,outputs/swin_tiny_seed7,9904,6,6,0.0433614135124338,0.1580263038360742,0.8620299220085144,0.0831598758599322
swin_tiny,outputs/swin_tiny_seed7,9906,6,4,0.3385173981245031,0.4444663239955559,0.855962586402893,-0.1258091388966163
swin_tiny,outputs/swin_tiny_seed7,18601,6,6,0.4287360448281042,0.3779539773364692,0.9780260562896728,0.0526549261805665
swin_tiny,outputs/swin_tiny_seed7,4584,6,6,0.1667972825346893,0.4290048451002294,0.9835651516914368,0.2758325862845169
swin_tiny,outputs/swin_tiny_seed7,9143,6,6,0.3596218459107241,0.3930333058779746,0.9474778175354004,0.1319354345122111
swin_tiny,outputs/swin_tiny_seed7,7916,6,6,0.1664809170576976,0.422842786443344,0.9652210235595704,0.2053205551684332
swin_tiny,outputs/swin_tiny_seed7,16545,6,6,0.1090815436258952,0.1077107615459568,0.9678680181503296,0.3441710219205024
swin_tiny,outputs/swin_tiny_seed7,3044,6,6,0.5340458799267532,0.548661789195991,0.9100556135177612,0.0272432011671341
swin_tiny,outputs/swin_tiny_seed7,2299,6,6,0.160710048089905,0.5522424628178261,0.8829352617263794,0.1028158260935672
swin_tiny,outputs/swin_tiny_seed7,4121,7,7,0.1345896826048264,0.5751601487703267,0.9811044335365297,0.0921938908830339
swin_tiny,outputs/swin_tiny_seed7,4150,7,7,0.2495786395203887,0.7098568690608256,0.9750545382499696,0.3013900912764212
swin_tiny,outputs/swin_tiny_seed7,10215,7,3,0.5268472817817837,0.2174227513121422,0.9645556330680848,-0.0102666497106175
swin_tiny,outputs/swin_tiny_seed7,4160,7,7,0.2270788503378504,0.484106699829409,0.992305052280426,0.1345166994328007
swin_tiny,outputs/swin_tiny_seed7,4109,7,7,0.3732551894041023,0.3319141074812126,0.8685540795326233,-0.3309673360515502
swin_tiny,outputs/swin_tiny_seed7,10845,7,3,0.8019928913122385,0.4830743841821459,0.9658211231231688,-0.1128286712808818
swin_tiny,outputs/swin_tiny_seed7,4113,7,7,0.3235281899222029,0.4884043537270064,0.9905348777770996,0.1650563942137004
swin_tiny,outputs/swin_tiny_seed7,4174,7,7,0.2224920826131726,0.3329025944537391,0.9934308767318726,0.2620271120403329
swin_tiny,outputs/swin_tiny_seed7,4951,7,3,0.6209151385423866,0.1354828292995762,0.9427207350730896,-0.083739723172045
swin_tiny,outputs/swin_tiny_seed7,4139,7,7,0.2777956273951532,0.5716650872468771,0.9562377095222472,0.0232112533069812
swin_tiny,outputs/swin_tiny_seed7,4136,7,7,0.3946309052381303,0.4644178943209691,0.8804011940956116,0.0306898590507773
swin_tiny,outputs/swin_tiny_seed7,4114,7,7,0.5383000093331916,0.4142616896675191,0.9981760740280152,0.063232155492571
swin_tiny,outputs/swin_tiny_seed7,4087,7,7,0.222337876874652,0.7225351814174577,0.9854653000831604,0.1631985869006393
swin_tiny,outputs/swin_tiny_seed7,4110,7,7,0.500696553773466,0.2575516471276335,0.857850706577301,0.2101914047723894
swin_tiny,outputs/swin_tiny_seed7,1627,7,3,0.7937863777316352,0.2728970565644886,0.9751394033432008,-0.1167948720677922
swin_tiny,outputs/swin_tiny_seed7,10935,7,7,0.2637524332690119,0.3719849233503521,0.8096275806427002,0.0048473113627652
swin_tiny,outputs/swin_tiny_seed7,4606,7,7,0.2114824447805565,0.4387491269351535,0.7611471772193908,0.0074870849624104
swin_tiny,outputs/swin_tiny_seed7,4164,7,7,0.3492365231200827,0.6089311162145349,0.9956750988960266,0.0848372955160316
swin_tiny,outputs/swin_tiny_seed7,26687,7,7,0.1047039546803208,0.0626822415504575,0.9291646599769592,0.0272149675085599
swin_tiny,outputs/swin_tiny_seed7,4169,7,7,0.5029192754244964,0.614779300749858,0.9622636914253236,0.0392206514487918
swin_tiny,outputs/swin_tiny_seed7,4605,7,7,0.2291002222493503,0.7178850904356134,0.9419371604919432,0.1466588379027479
swin_tiny,outputs/swin_tiny_seed7,10918,7,7,0.4177327303631287,0.4655250081165211,0.9839650630950928,-0.034089060350709
swin_tiny,outputs/swin_tiny_seed7,20030,8,6,0.2114528046431152,0.3352932265240672,0.889055585861206,-0.026222768367863
swin_tiny,outputs/swin_tiny_seed7,29752,8,8,0.2789998637065469,0.2404498544999533,0.957083785533905,-0.1545238809349877
swin_tiny,outputs/swin_tiny_seed7,25340,8,8,0.0752275540730602,0.1405044637347097,0.8814622402191162,0.1742829383085831
swin_tiny,outputs/swin_tiny_seed7,994,8,8,0.0268689889111581,0.1403138727217913,0.8951260924339295,0.0652170110759493
swin_tiny,outputs/swin_tiny_seed7,25590,8,8,0.1236630171882346,0.2013372868167127,0.9494020581245424,0.1899253255013591
swin_tiny,outputs/swin_tiny_seed7,19770,8,8,0.3180890491442373,0.2237051199475968,0.9745072960853576,-0.0212399214279015
swin_tiny,outputs/swin_tiny_seed7,3534,8,8,0.3235349922462123,0.2241711834178935,0.9353907227516174,-0.0525845795060475
swin_tiny,outputs/swin_tiny_seed7,19860,8,8,0.0938619654540002,0.1600988006924708,0.9358427286148072,0.195842119007654
swin_tiny,outputs/swin_tiny_seed7,25599,8,8,0.1805424745298807,0.1319004379920954,0.9684449672698976,0.2398420714083657
swin_tiny,outputs/swin_tiny_seed7,19849,8,8,0.1664627948146584,0.1598359978834755,0.9586866021156312,0.1837967632822246
swin_tiny,outputs/swin_tiny_seed7,25604,8,8,0.124911203736805,0.1313979791669844,0.935151481628418,0.1246865582431197
swin_tiny,outputs/swin_tiny_seed7,3628,8,8,0.324768171646945,0.1325903827983207,0.9482316732406616,0.2132377673154017
swin_tiny,outputs/swin_tiny_seed7,24624,8,8,0.0760992030635491,0.1210363161921241,0.8781521201133728,0.1204846678650052
swin_tiny,outputs/swin_tiny_seed7,19741,8,8,0.2617098368108041,0.1864676455935695,0.8973120093345642,-0.0371040259127378
swin_tiny,outputs/swin_tiny_seed7,19783,8,8,0.218507389898953,0.1419740559527792,0.9650798678398133,0.1166980970990239
swin_tiny,outputs/swin_tiny_seed7,14473,8,8,0.0689023687937653,0.0579590204342836,0.9465121746063232,0.2802175890647776
swin_tiny,outputs/swin_tiny_seed7,34331,8,8,0.1851148578944626,0.2066266410290898,0.9351717352867126,0.0242328872123814
swin_tiny,outputs/swin_tiny_seed7,33036,8,8,0.1599202659624838,0.1887871536092147,0.8440607786178589,0.0549018702000972
swin_tiny,outputs/swin_tiny_seed7,25277,8,8,0.1526251869867088,0.1814303955579668,0.989618158340454,0.1060354128060657
swin_tiny,outputs/swin_tiny_seed7,7807,8,8,0.3661254869735181,0.2276323725963442,0.94208242893219,-0.0638652549491208
swin_tiny,outputs/swin_tiny_seed7,25320,8,8,0.2029686031880206,0.2234723544712165,0.9348950266838074,-0.0632537583241616
swin_tiny,outputs/swin_tiny_seed7,527,8,8,0.3199033443062923,0.1824896027829555,0.9307508707046508,-0.0542687507394973
