family,sample_idx,category,defect_type,pred_label,true_label,native_del,native_ins,rise_del,rise_ins,native_iou,rise_iou
resnet18_cbam,0,pill,combined,1,1,0.4940227357063523,0.974583478645459,0.9973364181787474,0.9746161667908975,0.04689984101748808,0.25467059980334317
resnet18_cbam,1,tile,glue_strip,1,1,0.1887257780136038,0.9269835396544888,0.9729849029008304,0.9701297449001369,0.3242411812961444,0.07521447097160337
resnet18_cbam,2,zipper,fabric_border,1,1,0.46948201947664414,0.8777665052679449,0.9664523419468057,0.9747007102351428,0.1084708297150075,0.03698704878959309
resnet18_cbam,3,capsule,crack,1,1,0.44514710124818374,0.5605361761211991,0.9891828770942084,0.9743670533872002,0.03231785011004286,0.008569848875783265
resnet18_cbam,4,capsule,crack,1,1,0.49220758703519146,0.7565933212103768,0.9947106462859665,0.9747006536245546,0.0072698803265853935,0.0019462243248098688
resnet18_cbam,5,pill,faulty_imprint,1,1,0.4246891148875134,0.9741340680421355,0.9302828360196145,0.9734570381816094,0.12183171582022048,0.507081038552321
resnet18_cbam,6,zipper,fabric_border,1,1,0.1553989852883623,0.8287575810405226,0.8227460166453351,0.9529347465114053,0.060328369606720125,0.05502350687793836
resnet18_cbam,7,carpet,thread,1,1,0.12090418814574211,0.6178596878198104,0.7682551679607041,0.7713483227770463,0.009703947368421053,0.001332859427759019
resnet18_cbam,8,metal_nut,bent,1,1,0.029603370148828998,0.9259625714203732,0.9193824062697699,0.9737991657612521,0.1360038962620236,0.11493775933609958
resnet18_cbam,9,carpet,color,1,1,0.061699600566621736,0.8736922135825707,0.698239095098609,0.8553508849282163,0.039253148067737734,0.012775380422439246
resnet18_cbam,10,hazelnut,print,1,1,0.23455469343941707,0.9746114204400012,0.7881288953929015,0.9693711659975317,0.18575087752585143,0.36521905490721257
resnet18_cbam,11,toothbrush,defective,0,1,0.8107541021693798,0.5395027212588694,0.1356181247379719,0.5526057017814878,0.019949676491732567,0.01782328403488813
resnet18_cbam,12,hazelnut,crack,1,1,0.22909140829609465,0.9715916939740648,0.9994801300563267,0.9661811980850554,0.26431430965459457,0.3046611123620806
resnet18_cbam,13,leather,glue,1,1,0.15699283984264087,0.7988162562140697,0.9703794393095339,0.9700510174489547,0.02965172383542416,0.10836806668804104
resnet18_cbam,14,cable,cut_outer_insulation,1,1,0.622135018252207,0.9736950827255579,0.97396401012222,0.9747122558156345,0.031419169939496866,0.0582053354890865
resnet18_cbam,15,zipper,broken_teeth,1,1,0.607858665814821,0.8952428124003997,0.9692557346550476,0.9738111761444681,0.0722387681389012,0.21310667652131066
resnet18_cbam,16,leather,glue,1,1,0.43914138985699397,0.9746905590628241,0.8999676546244549,0.9746680429462369,0.014267539076699382,0.11611570247933885
resnet18_cbam,17,carpet,thread,1,1,0.20179778520902314,0.7631516877580384,0.948302230696541,0.9376439108064598,0.05888143176733781,0.03611738148984198
resnet18_cbam,18,leather,cut,1,1,0.11349978261642787,0.8772405094561824,0.9373235350994946,0.9222165112392757,0.04695586713089301,0.21612200435729848
resnet18_cbam,19,metal_nut,flip,1,1,0.6365234023402785,0.9731544992801584,0.6963145671580983,0.9735945721159307,0.5136307918607502,0.25619715464750525
resnet18_cbam,20,leather,glue,1,1,0.36722696499902374,0.9747619271375381,0.9345068857159873,0.9747614444577859,0.023416932243314398,0.18900602409638553
resnet18_cbam,21,leather,glue,1,1,0.30493635004519687,0.9704165698941007,0.9875097764852399,0.9726883647172737,0.08052684228076025,0.4584398976982097
resnet18_cbam,22,wood,combined,1,1,0.7655595662238256,0.9743379734218844,0.9902746882653446,0.9700761346730953,0.12101177059854745,0.3259770889487871
resnet18_cbam,23,cable,cut_inner_insulation,1,1,0.7685279934919933,0.9355229593648484,0.9731401997053126,0.9746777129285558,0.16150651312063433,0.05451575580208262
resnet18_cbam,24,wood,color,1,1,0.7344712225162148,0.9174463866320959,0.9292065915210812,0.9615657964178037,0.02152567975830816,0.08033277005069543
resnet18_cbam,25,capsule,faulty_imprint,1,1,0.461324619595864,0.9228918231720538,0.9856472091760224,0.9735503920210842,0.04163802415791024,0.15132997843278218
resnet18_cbam,26,capsule,squeeze,1,1,0.5707968728448655,0.9710855044405118,0.9265486659487947,0.9668416529612525,0.2590577950461389,0.189846204729618
resnet18_cbam,27,screw,manipulated_front,0,1,0.25004844491312817,0.11656251393825379,0.06642710582236036,0.056746184045261376,0.0,0.0
resnet18_cbam,28,hazelnut,crack,1,1,0.4985854606192966,0.7410371222791265,0.8517112315521445,0.9690683380841303,0.41324580729283755,0.16971948001172907
resnet18_cbam,29,screw,thread_side,1,1,0.5966124597165336,0.974220613713501,0.9923690476280171,0.9737646481999629,0.023232065356139902,0.10903873744619799
resnet18_cbam,30,pill,combined,1,1,0.41390808872704804,0.9712776735514719,0.9752262829351821,0.9712518859387866,0.07635540686805077,0.2493753123438281
resnet18_cbam,31,zipper,rough,1,1,0.14167406210883668,0.757724009873687,0.8846474533495273,0.8652953846522589,0.20876754801481354,0.4218593802065978
resnet18_cbam,32,toothbrush,defective,1,1,0.28594399077848653,0.874603833922859,0.9318757168180127,0.9246790142770369,0.0,0.0
resnet18_cbam,33,cable,missing_cable,1,1,0.8132335829047146,0.9747619330965474,0.9997190416361263,0.9747619330965474,0.4078899416909621,0.29178729239676976
resnet18_cbam,34,zipper,combined,1,1,0.5446856845284181,0.9531900513257507,0.9637160661933715,0.974101305409081,0.16863574182315633,0.2639937106918239
resnet18_cbam,35,zipper,broken_teeth,1,1,0.12352492994900434,0.8058836635325733,0.9634098546843655,0.9607141795032159,0.07459917848151583,0.1992217898832685
resnet18_cbam,36,carpet,hole,1,1,0.10863233968182523,0.8643524063801867,0.8743129692681038,0.9685148921171869,0.20954974891480127,0.7053469852104665
resnet18_cbam,37,screw,scratch_neck,0,1,0.33295964047511717,0.2016160551804585,0.02748959121728101,0.027478339078728903,0.0,0.0
resnet18_cbam,38,leather,cut,1,1,0.11243679034028636,0.7753413396569344,0.9736320602454284,0.9399564712121584,0.00937354988399072,0.005621417042355429
resnet18_cbam,39,pill,color,1,1,0.6329625317098068,0.9743211392206514,0.9703639190675825,0.9687504785698049,0.00790885980604463,0.09523809523809523
resnet18_cbam,40,pill,scratch,1,1,0.5357964352090675,0.9026861426037296,0.9663295029276924,0.960954455696142,0.2732721823630915,0.21308253790005616
resnet18_cbam,41,capsule,squeeze,1,1,0.6732782933515791,0.9743037627495734,0.9966047173875268,0.962497365359982,0.42775807354862794,0.4149746192893401
resnet18_cbam,42,tile,rough,1,1,0.39138641956185405,0.9238484683701838,0.9744066006963826,0.9744082092848341,0.590767136450993,0.28190618715802274
resnet18_cbam,43,screw,scratch_neck,1,1,0.6280665177482873,0.9747233216958786,0.9967568762203882,0.9744944272106888,0.025501091486406034,0.15597075548334688
resnet18_cbam,44,capsule,poke,1,1,0.6493921432994374,0.9744706269276004,0.9801474726536981,0.9735324613621426,0.022097305679395232,0.1195710455764075
resnet18_cbam,45,wood,scratch,1,1,0.6310968833294344,0.9543884080931686,0.9585395433554668,0.880945848988463,0.07131949550364798,0.10395348837209302
resnet18_cbam,46,carpet,hole,1,1,0.1522500565037899,0.8225468088377734,0.9543004024689489,0.7745638708309197,0.12979178828565868,0.03137727298801124
resnet18_cbam,47,leather,color,1,1,0.4072522676874557,0.7505858330968163,0.9745630630786764,0.9706754858680735,0.01219754065846886,0.01631516116195782
resnet18_cbam,48,zipper,squeezed_teeth,1,1,0.15099431521794726,0.7930305344330045,0.9770342794995486,0.8631456443056915,0.11833366874622661,0.23619200642699337
resnet18_cbam,49,wood,scratch,1,1,0.9084488086614962,0.7666667696356082,0.9734724303534081,0.9652256798845567,0.5343952753285643,0.19940330409226523
resnet18_cbam,50,metal_nut,bent,1,1,0.14258938806095595,0.9446266838468229,0.7988655149376243,0.9740716444403599,0.1566265060240964,0.38184791496320525
resnet18_cbam,51,zipper,fabric_interior,1,1,0.4867918721842264,0.7139223824683869,0.9737814258179422,0.9473946019471124,0.11242318351608628,0.06295146037617336
resnet18_cbam,52,pill,scratch,1,1,0.4552578245286124,0.9613754388456666,0.995520535238029,0.9730815997400579,0.33004517378076886,0.4087833172213783
resnet18_cbam,53,cable,bent_wire,1,1,0.6371436367701808,0.9743383667164973,0.9996917404350825,0.9747303592858454,0.2104350998814193,0.3840789249872427
resnet18_cbam,54,bottle,contamination,1,1,0.4756344542202364,0.9746211306456327,0.9503492137123999,0.9746214196575831,0.03377769771212394,0.07557234941098022
resnet18_cbam,55,cable,missing_wire,1,1,0.6029399407234752,0.9125990199139007,0.9884070513289771,0.9746643334629563,0.12502655619290418,0.1329185520361991
resnet18_cbam,56,leather,color,1,1,0.4390853136578905,0.5820526714872873,0.9213632536198245,0.9744010733712141,0.03988352598605841,0.00938869617597574
resnet18_cbam,57,capsule,poke,0,1,0.09109590006941638,0.10206738549388031,0.024765207467837128,0.026310770382871516,0.0,9.080013075218828e-05
resnet18_cbam,58,carpet,cut,1,1,0.09039312500791558,0.7981914007557702,0.6822583723683238,0.8974845202322423,0.3310383327130629,0.12393767705382436
resnet18_cbam,59,zipper,combined,1,1,0.3969924783173336,0.6753851295168141,0.9507115056960689,0.9621623915709872,0.10784880917944267,0.36346071275225417
resnet18_cbam,60,cable,cable_swap,0,1,0.06986003857618042,0.06414196568137455,0.05050750552210078,0.09903186708690224,0.05159097930182267,0.16612214124151797
resnet18_cbam,61,carpet,thread,1,1,0.15534466861392637,0.5853749593461548,0.9278094211004186,0.958303054104422,0.024134312696747113,0.006462819628579457
resnet18_cbam,62,tile,crack,1,1,0.4704135705654573,0.9371740324959912,0.9752519225037304,0.9737371250258231,0.10774431097965835,0.030852378011117974
resnet18_cbam,63,leather,poke,1,1,0.4199123581347842,0.7723577858537501,0.9739943769467572,0.9241385035327145,0.021825862473597746,0.05118881118881119
resnet18_cbam,64,pill,color,1,1,0.3723529232003065,0.9742864011760186,0.9316562312447174,0.9738574627490972,0.003905255115035232,0.02640642939150402
resnet18_cbam,65,capsule,scratch,1,1,0.6746853100521004,0.9732099001894905,0.9973090097155364,0.9739224755404077,0.09645803008248423,0.18344709897610922
resnet18_cbam,66,wood,liquid,1,1,0.8178309395868145,0.9173313870638278,0.970157790977622,0.9364586459824433,0.11099214846538187,0.34954697186456846
resnet18_cbam,67,pill,faulty_imprint,1,1,0.4919454223931216,0.92870049708205,0.9945857677976164,0.9711986600678439,0.06894311960656954,0.1984861227922624
resnet18_cbam,68,capsule,poke,1,1,0.33315439317870194,0.9226764079658689,0.9552950423048969,0.9616286222527062,0.01590067523415378,0.04467564259485924
resnet18_cbam,69,carpet,cut,1,1,0.0730814090015996,0.8751598385961532,0.7284100365517094,0.8975473164583174,0.23510609961821893,0.36618444846292947
resnet18_cbam,70,hazelnut,cut,1,1,0.18523345327372373,0.9702791521604606,0.8050311382640771,0.9082254588657317,0.07293725939028196,0.22041082491033584
resnet18_cbam,71,pill,scratch,1,1,0.70709369308923,0.9745268323031862,0.9983573469344265,0.9719221940368381,0.05482888371259631,0.19432153392330384
resnet18_cbam,72,grid,broken,1,1,0.7226021319863936,0.7791443701152356,0.9470527669323435,0.9699750132650162,0.062251578209025014,0.040288153681963715
resnet18_cbam,73,toothbrush,defective,1,1,0.5274834496468584,0.9747488649891831,0.8401829619824639,0.9747616083305413,0.07380709864451931,0.14695062923523716
resnet18_cbam,74,tile,glue_strip,1,1,0.271475036122637,0.9353016417599658,0.9693652726542208,0.974642752910827,0.2901863582116956,0.056460451230112244
resnet18_cbam,75,carpet,thread,1,1,0.1525873287174775,0.8351653607553569,0.9500236244796566,0.9678410175520777,0.024541101356743814,0.008257345491388044
resnet18_cbam,76,zipper,fabric_interior,1,1,0.738125240769314,0.7753751478913049,0.9568811659603396,0.7626389210698246,0.049890443283330525,0.040780141843971635
resnet18_cbam,77,leather,fold,1,1,0.19597106584908305,0.6912987412772515,0.9555349786829908,0.9742352520198121,0.09816069699903195,9.170666096047443e-05
resnet18_cbam,78,metal_nut,color,1,1,0.373593849696745,0.7557372825130411,0.8931204235796031,0.9725640806400999,0.03672540091071075,0.006604497569823958
resnet18_cbam,79,hazelnut,cut,1,1,0.21195196596220392,0.9746960979619554,0.8808412354137545,0.9603353950779503,0.06553041434028799,0.18403247631935046
resnet18_cbam,80,pill,combined,1,1,0.62437238737666,0.974613240917338,0.9716494263462151,0.9740959661367607,0.02988407954908008,0.11301369863013698
resnet18_cbam,81,pill,scratch,1,1,0.3979850094693236,0.9652351040577425,0.9832829022234364,0.9735636091036806,0.3951407699253058,0.1952803294266709
resnet18_cbam,82,bottle,contamination,1,1,0.6522750892726019,0.8635214225969914,0.9219253554146009,0.9333909666239062,0.7202736021633659,0.0
resnet18_cbam,83,cable,cable_swap,0,1,0.10041882870882862,0.23736166242101608,0.024965806164161615,0.049120647536332745,0.29837790442788253,0.16303333616082788
resnet18_cbam,84,tile,gray_stroke,1,1,0.3078721544340462,0.9213240262645879,0.9935794803277531,0.9717379176336773,0.16942519364044029,0.07224967490247074
resnet18_cbam,85,pill,combined,1,1,0.5144012491697203,0.9725156130380721,0.9416776386801088,0.9744798693510031,0.045535396655994306,0.03740157480314961
resnet18_cbam,86,bottle,contamination,1,1,0.36954168519175856,0.4827081487009923,0.9630495074435146,0.9746653762895814,0.15699757869249395,0.20511592259053457
resnet18_cbam,87,bottle,broken_large,1,1,0.831538297011999,0.9728276148462693,0.9746914171718322,0.9742414106559092,0.28884522370012095,0.23228385807096452
resnet18_cbam,88,capsule,crack,1,1,0.7572680031494932,0.9719299973594981,0.9864724783310521,0.9703880113420975,0.0200990099009901,0.08612643190496394
resnet18_cbam,89,hazelnut,print,1,1,0.07238175160190989,0.743444747132403,0.8427895734257618,0.9492894924124495,0.11150905043074243,0.31374438021836865
resnet18_cbam,90,capsule,crack,1,1,0.6217080909535492,0.970454484090683,0.9910248813521321,0.9741396486543319,0.013981090323878495,0.04248166259168704
resnet18_cbam,91,metal_nut,flip,1,1,0.7974906256179534,0.9454592647062465,0.8912273881732266,0.9746537085493994,0.24722867398648649,0.05411823522059742
resnet18_cbam,92,hazelnut,print,1,1,0.22642574033959895,0.9611130398307661,0.9267055593190889,0.9728990752856272,0.09410538286580743,0.287492762015055
resnet18_cbam,93,tile,rough,1,1,0.1713540638644903,0.8741437904465694,0.9717585817262842,0.9740127932646512,0.5411534560208665,0.22823662289990118
resnet18_cbam,94,zipper,squeezed_teeth,1,1,0.2716813906401339,0.8119196991209446,0.9664317999372777,0.9249658752320069,0.04333128457283344,0.065928927680798
resnet18_cbam,95,pill,crack,1,1,0.4309679315687286,0.8797760841062565,0.9515812424670003,0.9716955460981491,0.08818155591883835,0.1899717514124294
resnet18_cbam,96,capsule,crack,1,1,0.7247748478874059,0.9746686894987444,0.9977760053552629,0.9741580024029328,0.034502587694077054,0.10061486864169927
resnet18_cbam,97,wood,hole,1,1,0.6654651509762204,0.859417670405551,0.9715172346893388,0.8653892695884362,0.03651990443389494,0.09768064228367529
resnet18_cbam,98,screw,thread_top,0,1,0.40166973379591697,0.2296548772008269,0.04352653746869815,0.045368262358852246,0.017529027167173937,0.007380520266182698
resnet18_cbam,99,leather,poke,1,1,0.31656916188999346,0.8510533989552467,0.9991873758481233,0.9607288952766477,0.009888529306005034,0.02410694718387026
resnet18_cbam,100,hazelnut,cut,1,1,0.2605336547694321,0.9351741427972822,0.592593142881924,0.9306224943357531,0.043162605668821484,0.11910994764397906
resnet18_cbam,101,pill,contamination,1,1,0.8167745629170468,0.9747107779813315,0.9643847132083465,0.9742384281717615,0.09934838882442203,0.5112818050888142
resnet18_cbam,102,screw,scratch_head,0,1,0.12591629412450234,0.19871677279411187,0.01534238609225925,0.02918525433606137,0.0,0.0
resnet18_cbam,103,cable,cut_outer_insulation,1,1,0.5773462088772696,0.8496508459921326,0.9856221738882596,0.9613781829694428,0.18751899503596395,0.06873724967733877
resnet18_cbam,104,zipper,fabric_border,1,1,0.3071674973502869,0.9268425223068018,0.9706607620862542,0.9747602526559287,0.09254242121773848,0.28983050847457625
resnet18_cbam,105,pill,scratch,1,1,0.3162727926298087,0.9213804707454212,0.982676103756603,0.9491279943222846,0.07598784194528875,0.3105175292153589
resnet18_cbam,106,cable,cut_inner_insulation,1,1,0.5852156812776218,0.9733235325375655,0.9744848602923657,0.9747544902939491,0.18226977455101262,0.3972238629651506
resnet18_cbam,107,transistor,damaged_case,1,1,0.22543140656648147,0.966764759395178,0.5609365890082927,0.9742111180322037,0.32661927330173773,0.5560950677229747
resnet18_cbam,108,zipper,rough,1,1,0.44034840838520817,0.97475740424949,0.9670869108862309,0.974760300328003,0.23907168971546655,0.32372881355932204
resnet18_cbam,109,cable,combined,1,1,0.8252810990827819,0.9747101016337776,0.9990276803582674,0.9747608664338852,0.2838355752611407,0.19071783486626492
resnet18_cbam,110,capsule,squeeze,1,1,0.3629989543512703,0.4110946552178161,0.9538659847275994,0.9726686463555463,0.00048508367693427115,0.0
resnet18_cbam,111,screw,thread_top,1,1,0.6194561315053585,0.7564464735540379,0.9877505368476704,0.974733383483058,0.045068246201390674,0.25906735751295334
resnet18_cbam,112,zipper,broken_teeth,1,1,0.27543877294961044,0.9114387066489111,0.9486277027172036,0.9710726568164911,0.12044602518504277,0.2756269247690277
resnet18_cbam,113,leather,glue,1,1,0.15156471616917883,0.900466682407173,0.9525392560046193,0.9212628640756744,0.028538095665440185,0.2523809523809524
resnet18_cbam,114,carpet,thread,1,1,0.08459680889962949,0.7895512559321805,0.7937974841688299,0.80421701060101,0.036299868478737396,0.008868857225937773
resnet18_cbam,115,grid,glue,1,1,0.25141391982644984,0.7071973416282669,0.9496558850993839,0.9408515993228004,0.034841576055185314,0.11657083115525353
resnet18_cbam,116,zipper,fabric_interior,1,1,0.2854895959250218,0.8145584111423847,0.9702747812276425,0.9221255459743272,0.1968743216843933,0.11821440208536983
resnet18_cbam,117,carpet,cut,1,1,0.08665395869323006,0.874758159024455,0.9108446200747267,0.9386374445066987,0.27848883396592816,0.04986400725294651
resnet18_cbam,118,zipper,fabric_border,1,1,0.15178048743778438,0.9245712762577285,0.9333259830700986,0.9735820105243558,0.07531409636890792,0.10368382532324957
resnet18_cbam,119,tile,gray_stroke,1,1,0.3924612017909009,0.8979113523356002,0.9307533355727425,0.9743478653772992,0.23577329050022947,0.05781403854269236
resnet18_cbam,120,tile,crack,1,1,0.8151425783680057,0.9570082746077471,0.9731768962281542,0.9745027012950824,0.06485065710872162,0.06443471542621684
resnet18_cbam,121,carpet,metal_contamination,1,1,0.061414868541430113,0.8168588105391235,0.7112162703583635,0.6790844590520375,0.02931411450319864,0.034342092780571105
resnet18_cbam,122,screw,scratch_neck,1,1,0.41025680055098107,0.8003252695316998,0.992649270039692,0.9731811047668681,0.033064248590069664,0.06652452025586354
resnet18_cbam,123,capsule,faulty_imprint,1,1,0.6707577168212732,0.9733275757253661,0.9977234424241033,0.9736035374454015,0.013362395754359362,0.10900473933649289
resnet18_cbam,124,screw,scratch_neck,1,1,0.5845038095229237,0.9740650358990617,0.9965926265576854,0.9739516121163116,0.017278178676694785,0.15428571428571428
resnet18_cbam,125,pill,faulty_imprint,1,1,0.45781400080773654,0.9745516396588438,0.9993717401466711,0.9730928354520667,0.15460335842501446,0.2222604507139171
resnet18_cbam,126,bottle,broken_large,1,1,0.8807308864814476,0.9679601798607702,0.9747141806121968,0.9747016815536564,0.29631596919224495,0.3071624603131895
resnet18_cbam,127,zipper,rough,1,1,0.18066268914539382,0.8398887920449762,0.805731271382459,0.9073710896991976,0.1802158273381295,0.4730870712401055
resnet18_cbam,128,hazelnut,cut,1,1,0.16680751408485414,0.9727689603178671,0.9105760705242574,0.8285687471125722,0.05431119920713578,0.13395257883158151
resnet18_cbam,129,pill,crack,1,1,0.3756136232279159,0.9435419594274801,0.9993355391652585,0.9747438028107946,0.024203534841832713,0.03262023972083144
resnet18_cbam,130,metal_nut,scratch,1,1,0.2536480554850762,0.6230962250161294,0.92302958380672,0.9741601834003315,0.22918280402788535,0.040240568616730456
resnet18_cbam,131,bottle,broken_small,1,1,0.5158576687367505,0.9727508032165726,0.9737029069145402,0.9746810335864804,0.1988849130398602,0.38639930252833476
resnet18_cbam,132,zipper,rough,1,1,0.26932305204273804,0.7681627988907499,0.9280734856636947,0.9189263437156991,0.16721170395869192,0.18183661058179607
resnet18_cbam,133,carpet,cut,1,1,0.08468854641013303,0.8236279153732244,0.7954399142619295,0.9657024125454565,0.21417275397243768,0.24552670523341855
resnet18_cbam,134,transistor,bent_lead,1,1,0.45151575415908235,0.9658299308749203,0.7846142797234279,0.9728134487914442,0.2125237191650854,0.03891992242536757
resnet18_cbam,135,leather,poke,1,1,0.31282175211116064,0.7845623250544544,0.9650787575368048,0.9738193489257039,0.014304915514592934,0.03434762563393269
resnet18_cbam,136,pill,faulty_imprint,1,1,0.5160431703052986,0.9713825223198593,0.9744615417538082,0.974201643207439,0.08182240818224082,0.3724188790560472
resnet18_cbam,137,cable,cable_swap,0,1,0.17872185350936926,0.1752903125081991,0.032580755678519285,0.05013830367034477,0.0,0.30371866060911995
resnet18_cbam,138,screw,thread_top,1,1,0.6650951950982633,0.9730406732642816,0.9993950249754562,0.9744727453554016,0.016603157321720196,0.14341692789968652
resnet18_cbam,139,bottle,broken_large,1,1,0.481569457167649,0.9694050250882948,0.9736739073891968,0.9700462383235073,0.23172164482602803,0.41731653669266144
resnet18_cbam,140,capsule,faulty_imprint,1,1,0.5797304792541502,0.9729665610657914,0.9840647004057246,0.9716700057843493,0.0184071778743872,0.07520786092214664
resnet18_cbam,141,cable,missing_cable,1,1,0.7638860958625115,0.9747325670987859,0.9996773538969137,0.9747619330965474,0.5588887715221295,0.22360850733725515
resnet18_cbam,142,hazelnut,print,1,1,0.09463519178250603,0.9747174043996576,0.7920510721603335,0.974483742707039,0.11486982031536487,0.19231965174129353
resnet18_cbam,143,carpet,hole,1,1,0.11259080573089042,0.8026800524789179,0.7193177580855981,0.919632690528547,0.10087302273316621,0.05870315897173552
resnet18_cbam,144,zipper,combined,1,1,0.2704952549333865,0.8487619144533523,0.9419796084962586,0.9205779014226094,0.11698704009741671,0.3818424566088118
resnet18_cbam,145,metal_nut,scratch,1,1,0.4130988633354244,0.9745311078923489,0.9151716713114695,0.9747316374933372,0.13319661625224302,0.2520858164481526
resnet18_cbam,146,carpet,metal_contamination,1,1,0.12836897532283414,0.6292724798557311,0.8652573564575581,0.7398012577381816,0.03183372796632465,0.018029329047810367
resnet18_cbam,147,cable,cut_inner_insulation,1,1,0.8446540343883383,0.9747297544464029,0.9741839717955755,0.9747498154511642,0.3765407866844626,0.35936017351226784
resnet18_cbam,148,grid,glue,0,1,0.10475499344417294,0.06109188653741107,0.122713409073655,0.056737957976103995,0.001290647527308213,0.0004585176394433056
resnet18_cbam,149,pill,contamination,1,1,0.4698525822963097,0.9738263239460732,0.9735687785432674,0.9741248881883304,0.057470202346853926,0.43857036485480266
resnet18_cbam,150,wood,hole,1,1,0.7742839935826229,0.9653825716605435,0.8770530292186087,0.9283047905601645,0.027497614828949163,0.29307116104868913
resnet18_cbam,151,capsule,scratch,1,1,0.6377017461721982,0.964783172793491,0.994921324079769,0.9236618346201932,0.04391891891891892,0.03476807354784789
resnet18_cbam,152,screw,thread_side,1,1,0.5480591959748826,0.9700090600645719,0.9995111735152022,0.9746988301677131,0.003000300030003,0.0
resnet18_cbam,153,wood,color,1,1,0.6962445509397981,0.8318838989126245,0.9498757874182855,0.9467305776243531,0.05965214891476211,0.1659021406727829
resnet18_cbam,154,cable,cut_outer_insulation,1,1,0.7084226883661049,0.9740573577155967,0.9887076118393452,0.9747377663343879,0.08753112430568856,0.3023740108288213
resnet18_cbam,155,capsule,poke,1,1,0.5466320762504185,0.9251886026314107,0.9969785245502862,0.9608412523967356,0.008837006327732926,0.002156205079060853
resnet18_cbam,156,leather,color,1,1,0.36072481735583595,0.728217118031242,0.9583862135677919,0.9313368268495335,0.006997955653404623,0.01523972602739726
resnet18_cbam,157,cable,bent_wire,1,1,0.9318395616477416,0.9746257458983247,0.9746905443133798,0.9747493238328981,0.13687374749498998,0.06516194848252997
resnet18_cbam,158,leather,cut,1,1,0.17904700750134603,0.7418868631082624,0.970048031989736,0.91418759141749,0.028336990745157904,0.014782738539644617
resnet18_cbam,159,tile,glue_strip,1,1,0.13821316742652223,0.7842787733489469,0.9724462234048934,0.974383905465461,0.37763185324160936,0.06425863101177409
resnet18_cbam,160,leather,poke,1,1,0.3139414017082476,0.844622696246861,0.9788310418416586,0.9496162934202086,0.022179363548698167,0.02294368368549923
resnet18_cbam,161,tile,glue_strip,1,1,0.3255997358052559,0.9734402039803765,0.9560382313244759,0.9248721554022861,0.36193475028426486,0.07644246441377811
resnet18_cbam,162,leather,glue,1,1,0.4075679092885076,0.7369765123430863,0.9974150890193414,0.9675307885491431,0.05495251017639077,0.0010697240660486038
resnet18_cbam,163,zipper,fabric_border,1,1,0.23084373151434368,0.9247778477736197,0.8773318811198135,0.9745666355057121,0.03645545102379635,0.1096535486041036
resnet18_cbam,164,metal_nut,bent,1,1,0.1735777436209788,0.8755551047943892,0.9110892099517027,0.9742510314764015,0.10498687664041995,0.18042226487523993
resnet18_cbam,165,toothbrush,defective,0,1,0.9019066628708003,0.857999397935771,0.01534429215132789,0.5298459393687883,0.0,0.012151773166900885
resnet18_cbam,166,wood,hole,1,1,0.7229563741160088,0.9735457976249247,0.8953675197990378,0.9620875791889059,0.07353157301719493,0.3896315617867623
resnet18_cbam,167,zipper,split_teeth,1,1,0.21067887688149334,0.7906867531986029,0.9453607399369227,0.8923835235537492,0.2400871459694989,0.5213280100861526
resnet18_cbam,168,bottle,contamination,1,1,0.48641901019745015,0.8001923623956511,0.969107593062228,0.9745647107457127,0.6402901417738213,0.1955201886236369
resnet18_cbam,169,tile,oil,1,1,0.26539203731576977,0.9475965021202366,0.9767900912170262,0.9734861777370181,0.737339380196523,0.18276613405270803
resnet18_cbam,170,zipper,rough,1,1,0.15586921811688043,0.872835080828683,0.9593419943429566,0.9241664902675122,0.1501600451892299,0.5708828522920204
resnet18_cbam,171,screw,scratch_neck,1,1,0.5063361292843241,0.9648461461138733,0.9652129708065331,0.9735095340739146,0.02187600042684879,0.005219472451369793
resnet18_cbam,172,leather,cut,1,1,0.18677579974852404,0.972940874756264,0.9371100103337049,0.88142092336881,0.024327784891165175,0.13523131672597866
resnet18_cbam,173,bottle,contamination,1,1,0.18779402068914086,0.8337954263965084,0.9819455619926885,0.9692268119770826,0.7385183277534553,0.13317860300618922
resnet18_cbam,174,zipper,squeezed_teeth,1,1,0.33468442008496674,0.9156465445063897,0.9368585461703489,0.8834732381965889,0.12491849091755938,0.3706467661691542
resnet18_cbam,175,bottle,contamination,1,1,0.5316984555169765,0.8810785023079599,0.9560437195849578,0.9669062158473618,0.30896172358468943,0.16565327005783775
resnet18_cbam,176,wood,scratch,1,1,0.29733664724610886,0.8067663853527616,0.894082177231553,0.9721565469745339,0.4353067459334489,0.1039614795360035
resnet18_cbam,177,hazelnut,print,1,1,0.1277154910291606,0.9747553960633606,0.682064497283383,0.9725369313937928,0.22776193542452397,0.2723872387238724
resnet18_cbam,178,capsule,faulty_imprint,1,1,0.4731950946037651,0.9522187849534614,0.9449942794863091,0.9741731472250332,0.01339675759634987,0.03554868624420402
resnet18_cbam,179,capsule,squeeze,1,1,0.49397322913359865,0.8663638327826131,0.9831357281018427,0.9724602508623004,0.0771537077753348,0.06717344089357741
resnet18_cbam,180,zipper,rough,1,1,0.26520409727900107,0.8242561353873139,0.9441720948646481,0.8169459969851143,0.21175804472964047,0.4070976491862568
resnet18_cbam,181,zipper,fabric_interior,1,1,0.26417637618439116,0.8314408451949793,0.9524506604339327,0.955477467691767,0.043696215222658534,0.13616245769330904
resnet18_cbam,182,capsule,scratch,1,1,0.5707737394452429,0.9457697022745062,0.975769513670457,0.972316224587362,0.028836559568948313,0.06819254365266635
resnet18_cbam,183,carpet,thread,1,1,0.10584945680352938,0.468261739639695,0.8859004536656767,0.8464811409458572,0.02935907643312102,0.004933852921008178
resnet18_cbam,184,grid,thread,1,1,0.1909653312265348,0.9721235698171451,0.9536433769972064,0.9726279910146924,0.07883560431781986,0.24143145161290322
resnet18_cbam,185,pill,contamination,1,1,0.5859442483858532,0.9720098987355097,0.9976972779040807,0.9679109137514981,0.042130987292277614,0.36208368915456873
resnet18_cbam,186,carpet,color,1,1,0.20574859802423778,0.8322138369466033,0.9620055802458322,0.9370401529241146,0.06611642050390965,0.009787215449818674
resnet18_cbam,187,cable,poke_insulation,1,1,0.755719361525289,0.9652319964343998,0.9889235857026506,0.9745140591667816,0.18164260093810355,0.3537394451145959
resnet18_cbam,188,pill,scratch,1,1,0.4736616145413541,0.9674223554366701,0.9992114144915831,0.9705968746175724,0.21489554950045414,0.0
resnet18_cbam,189,cable,bent_wire,1,1,0.5601791015037711,0.8908039063927073,0.9997053657098149,0.9747485789567374,0.14628224582701063,0.22138492871690427
resnet18_cbam,190,zipper,broken_teeth,1,1,0.2282407244285775,0.7665912934937433,0.8959219154845123,0.9008603014136181,0.08314225053078557,0.3116584564860427
resnet18_cbam,191,cable,missing_cable,1,1,0.9212732705140176,0.9747556284647227,0.9747516747612611,0.974748674300886,0.4124162323157111,0.46333649738965355
resnet18_cbam,192,zipper,split_teeth,1,1,0.1646846781945033,0.7771264303033445,0.9260918022205236,0.9223836449357659,0.1290971244721496,0.18982850384387936
resnet18_cbam,193,screw,thread_top,1,1,0.7569246229469935,0.9110657833981033,0.9977563197680865,0.9731135787633913,0.007608922243068585,0.06260720411663807
resnet18_cbam,194,metal_nut,color,1,1,0.2195055798910808,0.9744701293503251,0.9493550940518557,0.9747590191410065,0.08227521420460411,0.29010375099760577
resnet18_cbam,195,leather,cut,1,1,0.06968462423871422,0.7761172781202376,0.9627771587348076,0.9541287889561001,0.042346182357301705,0.025658301049912974
resnet18_cbam,196,transistor,cut_lead,1,1,0.5848181369488946,0.9681768896617224,0.6871371638521566,0.9738686478095271,0.07471647765176785,0.011165943871192862
resnet18_cbam,197,carpet,metal_contamination,1,1,0.08832865533680552,0.5024547429414952,0.7735874468565206,0.9147567952396141,0.019104145414077716,0.0
resnet18_cbam,198,bottle,broken_large,1,1,0.7932595528240198,0.9569116611901929,0.967296365601601,0.9743220092360072,0.258099287382478,0.2641847947970397
resnet18_cbam,199,capsule,poke,1,1,0.6876381734667716,0.9247381290898058,0.9471010954130179,0.9248097051013555,0.009211536352670248,0.0166865315852205
densenet121,0,pill,combined,1,1,0.6835201961722639,0.9394351502676717,0.9748337816910677,0.9747757267166879,0.050184292599943295,0.27111984282907664
densenet121,1,tile,glue_strip,1,1,0.9334470282505176,0.9746483975857689,0.9759618127623071,0.9747703516903119,0.37248203557545057,0.6418681060783854
densenet121,2,zipper,fabric_border,1,1,0.583242325075668,0.9747758161018272,0.9321273043278779,0.9747757743887622,0.08298103635704795,0.3251195292386907
densenet121,3,capsule,crack,1,1,0.3929460447955364,0.9405349733267929,0.9966613756478182,0.9747732626663481,0.031762295081967214,0.004555399536296248
densenet121,4,capsule,crack,1,1,0.7503825775332587,0.9735279042131868,0.9885525435201998,0.9745423808515614,0.006639427987742594,0.028102031993082578
densenet121,5,pill,faulty_imprint,1,1,0.5398736323862154,0.9742299991565222,0.9888694644905627,0.9746085705472058,0.1312157499492592,0.24623881165492287
densenet121,6,zipper,fabric_border,1,1,0.3773085946926553,0.9747668656698796,0.9635304181766307,0.9747681945289504,0.059010270774976656,0.14839164123033577
densenet121,7,carpet,thread,1,1,0.357234707431199,0.9742169355184149,0.9439757889212554,0.9668392321171257,0.010267119115983643,0.03920265780730897
densenet121,8,metal_nut,bent,1,1,0.3578783356640374,0.9735641066843517,0.8889177653892697,0.9744244997298654,0.1304906542056075,0.2685096153846154
densenet121,9,carpet,color,1,1,0.24086432898773147,0.9260412084656071,0.9742133588835067,0.9512271521805804,0.044252986097513214,0.3054054054054054
densenet121,10,hazelnut,print,1,1,0.2628694070648905,0.974766010552047,0.9902315927101881,0.974771269377742,0.2021557860484035,0.25871867734435544
densenet121,11,toothbrush,defective,0,1,0.6339835122467867,0.8248822145741791,0.049987409162601706,0.05004342130062484,0.02249266543518418,0.026865671641791045
densenet121,12,hazelnut,crack,1,1,0.5456130956956491,0.9747107556384424,0.9976595260905015,0.974765301429942,0.27557315164349505,0.4931119079071523
densenet121,13,leather,glue,1,1,0.14865148623403446,0.9746707855836565,0.9687464185253027,0.9249536190430536,0.03205006637587711,0.18480043739748497
densenet121,14,cable,cut_outer_insulation,1,1,0.814083930232421,0.9746498754200719,0.9746355283559751,0.974714794356986,0.03082691106019579,0.06202849958088852
densenet121,15,zipper,broken_teeth,1,1,0.927374328932169,0.9747753572581122,0.9747235043146851,0.9747296754929256,0.06229508196721312,0.3620848708487085
densenet121,16,leather,glue,1,1,0.4666609231991288,0.9639181853552135,0.9745350864626285,0.9690559627149913,0.02634449198758285,0.06559368357121166
densenet121,17,carpet,thread,1,1,0.44139274710257936,0.9747176859662421,0.92513410652451,0.9747544053814625,0.059516676652686236,0.07972881355932203
densenet121,18,leather,cut,1,1,0.3995270226468115,0.9743964506731562,0.9838236763571331,0.959164677688749,0.04975570844550803,0.17183195592286502
densenet121,19,metal_nut,flip,1,1,0.840741727485419,0.973954348794722,0.9746217117142644,0.9747756790446136,0.2852348092258948,0.06013273653341565
densenet121,20,leather,glue,1,1,0.4831625696226425,0.9740546001874453,0.9525208565678138,0.9258437311809065,0.02794928335170893,0.12010309278350516
densenet121,21,leather,glue,1,1,0.37213651295601835,0.9746551014712157,0.9747652320924463,0.9747175131549728,0.0913907284768212,0.2820295983086681
densenet121,22,wood,combined,1,1,0.8099066503011318,0.9728881509352494,0.9748136195286321,0.9747532791287075,0.11158312092891533,0.39400688398461226
densenet121,23,cable,cut_inner_insulation,1,1,0.9742791398429063,0.9747204032744765,0.974748010810206,0.9747424918321475,0.17867585630743527,0.3434426229508197
densenet121,24,wood,color,1,1,0.7645887605626562,0.9746368788208191,0.9748150396524906,0.9747755568849232,0.01655953046394634,0.03760673763013218
densenet121,25,capsule,faulty_imprint,1,1,0.7179562074854289,0.9737210327246419,0.9996809084459528,0.974744565567379,0.04033485540334855,0.0657439446366782
densenet121,26,capsule,squeeze,1,1,0.6705509762844937,0.9747132494838286,0.9747618076625066,0.9747407979837579,0.23396261857800318,0.29882281919710235
densenet121,27,screw,manipulated_front,0,1,0.1993543153404054,0.5403888514140647,0.04317369970311824,0.025055415829809108,0.0,0.00042735719147184983
densenet121,28,hazelnut,crack,1,1,0.6790981099629256,0.9747036107863085,0.9994261980427837,0.9747752172213939,0.5261152208025106,0.13112617309697602
densenet121,29,screw,thread_side,1,1,0.7671289774431784,0.9562971785842809,0.9745646199818747,0.9747746689925396,0.022200132538104704,0.004885245901639345
densenet121,30,pill,combined,1,1,0.8533332831398308,0.9739269030877029,0.9975581841990788,0.9747326132845036,0.08043117744610281,0.24513457556935817
densenet121,31,zipper,rough,1,1,0.7393525738493292,0.941858311375471,0.9746957870639346,0.9746720459141205,0.22611940298507463,0.31912817176317504
densenet121,32,toothbrush,defective,1,1,0.7621424182111403,0.9747579301354552,0.9300812144301744,0.9747662369943999,0.04184696280878567,0.014703606252902027
densenet121,33,cable,missing_cable,1,1,0.9243858470584021,0.9747631889611501,0.9984088134078775,0.9747500970177487,0.5011918333506062,0.3270967275879506
densenet121,34,zipper,combined,1,1,0.8730974214528526,0.9747581953113684,0.9747755715744049,0.974769457838919,0.1318488988283339,0.2645029389215436
densenet121,35,zipper,broken_teeth,1,1,0.6059695814428441,0.9740673077747477,0.9729841078201193,0.9746437614765444,0.0701120797011208,0.21325757575757576
densenet121,36,carpet,hole,1,1,0.37313368234733346,0.9746565852645279,0.9695043095005849,0.9739379466216622,0.21151202749140893,0.5591177808094588
densenet121,37,screw,scratch_neck,1,1,0.725313454773163,0.974309869247735,0.9756359462016917,0.9747741326817039,0.01895991332611051,0.1883745963401507
densenet121,38,leather,cut,1,1,0.34086222577460745,0.87130010851196,0.9729776305443316,0.9742431194052177,0.009456043441625315,0.004077842377260982
densenet121,39,pill,color,1,1,0.6463765157222756,0.9743319622746629,0.9747673162181183,0.9747615681106243,0.008393285371702638,0.10646387832699619
densenet121,40,pill,scratch,1,1,0.8693741289393504,0.96822081650207,0.9933052794949617,0.9358984425023653,0.31129733085040345,0.7057260920897285
densenet121,41,capsule,squeeze,1,1,0.8150601130819757,0.9743977676142084,0.9995226803621335,0.9747576500620188,0.45568145716403685,0.27540237359778896
densenet121,42,tile,rough,1,1,0.6699092341130104,0.928479262161817,0.9751877583591408,0.9747516493396677,0.3231002899617987,0.5153561424569828
densenet121,43,screw,scratch_neck,1,1,0.8879230144139001,0.974774657074521,0.925485728141485,0.9747756730856043,0.025868142929038752,0.09382986491420227
densenet121,44,capsule,poke,1,1,0.6960706036033031,0.9747638563701901,0.9995227086674277,0.9747738108952024,0.022873194221508828,0.09004363347877826
densenet121,45,wood,scratch,1,1,0.3322019680795254,0.9737354088345445,0.9747662054986499,0.9747747017670907,0.08503490976155974,0.10623016535827627
densenet121,46,carpet,hole,1,1,0.4823400065008663,0.9305598752073809,0.9768994952755747,0.9249056814902463,0.1341647390123705,0.3150684931506849
densenet121,47,leather,color,1,1,0.24450472708478266,0.9298481099092886,0.9747763594235188,0.9739012018806523,0.011919759666634364,0.006392599137258978
densenet121,48,zipper,squeezed_teeth,1,1,0.780807185764175,0.9144638811192056,0.9742364190332005,0.9677172891559156,0.13306177868295996,0.10702584637786676
densenet121,49,wood,scratch,1,1,0.7858292058100425,0.9746531826702256,0.9982733338420076,0.9747756790446136,0.40478102189781023,0.06377801693884236
densenet121,50,metal_nut,bent,1,1,0.6322957224259627,0.9745462601666066,0.9247550558292943,0.9746917463988201,0.1347495894909688,0.3114326375711575
densenet121,51,zipper,fabric_interior,1,1,0.8543088715571141,0.974579633598113,0.9737935191174341,0.8205442119135018,0.14644482812745252,0.002654867256637168
densenet121,52,pill,scratch,1,1,0.7968933126757065,0.9746113742610749,0.9877670149980986,0.972819139648708,0.3661626481405803,0.6194313857174838
densenet121,53,cable,bent_wire,1,1,0.8738053273773403,0.9746685062626046,0.9747828930902145,0.9747669952783315,0.23452272034156754,0.11209912536443149
densenet121,54,bottle,contamination,1,1,0.8705456441634203,0.9732254427788565,0.9746583950480909,0.9746619707191702,0.033306687982946975,0.05853174603174603
densenet121,55,cable,missing_wire,1,1,0.9742731602826034,0.9747648783402827,0.9809877056259211,0.9747746928285768,0.11764117941029485,0.2213654316343803
densenet121,56,leather,color,1,1,0.6118282282317473,0.8732991559317664,0.974781287029554,0.9745483339018381,0.04478351332606757,0.0144700195281237
densenet121,57,capsule,poke,0,1,0.2059519538172478,0.2801320045677125,0.02252705027163321,0.02854229947767682,0.0,0.0
densenet121,58,carpet,cut,1,1,0.522802390163319,0.9246091215118799,0.9266277072356051,0.9254145124012201,0.3556577369052379,0.7498351285996923
densenet121,59,zipper,combined,1,1,0.9214622597399487,0.8374040350824306,0.9747840894122479,0.9747539197222057,0.1247908066495593,0.09742828882294757
densenet121,60,cable,cable_swap,1,1,0.9741161979005035,0.9741997050430644,0.9746582421324348,0.9747224844584697,0.1787226037061424,0.1545443543507201
densenet121,61,carpet,thread,1,1,0.36846511071194943,0.912870457725079,0.9747689462428415,0.9747618005119865,0.02364706981960931,0.006767058068312515
densenet121,62,tile,crack,1,1,0.9582617690250892,0.9747557729740937,0.9747789686854293,0.9747750295126014,0.11503715576278595,0.07354616160630023
densenet121,63,leather,poke,1,1,0.7049022050059754,0.9695560278767505,0.9747828185851404,0.9747346393476608,0.022163965681601526,0.008704605016847623
densenet121,64,pill,color,1,1,0.7911023614085275,0.9744960793494091,0.9552754624901354,0.9746444586806309,0.004710701484895033,0.03888419273034658
densenet121,65,capsule,scratch,1,1,0.8945656775637403,0.9744249675120944,0.9996661032873817,0.9746252408756835,0.10874083798271524,0.18062874795566056
densenet121,66,wood,liquid,1,1,0.8435812277533978,0.9743356717579434,0.9545189342316007,0.9747690377287643,0.11030581580342938,0.10879087297545074
densenet121,67,pill,faulty_imprint,1,1,0.7422644319862286,0.9743780373344624,0.974771284596784,0.9747059467179486,0.07649541851127355,0.19752130131680867
densenet121,68,capsule,poke,1,1,0.3508587803195198,0.9747607964189218,0.9495978953505073,0.9747747136851093,0.017130118502874575,0.05365674384417494
densenet121,69,carpet,cut,1,1,0.43072106760880935,0.9744355924256514,0.9747332210205251,0.9741257567173296,0.23272982949551765,0.6584329349269589
densenet121,70,hazelnut,cut,1,1,0.2443139859079695,0.9746758328645218,0.9747351986681867,0.9747142952899583,0.07322678366238379,0.1356949283778552
densenet121,71,pill,scratch,1,1,0.7022165153672058,0.9747639248987969,0.9747981477815486,0.97477545856127,0.06094403505277833,0.2786214953271028
densenet121,72,grid,broken,1,1,0.9747619708805857,0.9747695591420769,0.9747901857449826,0.97477562541353,0.057840036150022596,0.15600574254267027
densenet121,73,toothbrush,defective,1,1,0.7884004201838888,0.9747467838085857,0.9948307337308506,0.9747751725288243,0.09564250328581539,0.135987114588127
densenet121,74,tile,glue_strip,1,1,0.8881538604673569,0.9745236993574498,0.9749764775880863,0.9747465037351493,0.3352791339418382,0.5017200317544324
densenet121,75,carpet,thread,1,1,0.6192870234419043,0.9743203809401155,0.9746825627369811,0.974728903801223,0.028304618502968004,0.06021290751829674
densenet121,76,zipper,fabric_interior,1,1,0.9400965782532857,0.9641185063908768,0.9747155458570163,0.9743209559845116,0.05365721018761896,0.13119927862939584
densenet121,77,leather,fold,1,1,0.322720774945104,0.874057414790764,0.9250400538573516,0.9747440888466361,0.0968573884802751,0.03790736270368135
densenet121,78,metal_nut,color,1,1,0.7297344541630828,0.9746228408846935,0.9283533163663122,0.9743138945585077,0.034868421052631576,0.01831889837373045
densenet121,79,hazelnut,cut,1,1,0.5317828628711867,0.9744824391771534,0.9995340844161547,0.9747243645258994,0.0644012321909896,0.18032786885245902
densenet121,80,pill,combined,1,1,0.7350595091062697,0.9747496620100708,0.9748040550510382,0.9747756790446136,0.028778988544286115,0.10294968189705032
densenet121,81,pill,scratch,1,1,0.7084107803204489,0.9633276207194275,0.9801500283238056,0.9718143136258721,0.38576713052668665,0.08631140122322481
densenet121,82,bottle,contamination,1,1,0.7618350403897445,0.8497878795592886,0.9747708648256062,0.9747738675057906,0.9188471748198711,0.2765483607250585
densenet121,83,cable,cable_swap,0,1,0.10452945237109965,0.21205107342787172,0.025433192472443304,0.07765548820913892,0.05466024256521017,0.04034197168047021
densenet121,84,tile,gray_stroke,1,1,0.7285889461715964,0.9521510950806249,0.975053317825683,0.9699612524262182,0.2888912090206724,0.18800386971944533
densenet121,85,pill,combined,1,1,0.8048859195326052,0.9746394024612517,0.9826104466474135,0.974108743745818,0.05041777440182302,0.23043478260869565
densenet121,86,bottle,contamination,1,1,0.8599299132455425,0.9696489020159778,0.9743564033541992,0.9747475257052418,0.24083184257602863,0.047865634005763685
densenet121,87,bottle,broken_large,1,1,0.9144958741598863,0.974772937900342,0.9749013661033104,0.9747758101428179,0.2674922309068651,0.2400238829734302
densenet121,88,capsule,crack,1,1,0.696559724730264,0.972410637644133,0.9994555848970776,0.974470899555671,0.020525783619817998,0.05225225225225225
densenet121,89,hazelnut,print,1,1,0.7480257426793084,0.9742721889422672,0.9578815175109412,0.9747496843563557,0.11470676092800956,0.30077658303464755
densenet121,90,capsule,crack,1,1,0.7735924410271764,0.9747383875645017,0.9985905438243208,0.9747756909626322,0.014156227721763927,0.08640226628895184
densenet121,91,metal_nut,flip,1,1,0.8743806229160036,0.974760811316445,0.9747659015819021,0.9747757833272761,0.27607281502465636,0.12594845329155532
densenet121,92,hazelnut,print,1,1,0.2496970339695359,0.9746325153362694,0.9003542619716427,0.9746535253132595,0.09433783013490404,0.2605938310752378
densenet121,93,tile,rough,1,1,0.519590671305382,0.9744938447209268,0.9717666272549081,0.9747729676953885,0.7045151158225363,0.6414224563714191
densenet121,94,zipper,squeezed_teeth,1,1,0.6374169805834704,0.9596244301526884,0.9733769966718917,0.9726658828683856,0.04430711218183723,0.09704060564349622
densenet121,95,pill,crack,1,1,0.8497954996824211,0.9744655453858275,0.972948381140057,0.9746962812048867,0.09423491932997637,0.21606273661438616
densenet121,96,capsule,crack,1,1,0.8386332826542109,0.9738799311970059,0.9996607446482813,0.9747184904324957,0.03560478686578973,0.19522776572668113
densenet121,97,wood,hole,1,1,0.7733601036429008,0.956467221893762,0.9748156283956249,0.974747799819669,0.0256831983805668,0.11414486158513462
densenet121,98,screw,thread_top,1,1,0.8674327735544693,0.9743080606884167,0.9744323303248859,0.9747661893223256,0.034285084334692975,0.0053432753762628
densenet121,99,leather,poke,1,1,0.2641357935510147,0.9576854370596255,0.9482750821718327,0.9325905495204996,0.010621861722672847,0.01122563526890499
densenet121,100,hazelnut,cut,1,1,0.28290639744365365,0.9746999698316348,0.9941724673008139,0.9747219079243212,0.050499001996007986,0.13820673900628214
densenet121,101,pill,contamination,1,1,0.4287938688245001,0.974722143305188,0.9339990320077334,0.9747708582061012,0.11302934904031685,0.4985089463220676
densenet121,102,screw,scratch_head,1,1,0.8460826929513932,0.9555445005906211,0.9710402869446106,0.9744118204478571,0.01336649051911719,0.0016553741915614412
densenet121,103,cable,cut_outer_insulation,0,1,0.1346492905988002,0.10091405335256023,0.04645193700736326,0.026912364924685475,0.0,0.04343954716021116
densenet121,104,zipper,fabric_border,1,1,0.8373299948750574,0.9747751933853568,0.9249154111281257,0.974447689214502,0.09869971865257395,0.18743169398907103
densenet121,105,pill,scratch,1,1,0.8179516886461897,0.9741466787989328,0.9747617388567535,0.9745398840266706,0.08172291125853283,0.24070631970260223
densenet121,106,cable,cut_inner_insulation,1,1,0.934849754442439,0.9747704231984233,0.9780762524965212,0.97477545856127,0.19274674209516113,0.34654640398765724
densenet121,107,transistor,damaged_case,1,1,0.9425040456321767,0.974774165456255,0.9747984432238752,0.9747743084724778,0.3405655526992288,0.12050715365825287
densenet121,108,zipper,rough,1,1,0.8995044601893234,0.9747757684297529,0.9729638701458629,0.9747757803477715,0.2905842015033628,0.3043265306122449
densenet121,109,cable,combined,1,1,0.9730046202591147,0.974770083534894,0.9955557276571199,0.9747756492495672,0.5032686021918862,0.3058092092481057
densenet121,110,capsule,squeeze,1,1,0.9930998158342845,0.9737532203133004,0.9995867784455186,0.974619669202001,0.03772570937231298,0.0
densenet121,111,screw,thread_top,1,1,0.9274929286433169,0.9746402233147808,0.9747269465547301,0.9747707822287328,0.03852080123266564,0.006587863273603373
densenet121,112,zipper,broken_teeth,1,1,0.6720001028157778,0.974716100869772,0.971527488732292,0.9746711699397554,0.11904988123515439,0.4094910065059319
densenet121,113,leather,glue,1,1,0.21588817615910116,0.9745292263385625,0.9315188985186733,0.9743283153609799,0.032555282555282554,0.17520661157024794
densenet121,114,carpet,thread,1,1,0.6550805149401775,0.9747420255396708,0.9747559908110901,0.9747527219613392,0.03782203544673853,0.09572901325478646
densenet121,115,grid,glue,1,1,0.5959431432592481,0.9740264453583212,0.9747611895636865,0.9747385112139444,0.040456149877816996,0.21233859397417504
densenet121,116,zipper,fabric_interior,1,1,0.7249466689222075,0.9746714291566594,0.9741028100317699,0.9608957520093089,0.2020719616798485,0.31657814871016693
densenet121,117,carpet,cut,1,1,0.7065021814481263,0.9746238881805755,0.9745317001784954,0.964561275678351,0.2837230215827338,0.4678025557504385
densenet121,118,zipper,fabric_border,1,1,0.5994823356630095,0.9747453596053663,0.9747085896193104,0.9747758161018272,0.08290273556231004,0.15277253866465484
densenet121,119,tile,gray_stroke,1,1,0.40148233409399836,0.9746639386819869,0.9644773447638126,0.9747307734403865,0.26107226107226106,0.47024246877296105
densenet121,120,tile,crack,1,1,0.9706820218891803,0.9747732090352645,0.9749550684389447,0.9747754645202793,0.05536332179930796,0.08930857874519846
densenet121,121,carpet,metal_contamination,1,1,0.4386901097031508,0.9741156115040202,0.9444916972781625,0.9725652977711423,0.03340716131413806,0.17403846153846153
densenet121,122,screw,scratch_neck,1,1,0.8736517940326465,0.9747584664462909,0.985804243223356,0.9747748864963786,0.03514752556717997,0.07944962272525521
densenet121,123,capsule,faulty_imprint,1,1,0.857206137080472,0.9744310337835476,0.9749439231479187,0.9746810857312074,0.014378951662247603,0.0746822033898305
densenet121,124,screw,scratch_neck,1,1,0.9199193091413811,0.9747517238272838,0.9808486625724981,0.9747757207576786,0.01785151737897721,0.1608832807570978
densenet121,125,pill,faulty_imprint,1,1,0.5302684257246986,0.9747004316548544,0.9896789854738017,0.974031967870177,0.1638036809815951,0.39384116693679094
densenet121,126,bottle,broken_large,1,1,0.9605642876563358,0.9747743621035614,0.974777801094957,0.9747756909626322,0.3083262290423416,0.45853370454737197
densenet121,127,zipper,rough,1,1,0.5748665650577225,0.9706499976990006,0.9458408860525047,0.9563849607500732,0.19232245681381957,0.3391504774448469
densenet121,128,hazelnut,cut,1,1,0.5441162301210545,0.9747415607369465,0.885320824977395,0.974762113359974,0.05628016842970114,0.15797059671375036
densenet121,129,pill,crack,1,1,0.7043474164099361,0.9743722883802537,0.974731919465821,0.9747594273365383,0.027695478552106145,0.04848894903022102
densenet121,130,metal_nut,scratch,1,1,0.4468487829116956,0.9437308495969763,0.9720598187585194,0.9745336196181587,0.2627745405647692,0.027768014059753956
densenet121,131,bottle,broken_small,1,1,0.9364295904719562,0.974770217612603,0.9747413139021539,0.9747730809165649,0.23933506909673544,0.30552351659618093
densenet121,132,zipper,rough,1,1,0.682381924685413,0.9712298957081646,0.9747474071957356,0.9739777885577485,0.1895424836601307,0.5093608779857973
densenet121,133,carpet,cut,1,1,0.37983194251843244,0.9259541618650236,0.9607096312447645,0.9294851183483832,0.23361261705273534,0.8008683068017366
densenet121,134,transistor,bent_lead,1,1,0.9679697134744991,0.9747712336236862,0.9715448101909194,0.9747747702956975,0.22594424460431656,0.17595195502172245
densenet121,135,leather,poke,1,1,0.17881172217198937,0.9263026599049216,0.9744977792295497,0.9746998744874862,0.013005149690145762,0.00573518090839107
densenet121,136,pill,faulty_imprint,1,1,0.7846746669108864,0.9746277853726486,0.9993804924415599,0.9747213388389344,0.0890507994333131,0.223535457348407
densenet121,137,cable,cable_swap,0,1,0.10176408965478659,0.6511268714609053,0.04995738734660507,0.055679158732409556,0.11599171949799457,0.1360015929908403
densenet121,138,screw,thread_top,1,1,0.9047230286709578,0.9746787378815487,0.9748341783958168,0.974772937900342,0.018281718281718283,0.19614147909967847
densenet121,139,bottle,broken_large,1,1,0.7544153207326687,0.9746859363647662,0.9747356097030728,0.9747735486987938,0.27870225013082156,0.4089246525237747
densenet121,140,capsule,faulty_imprint,1,1,0.9414864442739512,0.9747395436123032,0.974767748410688,0.9747101954915696,0.0200827530527803,0.08731899956121106
densenet121,141,cable,missing_cable,1,1,0.9162953567548193,0.9747538899271593,0.9747572834505576,0.9747743442265335,0.611688083083964,0.24686306601200217
densenet121,142,hazelnut,print,1,1,0.4572457670832888,0.9747576798570652,0.8904988695015277,0.9747577513651766,0.1223991403731562,0.21746724890829694
densenet121,143,carpet,hole,1,1,0.7256180273800261,0.9246493494451204,0.904086828142427,0.9272429863561218,0.10124056562852433,0.2933634992458522
densenet121,144,zipper,combined,1,1,0.734423312593087,0.9256718437442704,0.9748167386742779,0.9697787220127783,0.15313124294276037,0.30537974683544306
densenet121,145,metal_nut,scratch,1,1,0.8743778939414373,0.9747651464957006,0.9747896764708237,0.9747757982247993,0.13962629906844004,0.2943170810461737
densenet121,146,carpet,metal_contamination,1,1,0.4427934081180709,0.9746580362832891,0.9747092005261475,0.9746863683929394,0.035287255759696705,0.19369085173501577
densenet121,147,cable,cut_inner_insulation,1,1,0.9192729577824181,0.9747756820241182,0.9747686961972253,0.9747758131223225,0.4341058154787932,0.27904740355243807
densenet121,148,grid,glue,0,1,0.6162724900533216,0.31662065468189354,0.04730569851202651,0.0249971391066695,0.0,0.00015159324500500258
densenet121,149,pill,contamination,1,1,0.7618849739546114,0.974683817936965,0.9991205649257608,0.9746827155202471,0.06273956021787372,0.4590551181102362
densenet121,150,wood,hole,1,1,0.6385426520667048,0.9747354944654933,0.9747677118899336,0.9747312367533585,0.03093139133767727,0.24822163983526768
densenet121,151,capsule,scratch,1,1,0.8363790518399652,0.9747254386373232,0.9977386453465442,0.9746814075177088,0.04823188405797101,0.08570251339101771
densenet121,152,screw,thread_side,1,1,0.9184505776535827,0.9746969784089732,0.974795182950384,0.9747739092188556,0.0,0.0
densenet121,153,wood,color,1,1,0.5903221733975403,0.9738556229083759,0.9711760400138765,0.9269260951808054,0.02362609142270159,0.11688980432543769
densenet121,154,cable,cut_outer_insulation,1,1,0.7500596009873988,0.9746887073040842,0.9051283804313073,0.9747600306862285,0.1015894186951206,0.35063235935455733
densenet121,155,capsule,poke,1,1,0.6615412767194035,0.9666568059863483,0.9995726600627677,0.9747645684717998,0.009692473375613258,0.0012819295413540974
densenet121,156,leather,color,1,1,0.5153369199811308,0.9248411744232943,0.9747687991254352,0.929722571088222,0.007816616897944845,0.027494593759654
densenet121,157,cable,bent_wire,1,1,0.9145280161117864,0.9747605997716153,0.9792075670575286,0.9747757714092575,0.18555758683729434,0.05884528924679168
densenet121,158,leather,cut,1,1,0.32941982117295865,0.9246196673172609,0.9735292023766675,0.9321859432182453,0.026546299606721488,0.06723558313938453
densenet121,159,tile,glue_strip,1,1,0.8085414210602107,0.9746893955696567,0.9746718215463641,0.9747717878115498,0.3852580372250423,0.6131946812137743
densenet121,160,leather,poke,1,1,0.3825933028890347,0.9254465256888569,0.9747828635541289,0.9747335399104475,0.023389109734676897,0.021334007926469348
densenet121,161,tile,glue_strip,1,1,0.8875824342621073,0.9747509074430116,0.9747723487193021,0.9747674645503128,0.39632219136098074,0.6767554479418886
densenet121,162,leather,glue,1,1,0.3682728400148658,0.9550447944591713,0.9747567237197678,0.9747509074430116,0.0576219512195122,0.0064414426657244585
densenet121,163,zipper,fabric_border,1,1,0.6587758976488045,0.9747756432905579,0.9371762934589505,0.9747758161018272,0.03470758693361433,0.12371134020618557
densenet121,164,metal_nut,bent,1,1,0.3960958695553547,0.9603972942903045,0.8709931594329898,0.97452845464686,0.13333333333333333,0.02113792496036639
densenet121,165,toothbrush,defective,1,1,0.7179006703306818,0.9745556232599473,0.9566620218534929,0.9747089217533347,0.0319073980875692,0.17989417989417988
densenet121,166,wood,hole,1,1,0.486170926709125,0.9746405525500439,0.9747932278628682,0.9747411197702593,0.08275485105220005,0.3740843647385703
densenet121,167,zipper,split_teeth,1,1,0.7110398566504577,0.9701309411746468,0.9746212889250288,0.9330929908372116,0.2555421574993043,0.5472595656670114
densenet121,168,bottle,contamination,1,1,0.7231554004200405,0.8049439947932218,0.9747483802156802,0.9747751218772454,0.8990278178843008,0.1874267125619397
densenet121,169,tile,oil,1,1,0.8021891147826601,0.9743046074425354,0.9735471010379406,0.974700142642904,0.6201177100053504,0.7377855887521968
densenet121,170,zipper,rough,1,1,0.6446814562862944,0.9746430732109719,0.9747354858834143,0.9747165388569545,0.16098102543399273,0.46633260256811776
densenet121,171,screw,scratch_neck,1,1,0.8905564987129866,0.9743305246636726,0.9747310412582824,0.9747632142869396,0.021155830753353973,0.06113927825827617
densenet121,172,leather,cut,1,1,0.42616930153395316,0.9747670682761953,0.9793826271079524,0.9747421357813426,0.024661598368255145,0.0987012987012987
densenet121,173,bottle,contamination,1,1,0.6696211952429589,0.9744828771643359,0.9337672934311492,0.974752711533073,0.6489813610749892,0.16169319186560566
densenet121,174,zipper,squeezed_teeth,1,1,0.7576814883576208,0.9746446821434791,0.9743862367537499,0.974748508941774,0.13009313154831198,0.2830905636478784
densenet121,175,bottle,contamination,1,1,0.9191996646305505,0.9744293503634243,0.9747711870994777,0.9747135414752837,0.26459707254302717,0.19813278008298754
densenet121,176,wood,scratch,1,1,0.5702172621516466,0.9485481991094264,0.9747709741536408,0.9747747673161928,0.4894358831322781,0.13314840499306518
densenet121,177,hazelnut,print,1,1,0.6232247943372453,0.9747409588770086,0.9977303057130484,0.9747702682641819,0.2052591022924292,0.22240186831941075
densenet121,178,capsule,faulty_imprint,1,1,0.7655798183876463,0.9746636675470643,0.9748665448304052,0.9747541640415864,0.012999246420497362,0.04925053533190578
densenet121,179,capsule,squeeze,1,1,0.7475187882379544,0.9738369622707967,0.9996770559464494,0.9747239518645063,0.09747474747474748,0.01254101822671302
densenet121,180,zipper,rough,1,1,0.699415030678983,0.929248363185069,0.9747648759994512,0.9381058949227725,0.21845794392523366,0.492439964423362
densenet121,181,zipper,fabric_interior,1,1,0.733724710142023,0.9687021912312037,0.9712139953444989,0.9747386586994242,0.051024390243902436,0.03975674648422653
densenet121,182,capsule,scratch,1,1,0.8839324853192778,0.9739437894302672,0.9994318099397788,0.9747206058807922,0.029177183240787483,0.0117374705547884
densenet121,183,carpet,thread,1,1,0.7143693596179723,0.974730882192306,0.9747715407090674,0.9747515003644356,0.027898619254775867,0.1752963194011229
densenet121,184,grid,thread,1,1,0.8563648610088421,0.9746181436956238,0.9747641989644871,0.9747628165230697,0.08484098266996762,0.28151658767772514
densenet121,185,pill,contamination,1,1,0.3691466778306687,0.9746702880063811,0.9682362158812339,0.9747122245342315,0.04392132884948537,0.3664965986394558
densenet121,186,carpet,color,1,1,0.2532447984379793,0.9271809249503793,0.974685067046277,0.9249484215765325,0.06890619340818543,0.29996058336618053
densenet121,187,cable,poke_insulation,1,1,0.9520522420023099,0.9747418616669155,0.9985441797525709,0.9747662444431615,0.2017983038724839,0.3216389930369577
densenet121,188,pill,scratch,1,1,0.8199216765309458,0.9733863792323962,0.9974612892183359,0.9744920346718562,0.21190736507305435,0.12516538766869542
densenet121,189,cable,bent_wire,1,1,0.9212693139893879,0.9745765215055133,0.9747634069596334,0.9747662369943999,0.1496739467963979,0.13397572500694896
densenet121,190,zipper,broken_teeth,1,1,0.6943364885498617,0.925531047066146,0.9683674782201521,0.9283258996090797,0.09151243223032343,0.3548504741064916
densenet121,191,cable,missing_cable,1,1,0.9716991567447053,0.9248869400568811,0.9970961196395365,0.9747534668375,0.5509719710669078,0.30827990724321375
densenet121,192,zipper,split_teeth,1,1,0.7190061385763613,0.9257484484846135,0.9745135062669341,0.9279244817492316,0.12641528010239245,0.48215878679750224
densenet121,193,screw,thread_top,1,1,0.8148287122361708,0.9747418080358319,0.9747683584017057,0.9747711248717668,0.007740430495175485,0.054194506310319225
densenet121,194,metal_nut,color,1,1,0.6165063290707655,0.9747261715954654,0.9248996766558006,0.9747505856565102,0.07599885572613713,0.4178712220762155
densenet121,195,leather,cut,1,1,0.15584585467779632,0.8925587609084626,0.9746144175180973,0.9747704291574326,0.04598973533259535,0.13532513181019332
densenet121,196,transistor,cut_lead,1,1,0.9956897994070459,0.9747367041443784,0.9747551498633626,0.9747323123545346,0.06711945665201757,0.11671501896898014
densenet121,197,carpet,metal_contamination,1,1,0.4162566915310304,0.9298069495423977,0.9747652606625206,0.9745618906479638,0.019874577906415822,0.004928366762177651
densenet121,198,bottle,broken_large,1,1,0.9447749373788401,0.9747732626663481,0.9747689094238456,0.97477570883966,0.22995739358167533,0.38415970617854395
densenet121,199,capsule,poke,1,1,0.67725070767621,0.9747475465617743,0.9995749259760487,0.9747412568274729,0.00959013586025802,0.01796023091725465
vit_tiny,0,pill,combined,1,1,0.9409717516742351,0.9716435845633207,0.44741699311703087,0.7970185727297796,0.18965153115100317,0.02266313178824938
vit_tiny,1,tile,glue_strip,1,1,0.967198435233513,0.9543206924275403,0.797632821677837,0.7520631204123553,0.2920824396157792,0.15599730458221026
vit_tiny,2,zipper,fabric_border,1,1,0.9481046521668759,0.9731902171182121,0.518046334067467,0.8044731847808855,0.30315571650284534,0.03588366000066329
vit_tiny,3,capsule,crack,1,1,0.5789134239404348,0.7387397349096538,0.9560376706330729,0.9171538122203167,0.0,0.009576210676634885
vit_tiny,4,capsule,crack,1,1,0.49922391752454587,0.9729471833937389,0.9678770546597661,0.9726987552761095,0.01675257731958763,0.023297491039426525
vit_tiny,5,pill,faulty_imprint,0,1,0.075506558505122,0.07113627439413861,0.10801500551146148,0.35301416021079035,0.05214971364039687,0.0
vit_tiny,6,zipper,fabric_border,1,1,0.9659860278670749,0.9739799586598785,0.6518596870498641,0.9367594652461086,0.2776349614395887,0.08486638914999328
vit_tiny,7,carpet,thread,1,1,0.9992015806365089,0.9709252394016623,0.5322796562524275,0.6430991294505439,0.11884550084889643,0.03628536285362854
vit_tiny,8,metal_nut,bent,1,1,0.9739608203471839,0.9734313797137695,0.8926003099174,0.9739248005801748,0.05736860185503263,0.07908163265306123
vit_tiny,9,carpet,color,1,1,0.9988147008971282,0.959735337276765,0.8280422564962109,0.8745764409657788,0.5576036866359447,0.003424657534246575
vit_tiny,10,hazelnut,print,1,1,0.8540887326736559,0.9228534843048912,0.8819183396670471,0.9100153615521087,0.5619645916619075,0.29673182651191204
vit_tiny,11,toothbrush,defective,0,1,0.14671506759083286,0.11197864912959066,0.173562390082326,0.10445518174238799,0.02823932111531056,0.005826515500958947
vit_tiny,12,hazelnut,crack,1,1,0.7266553439844472,0.9744063272640453,0.9872798957840132,0.9736979917482351,0.5959302325581395,0.2461770407064398
vit_tiny,13,leather,glue,1,1,0.9144465841127385,0.972287762405653,0.5404368576816978,0.9165627053146856,0.3939393939393939,0.18230277185501065
vit_tiny,14,cable,cut_outer_insulation,1,1,0.9738208872802261,0.9134351595142327,0.8246225055078398,0.8765114810010566,0.020641562064156207,0.009778981796557534
vit_tiny,15,zipper,broken_teeth,1,1,0.8674287256180833,0.9717304013696086,0.6900334861957163,0.9249366084676574,0.3106060606060606,0.19695922598479612
vit_tiny,16,leather,glue,1,1,0.8779022411866322,0.9180326528688276,0.6306983506418931,0.7806519266316165,0.22508960573476702,0.20933333333333334
vit_tiny,17,carpet,thread,1,1,0.9970705614487088,0.9250953925084211,0.6371924905000999,0.87625095544281,0.22146200936262153,0.0648166307119043
vit_tiny,18,leather,cut,1,1,0.8792439252092663,0.9745797284752591,0.5828410814019094,0.9745555408565671,0.5045751633986928,0.17248530936743864
vit_tiny,19,metal_nut,flip,1,1,0.9731206896237623,0.9743899250909855,0.9649415048956786,0.9704670496879082,0.564645132321163,0.45439139206455953
vit_tiny,20,leather,glue,1,1,0.9259698093810584,0.9734247354184156,0.6612350845808237,0.8885370771952914,0.23638778220451528,0.22296650717703348
vit_tiny,21,leather,glue,1,1,0.8645736331709486,0.9712382259361441,0.6176036650516714,0.9745476868823282,0.4909596662030598,0.3100625902744343
vit_tiny,22,wood,combined,1,1,0.6352975628215063,0.9745285495240061,0.4205989333226512,0.9052131834910817,0.2795995356935577,0.28746530989824237
vit_tiny,23,cable,cut_inner_insulation,1,1,0.976579576923541,0.9736792312972504,0.9906511933695583,0.9587953184594191,0.17953144266337853,0.02065493035392701
vit_tiny,24,wood,color,1,1,0.7120607406517365,0.9744153223885625,0.5975661976524691,0.8825862982787491,0.1769849597761455,0.0773955773955774
vit_tiny,25,capsule,faulty_imprint,0,1,0.4782126882797062,0.4802614539326111,0.05696865984483068,0.2334426764279378,0.16217391304347825,0.0514018691588785
vit_tiny,26,capsule,squeeze,1,1,0.561799472919688,0.9318969970948494,0.7249341410188208,0.9404957134168619,0.03057790782735918,0.045346613020249324
vit_tiny,27,screw,manipulated_front,0,1,0.7342159777642134,0.08821036407346572,0.28946565428708837,0.2694392437306874,0.0032535440390425285,0.0
vit_tiny,28,hazelnut,crack,1,1,0.8695631742302758,0.9746310385247163,0.9314208819406513,0.9744174318778498,0.5239496587564961,0.21430405752439652
vit_tiny,29,screw,thread_side,1,1,0.3938604742536427,0.9260396499970049,0.49639210785778687,0.8977675786687307,0.10811865729898516,0.1237785016286645
vit_tiny,30,pill,combined,1,1,0.9521728550387962,0.9743845992264362,0.820775543594209,0.9280853004177736,0.12628152969894224,0.062167392356071605
vit_tiny,31,zipper,rough,1,1,0.6393546321342001,0.9745478626731021,0.7884674123162903,0.8981107981437155,0.4424405218726017,0.12277147487844409
vit_tiny,32,toothbrush,defective,1,1,0.9213774974083151,0.9743784093055403,0.9418410812681941,0.9742948267515423,0.007180336923501795,0.0056272996176322055
vit_tiny,33,cable,missing_cable,1,1,0.9742684362518048,0.973970869680965,0.994715240682126,0.9713032357479499,0.13744842650271014,0.07546713527979751
vit_tiny,34,zipper,combined,1,1,0.7728747055466556,0.9559247430164071,0.7024353439196602,0.8901597412152107,0.32123411978221417,0.20571151984511132
vit_tiny,35,zipper,broken_teeth,1,1,0.7863372825659098,0.9745272445009725,0.758355463558118,0.9743610119779298,0.5425531914893617,0.18007798652959944
vit_tiny,36,carpet,hole,1,1,0.9978585152875894,0.9552641689600243,0.7963825372538764,0.9226463897378601,0.735046166198314,0.2332322849564229
vit_tiny,37,screw,scratch_neck,0,1,0.5006975616764837,0.29185331148808125,0.3739730188843744,0.21494870604197658,0.022905759162303665,0.0
vit_tiny,38,leather,cut,1,1,0.6113738973052989,0.7019737038958844,0.4223153712456451,0.8315896096097042,0.11635944700460829,0.008945969884853853
vit_tiny,39,pill,color,1,1,0.9597584393068299,0.9733908986739372,0.4420984287264673,0.9302529243098654,0.07,0.06557377049180328
vit_tiny,40,pill,scratch,1,1,0.9453283846769587,0.8883009030353826,0.4324688294962016,0.7220740329975222,0.16154837324170515,0.021811810198984934
vit_tiny,41,capsule,squeeze,1,1,0.5064230371456233,0.9743489613714011,0.9581815801530666,0.9734289186429343,0.33238851095993954,0.0742296918767507
vit_tiny,42,tile,rough,1,1,0.9951295199462038,0.7111568694204031,0.6860649030324382,0.606209847339894,0.7207444012196405,0.2612868406232401
vit_tiny,43,screw,scratch_neck,1,1,0.44017674543806606,0.9179839497928235,0.1314055154524283,0.9063537471328225,0.14238227146814406,0.04611519827740894
vit_tiny,44,capsule,poke,1,1,0.5860664735296268,0.9697889040028933,0.9524747400902811,0.9230312463935881,0.0738581146744412,0.02489472380480555
vit_tiny,45,wood,scratch,1,1,0.8193627745963568,0.846439826019104,0.5210458970528862,0.7811035992608986,0.2209838585703305,0.17732778198334595
vit_tiny,46,carpet,hole,1,1,0.9985020078438538,0.9497054352662637,0.7094023015515205,0.7364391908461805,0.40973782771535583,0.20905814135715406
vit_tiny,47,leather,color,1,1,0.6876322821749454,0.7607015504120902,0.5192982470031211,0.5406908334071083,0.1057609630266552,0.002929408402400686
vit_tiny,48,zipper,squeezed_teeth,1,1,0.8059150399794817,0.9737787035495096,0.846099189957954,0.8879115637149191,0.19113097284290134,0.06475414349430098
vit_tiny,49,wood,scratch,1,1,0.826791254343334,0.8641245170759468,0.5282305417283055,0.4381066389667687,0.6512765695021173,0.05946252508507111
vit_tiny,50,metal_nut,bent,1,1,0.9736006467313558,0.9634561396954489,0.9015066140700583,0.7681637245158122,0.05391975688883414,0.031873172028715764
vit_tiny,51,zipper,fabric_interior,0,1,0.22382704353330407,0.2510974258075871,0.022834237979337146,0.19385875948616338,0.025043024152869266,0.022855398392184798
vit_tiny,52,pill,scratch,1,1,0.9356995600058777,0.9655936542033707,0.6927396311573375,0.7196239420559998,0.22350403301444383,0.03619827043504192
vit_tiny,53,cable,bent_wire,1,1,0.8205868995573056,0.9745947362401459,0.6128987746346013,0.974532256027782,0.36648457583547556,0.3107614498454622
vit_tiny,54,bottle,contamination,1,1,0.8256386851135176,0.8570765889729266,0.8712855297724644,0.877759439444457,0.23826208829712683,0.015033867503717165
vit_tiny,55,cable,missing_wire,1,1,0.9685688375375321,0.9745447178059514,0.9580812731855985,0.9711633286381804,0.22916666666666666,0.1001616883669475
vit_tiny,56,leather,color,1,1,0.9174559787738872,0.746565836441345,0.7019719940763025,0.7072339325184878,0.41814159292035397,0.013710264498908033
vit_tiny,57,capsule,poke,0,1,0.4760692472540837,0.6114719452190389,0.10754379203593434,0.5042374315414762,0.0,0.0
vit_tiny,58,carpet,cut,1,1,0.9743932672542996,0.7726639674207938,0.5981102940269523,0.7542443663203464,0.34654300168634067,0.11189719896043893
vit_tiny,59,zipper,combined,1,1,0.8265859970133533,0.9725167790505331,0.6793184625487356,0.9306312014744655,0.2540952380952381,0.14934329710144928
vit_tiny,60,cable,cable_swap,0,1,0.027579780688651745,0.03364010700875841,0.1098105421729425,0.05172571443975649,0.18773217359789798,0.07879626426841924
vit_tiny,61,carpet,thread,1,1,0.9985339168488281,0.971846759964432,0.8034555043341243,0.8481581351175684,0.2985685071574642,0.005877647549820888
vit_tiny,62,tile,crack,1,1,0.9987694571191241,0.9744414109312167,0.8444349206240247,0.9288452018480022,0.37160751565762007,0.26306233609037727
vit_tiny,63,leather,poke,1,1,0.8569908921781462,0.8958037486111827,0.622801513225852,0.6172298337269915,0.22011834319526627,0.0
vit_tiny,64,pill,color,1,1,0.9700498395776407,0.9743858699851664,0.9231430922463915,0.9735718007880898,0.11979166666666667,0.009573361082206036
vit_tiny,65,capsule,scratch,0,1,0.5302810476745199,0.4842960641299294,0.05294298616322379,0.3140054385941937,0.0,0.0
vit_tiny,66,wood,liquid,1,1,0.8426158876718546,0.7128739638586232,0.7119472076515194,0.637585348835227,0.03744252244361725,0.041691289445692
vit_tiny,67,pill,faulty_imprint,1,1,0.9233716868985589,0.9721205421768211,0.49485103571032596,0.7597221938467094,0.07166471152820732,0.012718247175624786
vit_tiny,68,capsule,poke,1,1,0.4779300793793766,0.9736856223347097,0.9946954001607082,0.9739272095096787,0.09449838187702266,0.07433920704845814
vit_tiny,69,carpet,cut,1,1,0.9980431611493259,0.9699837055062055,0.7731926358009389,0.9444627078349406,0.5673289183222958,0.562053281351527
vit_tiny,70,hazelnut,cut,1,1,0.8479983297090143,0.9686749074401853,0.9704248519427541,0.9319284867345452,0.2884171665897554,0.20298220298220299
vit_tiny,71,pill,scratch,1,1,0.9356800373269003,0.9730757952014066,0.4723159722668697,0.7418427906716936,0.039652362846279196,0.01174709201888748
vit_tiny,72,grid,broken,1,1,0.9988006957355537,0.9740598898309365,0.5319514442426332,0.8916290677288536,0.37616183706943684,0.2523498161013486
vit_tiny,73,toothbrush,defective,1,1,0.8529772580710446,0.9745824860068062,0.9737693511550347,0.9745507453438442,0.21244763614602036,0.08925673482635509
vit_tiny,74,tile,glue_strip,1,1,0.998476963617577,0.9039162535369307,0.7648529268166158,0.7424986247086274,0.5684145841868087,0.2332372361201525
vit_tiny,75,carpet,thread,1,1,0.9482537962065862,0.8741069295068193,0.7121123374392351,0.6944578312158249,0.10268656716417911,0.013967745306349925
vit_tiny,76,zipper,fabric_interior,1,1,0.7789592171548065,0.9549550840868726,0.6409777381450112,0.9150655206188496,0.15482954545454544,0.01669283265515363
vit_tiny,77,leather,fold,1,1,0.7219956178793154,0.7880027585322971,0.4346309070404004,0.6028607570848514,0.48480083857442346,0.3832042397064819
vit_tiny,78,metal_nut,color,1,1,0.9728010443721349,0.9269974763825068,0.9273543945461711,0.9244198018883019,0.02967699622888998,0.006437395891171572
vit_tiny,79,hazelnut,cut,1,1,0.72079603821728,0.9746044375072636,0.9132641945107025,0.9745621642953886,0.20035938903863432,0.20178282009724474
vit_tiny,80,pill,combined,1,1,0.8793811668524363,0.9587991143483343,0.7086980492722432,0.828470046274628,0.0654639175257732,0.03420645074405764
vit_tiny,81,pill,scratch,0,1,0.1054590854965145,0.3525799436685002,0.3684720373248247,0.5249685005528875,0.16592716250054915,0.16391764752194624
vit_tiny,82,bottle,contamination,1,1,0.8056516897577239,0.9744095644958399,0.942048817482025,0.9715419879242511,0.39307681304534403,0.10863195853053866
vit_tiny,83,cable,cable_swap,0,1,0.12686746125434212,0.025745935468125758,0.20517323047970493,0.028577293971977724,0.036852723604572965,0.09011962782454586
vit_tiny,84,tile,gray_stroke,1,1,0.999277333052305,0.9132686361170492,0.855344423126553,0.6806015563612782,0.48853054735407675,0.16219342896807035
vit_tiny,85,pill,combined,1,1,0.9543240481150121,0.974311529854571,0.9448024696617097,0.9329808879977683,0.045755568934376885,0.02270690170301763
vit_tiny,86,bottle,contamination,0,1,0.3618676505283194,0.4273493199631231,0.1691844371759359,0.2591537348207318,0.05693346895130793,0.0
vit_tiny,87,bottle,broken_large,1,1,0.7636653708466383,0.958991124055796,0.9597323586188367,0.9254364057067725,0.20292357274401474,0.4155693261037955
vit_tiny,88,capsule,crack,1,1,0.6229239571330254,0.974424211740665,0.9481748492962652,0.9738509461088363,0.07537283353486497,0.06170212765957447
vit_tiny,89,hazelnut,print,1,1,0.9293848450501905,0.9063739763399319,0.9489350903900231,0.8407359959426906,0.5459924690693921,0.24196597353497165
vit_tiny,90,capsule,crack,1,1,0.5117977090769443,0.9706901758521091,0.8648339058902934,0.9721443826832221,0.1283720930232558,0.006971961679289763
vit_tiny,91,metal_nut,flip,1,1,0.9734734072474467,0.9462575480241178,0.8876979611692359,0.7723083119124219,0.6791224058583462,0.3418859239907943
vit_tiny,92,hazelnut,print,1,1,0.8990378650369202,0.9656209405068914,0.9452098251607541,0.9732493885906699,0.5621345029239766,0.28423076923076923
vit_tiny,93,tile,rough,1,1,0.9813285445698057,0.9744137402715971,0.860824947477056,0.8759232414030969,0.5537673738112655,0.3620407873232431
vit_tiny,94,zipper,squeezed_teeth,1,1,0.8250579588020628,0.9506833384851454,0.6271271242212606,0.9671915938282147,0.2680334092634776,0.13974231912784935
vit_tiny,95,pill,crack,1,1,0.8992096106008347,0.9035079088874447,0.5190977936166394,0.6795384483179525,0.043953877993495614,0.013043218124887816
vit_tiny,96,capsule,crack,1,1,0.6376449631336527,0.918279950264445,0.9334373793807824,0.9532264887141757,0.041851195748449956,0.0
vit_tiny,97,wood,hole,1,1,0.8898996935386663,0.9744328508143774,0.45938373094284657,0.9148010650008693,0.08083296014330497,0.11737782371179684
vit_tiny,98,screw,thread_top,1,1,0.3954773332208674,0.8760110338109364,0.9278431386610464,0.822781127408529,0.16758849557522124,0.03200174159137912
vit_tiny,99,leather,poke,1,1,0.736578691716204,0.9735626358318079,0.6880400171913035,0.9744301692601987,0.2231237322515213,0.06347374495095211
vit_tiny,100,hazelnut,cut,1,1,0.8291404512909608,0.9745829642173014,0.9486669352136552,0.9499599415733648,0.1560081466395112,0.1345158906134516
vit_tiny,101,pill,contamination,1,1,0.9609085365268974,0.9598710209387029,0.5952437364692287,0.949312216630755,0.17314872433105166,0.03487825514712795
vit_tiny,102,screw,scratch_head,1,1,0.5005953725247991,0.883958505371151,0.6235829667166968,0.9286575809508797,0.0443298969072165,0.01156224791610648
vit_tiny,103,cable,cut_outer_insulation,1,1,0.9632995921424481,0.9360143671122607,0.9556299274536286,0.8645465083222454,0.055618686868686866,0.04876534499788345
vit_tiny,104,zipper,fabric_border,1,1,0.9980381823970674,0.9744073998857168,0.6888839983148998,0.9732637438440399,0.3914491948917268,0.0945857319828026
vit_tiny,105,pill,scratch,1,1,0.9300408779079561,0.9707661517307535,0.5936821436353057,0.6674201983747245,0.06831734508685507,0.013247242938418674
vit_tiny,106,cable,cut_inner_insulation,1,1,0.9330918899058815,0.9745566447630374,0.7396357847085255,0.9744528328622657,0.23807053941908712,0.06939695933658253
vit_tiny,107,transistor,damaged_case,1,1,0.9359741926326137,0.974541032158708,0.8066245954162241,0.9745638432462549,0.006020696142991533,0.12048546540080259
vit_tiny,108,zipper,rough,1,1,0.9023795530647476,0.9745959548575449,0.8856950086255893,0.9742466317741894,0.23591331269349844,0.2985105502689284
vit_tiny,109,cable,combined,1,1,0.9450315037413475,0.9645196589802474,0.999112660299943,0.974491706459343,0.1560652212865078,0.11793091007486245
vit_tiny,110,capsule,squeeze,1,1,0.5606230480997283,0.9742188359753747,0.9549564342651138,0.928345558658588,0.028008298755186723,0.03925190487185407
vit_tiny,111,screw,thread_top,1,1,0.3946820335529537,0.9190939185308018,0.39676248151533855,0.8141664053737934,0.09225092250922509,0.029154518950437316
vit_tiny,112,zipper,broken_teeth,1,1,0.7804559258747759,0.9745738916256634,0.7247354858928716,0.9440914451691462,0.6583050847457627,0.19077344701583435
vit_tiny,113,leather,glue,1,1,0.8346613689313926,0.9743301621868561,0.3751047138239585,0.9741883228683257,0.44851904090267986,0.37516005121638923
vit_tiny,114,carpet,thread,1,1,0.9983148368519323,0.9006014296686082,0.8640935469349991,0.6604881299973577,0.1934673366834171,0.10051679586563307
vit_tiny,115,grid,glue,0,1,0.02760886127227291,0.17450499256737562,0.17193219487705136,0.38464793715643,0.005778588807785888,0.0
vit_tiny,116,zipper,fabric_interior,1,1,0.9764154270742438,0.9153996184334794,0.6068923864063436,0.8546095635977728,0.15629322268326418,0.019500065436461197
vit_tiny,117,carpet,cut,1,1,0.9748485454333604,0.9585783762571047,0.6769848930273099,0.9389859194573766,0.27264808362369336,0.37700011511453896
vit_tiny,118,zipper,fabric_border,1,1,0.9978891714108613,0.9611804178851564,0.6647572608829933,0.9631031399033638,0.12680577849117175,0.16560636182902586
vit_tiny,119,tile,gray_stroke,1,1,0.9985521782327851,0.9376454894803139,0.7895347637881684,0.8139490547465691,0.7682313495389773,0.04270751070285548
vit_tiny,120,tile,crack,1,1,0.9285836520821249,0.9742679084168451,0.9733767822435766,0.9248781002841433,0.08711531958065608,0.07012601927353596
vit_tiny,121,carpet,metal_contamination,1,1,0.9831064023273939,0.9282674799945418,0.7208261073141244,0.7133468383519777,0.3853564547206166,0.051510389383621444
vit_tiny,122,screw,scratch_neck,1,1,0.31146095789995343,0.5530634868179725,0.2737382091091831,0.7056342190176217,0.03713824369643522,0.04716435185185185
vit_tiny,123,capsule,faulty_imprint,0,1,0.41490493825281494,0.46175467858352004,0.13247006457507382,0.15088282065640968,0.07195053400786959,0.02425972172672137
vit_tiny,124,screw,scratch_neck,1,1,0.47622601829539235,0.9575268092551816,0.4602137163045654,0.5711009180077262,0.16798418972332016,0.04179985247110893
vit_tiny,125,pill,faulty_imprint,0,1,0.11203184360443963,0.2573483997279844,0.47127940907267885,0.6947479005499133,0.027253668763102725,0.0
vit_tiny,126,bottle,broken_large,1,1,0.7725508062039808,0.9745102806912875,0.9587440556135789,0.9329052167734737,0.46268368136117555,0.2972536348949919
vit_tiny,127,zipper,rough,1,1,0.9400210579333361,0.9744010952538922,0.7104193274936392,0.9726245000613964,0.43516270033997084,0.24983748645720477
vit_tiny,128,hazelnut,cut,1,1,0.9636067991973469,0.9725865471312538,0.9147761456315493,0.9643921227737557,0.41784037558685444,0.103544127866574
vit_tiny,129,pill,crack,1,1,0.9637953565434678,0.9716658608297841,0.6593028815780748,0.49953267837947735,0.0,0.003786002406057604
vit_tiny,130,metal_nut,scratch,1,1,0.9724994390376516,0.9422526766532648,0.9137963377134053,0.9237166967066734,0.09416888948914474,0.015242427175070164
vit_tiny,131,bottle,broken_small,1,1,0.8543359051250263,0.9745352280836634,0.9242533749496715,0.9743004669538315,0.384586035864174,0.12894150744344157
vit_tiny,132,zipper,rough,1,1,0.6684884110281928,0.974491618563956,0.60544933949609,0.9251979004569186,0.5256024096385542,0.08481012658227848
vit_tiny,133,carpet,cut,1,1,0.9992343983903993,0.9202138522220586,0.6995697785137054,0.8370460123328876,0.4310829817158931,0.6039279869067103
vit_tiny,134,transistor,bent_lead,1,1,0.9873218606171577,0.9610998982619314,0.4332175938174032,0.9739396295747831,0.15561758548499652,0.03342508847817539
vit_tiny,135,leather,poke,1,1,0.7128592906333324,0.9370287454269821,0.3925795888272461,0.7526394403856038,0.2534013605442177,0.19640387275242047
vit_tiny,136,pill,faulty_imprint,1,1,0.9475182975144119,0.9303626818121522,0.6425102148871247,0.7398632107663836,0.12686567164179105,0.005907651590339808
vit_tiny,137,cable,cable_swap,0,1,0.164178171232499,0.5431724624867478,0.11242519857338085,0.31752155624025047,0.15910657658899766,0.15430592827518907
vit_tiny,138,screw,thread_top,1,1,0.4212295906384611,0.8118327217699282,0.1248765196074686,0.48990379139048557,0.058391831525207404,0.10149750415973377
vit_tiny,139,bottle,broken_large,1,1,0.7971091364464655,0.9354974990340672,0.8405628395193148,0.9103241492196723,0.5081764887380438,0.29985721085197525
vit_tiny,140,capsule,faulty_imprint,1,1,0.5751266957915959,0.9643487158603641,0.9959592136656283,0.9411065550714959,0.021560130010834237,0.0
vit_tiny,141,cable,missing_cable,1,1,0.9748852503234957,0.9742702562665038,0.999045073216621,0.9682095371202415,0.0860067407314942,0.1614742995651244
vit_tiny,142,hazelnut,print,1,1,0.7996262487465948,0.8384671385386575,0.9004539541485883,0.47509730642770975,0.38961452691940107,0.1816860465116279
vit_tiny,143,carpet,hole,1,1,0.9964174942542741,0.930637505361414,0.7278507711655635,0.762292957752333,0.667479674796748,0.21635150166852057
vit_tiny,144,zipper,combined,1,1,0.6847118503083038,0.9726949921617454,0.5433968528076321,0.973771764283196,0.2821223886115733,0.10183176669076886
vit_tiny,145,metal_nut,scratch,1,1,0.9739881809608306,0.8490224924405645,0.8839019002851245,0.9560789353611874,0.062263972809667674,0.18160143055831512
vit_tiny,146,carpet,metal_contamination,1,1,0.9547905473646097,0.9224019072292542,0.7464560182432898,0.742512116766914,0.1879854997410668,0.0
vit_tiny,147,cable,cut_inner_insulation,1,1,0.9659901164923212,0.9743864346012963,0.9504559173620919,0.9273065832295053,0.4473061394960323,0.04304017912675706
vit_tiny,148,grid,glue,1,1,0.9983574780326308,0.9558891617719603,0.6316758577961537,0.5977935179611897,0.0,0.0
vit_tiny,149,pill,contamination,1,1,0.905208089774753,0.9732925392666623,0.5416024117789675,0.8479461485763515,0.2508038585209003,0.14742830054515288
vit_tiny,150,wood,hole,1,1,0.8980107605275407,0.9744422273154889,0.4053469140455377,0.9526104284571595,0.42724097788125726,0.31901840490797545
vit_tiny,151,capsule,scratch,0,1,0.41299219013731125,0.5493157906644175,0.0629861783996688,0.2988329977776374,0.0021321961620469083,0.0
vit_tiny,152,screw,thread_side,1,1,0.3527404641945395,0.9669623134971737,0.24807619490493948,0.8491128810909849,0.0,0.0
vit_tiny,153,wood,color,1,1,0.6241579003590232,0.75030005873516,0.3898952702385259,0.52742635448028,0.14606741573033707,0.11513859275053305
vit_tiny,154,cable,cut_outer_insulation,1,1,0.931410925639284,0.9684507220620837,0.9477888216952124,0.9077808291588774,0.05401772074549343,0.034493140079996557
vit_tiny,155,capsule,poke,0,1,0.4809104069235959,0.5078865103409242,0.06806432399716655,0.20690836266008894,0.0,0.0
vit_tiny,156,leather,color,1,1,0.9378332076739753,0.864462142624074,0.5064819929764326,0.6941229547844721,0.11618798955613577,0.01525801474369964
vit_tiny,157,cable,bent_wire,1,1,0.8297669206162084,0.9745650633534062,0.9159377303768679,0.9738276895853453,0.25285895806861497,0.06735751295336788
vit_tiny,158,leather,cut,1,1,0.6671307305688714,0.7134908058166154,0.47813637986186563,0.8284520163609379,0.30363423212192264,0.12941696113074205
vit_tiny,159,tile,glue_strip,1,1,0.9992286166616395,0.9261835548571291,0.792088859483556,0.5788451317416268,0.7399806856591019,0.5653211374030622
vit_tiny,160,leather,poke,1,1,0.7214501734652004,0.8775965726443467,0.5471330353361736,0.8494404910109772,0.27440347071583515,0.1616078753076292
vit_tiny,161,tile,glue_strip,1,1,0.9991224658497231,0.925818386395644,0.7557785998732527,0.7724754264153937,0.5348131284386265,0.6233212534640802
vit_tiny,162,leather,glue,1,1,0.9216696586718172,0.8050301586675452,0.7193567468737001,0.49440462872992086,0.45035742652899124,0.004478770627226944
vit_tiny,163,zipper,fabric_border,1,1,0.9733191064824496,0.973803843119935,0.7280039999781138,0.858984255926611,0.3413897280966767,0.015197831353097243
vit_tiny,164,metal_nut,bent,1,1,0.9569950577031268,0.9223792529381392,0.9354355293382923,0.8974186784888154,0.029240591160805615,0.010505175343735516
vit_tiny,165,toothbrush,defective,0,1,0.09453544644469503,0.049312550903391816,0.10200786939589568,0.09225656880651556,0.01798989841666194,0.0
vit_tiny,166,wood,hole,1,1,0.814410150731419,0.9714487011236308,0.372334747046537,0.9256265529445038,0.4787104622871046,0.4365305476416588
vit_tiny,167,zipper,split_teeth,1,1,0.9216005341640994,0.9726950011002593,0.6786864007689246,0.9688152972297068,0.5427372836916623,0.10444705614740114
vit_tiny,168,bottle,contamination,1,1,0.7258877560141741,0.9742648901786417,0.7368134217911013,0.9613808551215008,0.39922776241777097,0.12931570762052877
vit_tiny,169,tile,oil,1,1,0.9965673052374768,0.843428731829885,0.7483218702090539,0.7799803961452305,0.6257817929117443,0.17676552165564327
vit_tiny,170,zipper,rough,1,1,0.8580049472166138,0.9204426523873046,0.7267897018875704,0.8770438376616987,0.42857142857142855,0.09430057940167909
vit_tiny,171,screw,scratch_neck,0,1,0.616326208461186,0.17755485411061755,0.10236302243110451,0.6321874393951248,0.033144704931285365,0.0
vit_tiny,172,leather,cut,1,1,0.782350149303511,0.965214883185876,0.580803613957869,0.9287048001404621,0.4541984732824427,0.1303921568627451
vit_tiny,173,bottle,contamination,1,1,0.7775669726609067,0.9714293909540395,0.8206506801546851,0.9653675351267559,0.08200707338638373,0.30479388173848165
vit_tiny,174,zipper,squeezed_teeth,1,1,0.7663563631649595,0.9373868118667126,0.78044651067502,0.9738355852726492,0.5103163686382394,0.26176068709740385
vit_tiny,175,bottle,contamination,1,1,0.7451584046179391,0.9744105924249418,0.8274531330037576,0.9742788506476465,0.0017783046828689982,0.13271984451231605
vit_tiny,176,wood,scratch,1,1,0.9191170738413348,0.8756305092618497,0.5015335661627773,0.46564035620012234,0.08762632487059403,0.053651091805588164
vit_tiny,177,hazelnut,print,1,1,0.8014653017411568,0.9280675664061384,0.8484219538635216,0.5915395316633969,0.5514233241505969,0.2919811320754717
vit_tiny,178,capsule,faulty_imprint,0,1,0.42310513414939965,0.5257420541184903,0.19086066328120133,0.25279777636299094,0.0,0.0
vit_tiny,179,capsule,squeeze,1,1,0.5460827370445713,0.973639064595158,0.9718898008613905,0.9247244901299148,0.06260616355253579,0.0339542309739223
vit_tiny,180,zipper,rough,1,1,0.7412161782167459,0.9727676295054373,0.32278075253069005,0.9483671222272498,0.36363636363636365,0.022891483358946717
vit_tiny,181,zipper,fabric_interior,1,1,0.6976468207421931,0.9303565872354049,0.6272791848235784,0.9195517086184957,0.268370607028754,0.009826298889705598
vit_tiny,182,capsule,scratch,0,1,0.38931535330776157,0.434730881880391,0.024103203482781055,0.07327502299164301,0.06006914433880726,0.03571428571428571
vit_tiny,183,carpet,thread,1,1,0.9967108145683596,0.9273261479605246,0.6678145624580978,0.8644876062156293,0.32926829268292684,0.09054263565891472
vit_tiny,184,grid,thread,1,1,0.9974741234345856,0.9601193507326791,0.9493774116344866,0.832592252586732,0.5246987951807229,0.059530623926731537
vit_tiny,185,pill,contamination,1,1,0.8890825147003891,0.9732835962834763,0.7290225969920812,0.7446302731305643,0.4307692307692308,0.008913245786371626
vit_tiny,186,carpet,color,1,1,0.998231887442671,0.9084934842115437,0.667264958469282,0.7211616251798709,0.7485101311084624,0.0
vit_tiny,187,cable,poke_insulation,1,1,0.9192011461514085,0.9706842838816776,0.6810551919021854,0.9065232971946209,0.1186511240632806,0.08992824595401457
vit_tiny,188,pill,scratch,0,1,0.09217149044662243,0.3102686500928922,0.36296765994032576,0.8160691597731784,0.010590311825848206,0.052948026331424224
vit_tiny,189,cable,bent_wire,1,1,0.9349692519454038,0.9745082605871396,0.8648688588782534,0.9744167004094599,0.154709986916703,0.0322016342502014
vit_tiny,190,zipper,broken_teeth,1,1,0.8528259104214158,0.9415442994243897,0.7591780906374055,0.9726601051418804,0.5249386753883892,0.047670058918050345
vit_tiny,191,cable,missing_cable,1,1,0.919122005293957,0.9725352504895675,0.9916063242344535,0.9661227248428297,0.2592516447368421,0.10242971632107874
vit_tiny,192,zipper,split_teeth,1,1,0.9758959936425526,0.9138144951478573,0.7743972601658697,0.8838282695472337,0.3936249073387695,0.10473083197389886
vit_tiny,193,screw,thread_top,1,1,0.5603807734971724,0.9276444551454226,0.5966636020419287,0.9274719178043362,0.01245640259093174,0.0
vit_tiny,194,metal_nut,color,1,1,0.8930236986459406,0.9745635244392581,0.9091131502772996,0.9740938949174271,0.35906374501992033,0.4283646888567294
vit_tiny,195,leather,cut,1,1,0.7831087129361549,0.9505163402294095,0.5212697275906066,0.9256010454983645,0.3075722092115535,0.20939086294416243
vit_tiny,196,transistor,cut_lead,0,1,0.08284946691803263,0.3268097139079966,0.04332077356723829,0.8702903418302981,0.024398995335486187,0.011641673243883188
vit_tiny,197,carpet,metal_contamination,0,1,0.02576349746646933,0.050741740600188656,0.2367487413011231,0.35809841434564404,0.004443869186297351,0.00041492210780430766
vit_tiny,198,bottle,broken_large,1,1,0.798908224571278,0.9657552759429784,0.8547327382488277,0.9722990830335441,0.1135562439910266,0.2762422360248447
vit_tiny,199,capsule,poke,1,1,0.6271259574658643,0.9740704134413356,0.8616892141768471,0.9740889385114535,0.06030150753768844,0.02305791929728246
swin_tiny,0,pill,combined,1,1,0.42969261848011797,0.925514599334889,0.8992660605867684,0.9748494066731439,0.0889182833627278,0.0752337772740153
swin_tiny,1,tile,glue_strip,1,1,0.5780056908724589,0.9247365477254768,0.8586638085582905,0.9748074403502471,0.1120918855684356,0.18243711054696515
swin_tiny,2,zipper,fabric_border,1,1,0.6033902674893028,0.8221618910330246,0.6687974017036069,0.9741196425599412,0.045454545454545456,0.2575932333717801
swin_tiny,3,capsule,crack,1,1,0.36488165190081645,0.973940957197243,0.8623050276979995,0.9746870921987068,0.0566497461928934,0.004522979654697252
swin_tiny,4,capsule,crack,1,1,0.33899748317094947,0.9744562431584711,0.853591374959251,0.9747513571343518,0.004960696023811341,0.01673963430337368
swin_tiny,5,pill,faulty_imprint,1,1,0.3509358986985305,0.7843182654017653,0.6695091731818437,0.8410268837443766,0.11426543647977289,0.02198157152085954
swin_tiny,6,zipper,fabric_border,1,1,0.5053269491865393,0.846896841770203,0.42138912909329207,0.9744289926090062,0.03917274939172749,0.2130097741826761
swin_tiny,7,carpet,thread,1,1,0.8608905691464344,0.8839882881940468,0.6771036668714459,0.7914007742874389,0.010664256665160415,0.017784476262245667
swin_tiny,8,metal_nut,bent,1,1,0.4925544766561152,0.9245737828191878,0.48212795085892823,0.974857543700324,0.08433844200598531,0.03666666666666667
swin_tiny,9,carpet,color,1,1,0.5540084985373142,0.9249399963652039,0.8344739425458769,0.9747759559246845,0.022797195743178494,0.25125069483046136
swin_tiny,10,hazelnut,print,1,1,0.1335898125755779,0.974800146522881,0.22445495402079718,0.9748184317428752,0.16239662720934003,0.3629515163221943
swin_tiny,11,toothbrush,defective,0,1,0.6454209390620917,0.760529292862202,0.27433899586574195,0.3560243290305892,0.03021897810218978,0.011912225705329153
swin_tiny,12,hazelnut,crack,1,1,0.22251646765011035,0.9723757355128839,0.1748449520143729,0.9747993658926646,0.1807720861172977,0.4533111005240591
swin_tiny,13,leather,glue,1,1,0.4214527818789424,0.9249161757696918,0.7085918324398577,0.9741698055001109,0.016782522343594838,0.20723482526057632
swin_tiny,14,cable,cut_outer_insulation,1,1,0.8747763983709405,0.9727303859505412,0.850544063862527,0.9746476554752519,0.029941331175399554,0.0056707153530786624
swin_tiny,15,zipper,broken_teeth,1,1,0.4274341799004482,0.8543646239883458,0.6981712451351285,0.9251961271133666,0.039167182024324884,0.20332024277043914
swin_tiny,16,leather,glue,1,1,0.3629920200858665,0.7250791291929355,0.5987956006022159,0.8740546530038209,0.010873329177920908,0.21973550356052898
swin_tiny,17,carpet,thread,1,1,0.6610490999729493,0.877954607447208,0.792859397675528,0.9260453252753962,0.044783197831978316,0.02038550501156515
swin_tiny,18,leather,cut,1,1,0.5762483913972112,0.725518416105797,0.7779760773692246,0.942875439559117,0.013580078922302355,0.2300925925925926
swin_tiny,19,metal_nut,flip,1,1,0.5836287349625877,0.9600959276100696,0.4646195174406138,0.9748614587694249,0.6164109752615321,0.369057324080886
swin_tiny,20,leather,glue,1,1,0.3800604326144281,0.7932613014157681,0.659487761541877,0.9248721007002016,0.016783077890694827,0.26138279932546377
swin_tiny,21,leather,glue,1,1,0.6364767433224614,0.9609397173659602,0.57258368536651,0.9748218164601496,0.06822997598530867,0.2946918852959121
swin_tiny,22,wood,combined,1,1,0.5215290932835615,0.927678823053526,0.7573432104332767,0.9740649865267699,0.11471869394926608,0.4129827826896231
swin_tiny,23,cable,cut_inner_insulation,1,1,0.7758460619777026,0.9748515161624312,0.9733198756194597,0.9748539414792106,0.15432488500045097,0.06541270023320717
swin_tiny,24,wood,color,1,1,0.6260387490358283,0.8797481999717256,0.7724978712071788,0.968733478795599,0.023422663009073644,0.04324142568930733
swin_tiny,25,capsule,faulty_imprint,1,1,0.3578218844742267,0.9742560264054703,0.8821879417988185,0.974301106310719,0.048938134810710986,0.07784101340187259
swin_tiny,26,capsule,squeeze,1,1,0.28041415851674145,0.9385702758333139,0.7751362383273488,0.9748474342410702,0.16920369555653322,0.37746322509020264
swin_tiny,27,screw,manipulated_front,1,1,0.08837710727967618,0.9722594663031998,0.27330955275755286,0.9746171736530016,0.022239872915011914,0.1425831202046036
swin_tiny,28,hazelnut,crack,1,1,0.4153397065875808,0.9744483385326532,0.6621698717402686,0.9748513195151247,0.5135098743267504,0.39786199209646367
swin_tiny,29,screw,thread_side,1,1,0.23242644724725992,0.9251534240381147,0.7273287864282736,0.9735195613863254,0.027833380993232293,0.15751295336787566
swin_tiny,30,pill,combined,1,1,0.30034047559998456,0.9704623959547973,0.7326419622333873,0.9746139096056652,0.09649340959960209,0.12583347580783039
swin_tiny,31,zipper,rough,1,1,0.5948227419254266,0.9326963656691589,0.7309058864302074,0.9711732968241051,0.14536448140900196,0.3283840633506558
swin_tiny,32,toothbrush,defective,1,1,0.20483180691278235,0.9745179606176464,0.6592063800461574,0.9623444197274296,0.07075384330431561,0.15963226076055162
swin_tiny,33,cable,missing_cable,1,1,0.6831989905549278,0.9744190738380496,0.9635031163725571,0.9748572189343179,0.18276528218573201,0.16397700512536362
swin_tiny,34,zipper,combined,1,1,0.42090100202102576,0.9744157278543355,0.5500163800631839,0.9732449702384258,0.10910846475700033,0.3553046654491117
swin_tiny,35,zipper,broken_teeth,1,1,0.34312147276895644,0.9247064269964937,0.6827853266225716,0.9747367516025918,0.04349841613227227,0.19282684149633628
swin_tiny,36,carpet,hole,1,1,0.8194064447885552,0.9250305724974623,0.7975440295065255,0.9735036836060829,0.12391785786188847,0.08462516756608118
swin_tiny,37,screw,scratch_neck,0,1,0.6838630585576908,0.665158063338378,0.10357601615509777,0.893215061771798,0.0,0.0
swin_tiny,38,leather,cut,1,1,0.6173897581266026,0.6351483992804434,0.7512980836633005,0.7748299793746867,0.005552196140948821,0.0024532426524168085
swin_tiny,39,pill,color,1,1,0.47116001385052186,0.9230503210513774,0.45436803800602377,0.913524181407098,0.008018327605956471,0.07706422018348624
swin_tiny,40,pill,scratch,1,1,0.30406229568535537,0.9527076588853163,0.7591730327478743,0.9693992312310513,0.31936893721351667,0.4804772234273319
swin_tiny,41,capsule,squeeze,1,1,0.3210776171066385,0.9312482139363567,0.9555427960069949,0.9717434786686283,0.28193114687309023,0.27723342939481266
swin_tiny,42,tile,rough,1,1,0.7405437229462386,0.9393848873002355,0.9748509771514193,0.9288571387416198,0.08921599115441761,0.35408391544537277
swin_tiny,43,screw,scratch_neck,1,1,0.18848866447696366,0.9704564280069974,0.8230799258183197,0.9748373903309187,0.014511575381140599,0.07089655172413793
swin_tiny,44,capsule,poke,1,1,0.41256974132027935,0.9371363787956,0.9382034385000679,0.9748560420299839,0.012641383898868928,0.05139186295503212
swin_tiny,45,wood,scratch,1,1,0.6471057956674287,0.8750274891997094,0.74565419868307,0.9742971018564788,0.057483731019522775,0.1347155255544841
swin_tiny,46,carpet,hole,1,1,0.6858542959320388,0.8753527319149015,0.8166190587562312,0.9716313301138655,0.08680374804789172,0.15273643233340967
swin_tiny,47,leather,color,1,1,0.6169135414117406,0.8733530382961128,0.538058146830382,0.8005427043755162,0.0075608556675682325,0.02939068100358423
swin_tiny,48,zipper,squeezed_teeth,1,1,0.485255254687015,0.8756422752762205,0.7483565363265825,0.9249524175068871,0.0712166172106825,0.43938749468311356
swin_tiny,49,wood,scratch,1,1,0.7571782079160911,0.6092412838752006,0.5787499871587585,0.7477884717925463,0.6873726185201595,0.1595857112661171
swin_tiny,50,metal_nut,bent,1,1,0.44753468791930295,0.9337155871686775,0.3509005210707832,0.9714851615750888,0.17276933245208195,0.04266172791370179
swin_tiny,51,zipper,fabric_interior,1,1,0.5692314787998427,0.8187380630450036,0.7388079990824963,0.8238764122427185,0.0811128015648772,0.0026377036462373934
swin_tiny,52,pill,scratch,1,1,0.27159483926069683,0.9746300495823164,0.8670772307318941,0.9716046873833477,0.42013491154384625,0.6359118409680208
swin_tiny,53,cable,bent_wire,1,1,0.7748056630669993,0.9748406558680074,0.8770022954497563,0.9748571891392714,0.22823506133755442,0.06533004842409311
swin_tiny,54,bottle,contamination,1,1,0.5333571798491761,0.9742812806868244,0.8936017701198296,0.9748570878361136,0.037609066292247514,0.02594617034525704
swin_tiny,55,cable,missing_wire,1,1,0.6251535676755537,0.9748601239513448,0.972876107994253,0.9748609045815613,0.09487344833145252,0.14163658243080626
swin_tiny,56,leather,color,1,1,0.4684705390631656,0.9248829831597831,0.6767529133887233,0.875544499981336,0.027181430031872032,0.14102964118564743
swin_tiny,57,capsule,poke,0,1,0.2530078363925856,0.20902480746738122,0.08119297343086235,0.13517272033387667,0.0017710540254237289,0.0
swin_tiny,58,carpet,cut,1,1,0.8415507601645089,0.9113187338557935,0.9256770383665867,0.924947330945443,0.14449317738791423,0.08310365768206661
swin_tiny,59,zipper,combined,1,1,0.5258957805621449,0.9625863257093954,0.5117616606845772,0.8746965621919607,0.08637732643447371,0.19596838850074447
swin_tiny,60,cable,cable_swap,1,1,0.8283450588626877,0.9670547647998831,0.9647575846902612,0.9748595995585276,0.14314824248599084,0.040058630511184766
swin_tiny,61,carpet,thread,1,1,0.8602530693865731,0.9195017531699818,0.9612875313884075,0.8204098765079664,0.01954724561539056,0.006343713956170703
swin_tiny,62,tile,crack,1,1,0.6204346027943295,0.9748597246977226,0.8882951055100108,0.9748609760896727,0.06607720629253598,0.056649139958252964
swin_tiny,63,leather,poke,1,1,0.435934266428049,0.8746865596820843,0.5923058022474379,0.856490888212619,0.009887305974909633,0.00482315112540193
swin_tiny,64,pill,color,1,1,0.3110730748647583,0.9746220570611115,0.5712557392112956,0.9746363661321595,0.009383924928600572,0.005723528679855668
swin_tiny,65,capsule,scratch,1,1,0.23685638190536906,0.9330262139652916,0.8238379594424785,0.974634000405473,0.07244673034533432,0.22792665726375178
swin_tiny,66,wood,liquid,1,1,0.7227872867298544,0.7460626134440247,0.824080399390084,0.8669322793993253,0.15880293431143713,0.28049605411499434
swin_tiny,67,pill,faulty_imprint,1,1,0.3783494907485476,0.8020689323980719,0.6325037733332408,0.9748457061283773,0.04115203544724453,0.2521141649048626
swin_tiny,68,capsule,poke,1,1,0.31364609703122426,0.9738678818663686,0.9027882993596066,0.9745768967092374,0.027157738095238096,0.0029840374435383325
swin_tiny,69,carpet,cut,1,1,0.77713286861092,0.8750029381687412,0.8302212667456956,0.9731695649349206,0.14307326561486924,0.09480844969566773
swin_tiny,70,hazelnut,cut,1,1,0.14307671175654058,0.9746835138136305,0.25447373550096697,0.9255838326876358,0.06994611853921373,0.21838698971125126
swin_tiny,71,pill,scratch,1,1,0.3791031203156834,0.9746881350253318,0.7768709135072953,0.974734454404512,0.058772687986171135,0.25825965565379244
swin_tiny,72,grid,broken,1,1,0.908957173983211,0.9489888065524212,0.9247623439537023,0.9748579906260204,0.06317105773791556,0.03831705484598046
swin_tiny,73,toothbrush,defective,1,1,0.29961044861532926,0.9744525187776674,0.26071914634230886,0.9748134768266539,0.07666577468557667,0.04483275555139136
swin_tiny,74,tile,glue_strip,1,1,0.6299194470832816,0.9237667345192868,0.7229047394837451,0.9321934871101405,0.14116507419312227,0.12229173024107415
swin_tiny,75,carpet,thread,1,1,0.7387609193418783,0.8792587546461448,0.7655125394299134,0.9748556368173524,0.0195532091704551,0.008255046542124384
swin_tiny,76,zipper,fabric_interior,1,1,0.7369646061542738,0.9072358821096316,0.7663661935808008,0.9154546178720189,0.030804925932536142,0.019435044181237076
swin_tiny,77,leather,fold,1,1,0.5982609437959958,0.675742848394161,0.7952299164021053,0.7176742847338851,0.08373936741266827,0.024929634097305992
swin_tiny,78,metal_nut,color,1,1,0.25893286840166985,0.9253218906077052,0.6126023806006771,0.8557937914581544,0.04981871894722707,0.010959186477944208
swin_tiny,79,hazelnut,cut,1,1,0.1264534805635804,0.9724129614438937,0.10844198824710993,0.9270203041104708,0.0512565124118909,0.21660403143149984
swin_tiny,80,pill,combined,1,1,0.18533210359689178,0.8948735445352725,0.9258266157263648,0.9738355229561932,0.030383275261324044,0.031496062992125984
swin_tiny,81,pill,scratch,1,1,0.2645792339908226,0.9620476431879581,0.5963991219826994,0.9674029601407312,0.3877913258218861,0.329399303979422
swin_tiny,82,bottle,contamination,1,1,0.45488374112117924,0.9722358626674179,0.9168112537850988,0.9723840960029122,0.35084292019390784,0.18230351422868019
swin_tiny,83,cable,cable_swap,0,1,0.1357207003953943,0.4413142081932312,0.04992579960986969,0.2172100101333763,0.09512426142257904,0.0
swin_tiny,84,tile,gray_stroke,1,1,0.672201759471136,0.9245360703734775,0.8178753146661535,0.9748244771577959,0.12363717605004468,0.2773722627737226
swin_tiny,85,pill,combined,1,1,0.3527259676358341,0.9742592114959336,0.6477841198317549,0.9744509485787205,0.06899651646252387,0.02066198595787362
swin_tiny,86,bottle,contamination,1,1,0.7107208290673825,0.8749939642731945,0.9413220711589361,0.9737873786304192,0.055398457583547556,0.039183365907645935
swin_tiny,87,bottle,broken_large,1,1,0.8141321741446461,0.974855356743916,0.9748140895920443,0.974559402547726,0.2026578073089701,0.37481932293647774
swin_tiny,88,capsule,crack,1,1,0.3700265293561458,0.9742759831275691,0.7812634553734057,0.9743990873209043,0.012908559074144729,0.03431372549019608
swin_tiny,89,hazelnut,print,1,1,0.05835099087960843,0.97444732252157,0.30017763294406385,0.9745516111430845,0.20235934664246824,0.36778523489932885
swin_tiny,90,capsule,crack,1,1,0.3730086281176739,0.9746802572150557,0.9325502847638987,0.974845992160823,0.024330474356730265,0.015632028789923525
swin_tiny,91,metal_nut,flip,1,1,0.6958519162317955,0.9531235500614059,0.9248042396588474,0.9748614706874434,0.588210166595472,0.3960753626677903
swin_tiny,92,hazelnut,print,1,1,0.12705544652220524,0.9296767211396002,0.27661073963359617,0.9745816713654278,0.08230073677160081,0.2221223021582734
swin_tiny,93,tile,rough,1,1,0.5054054985337579,0.9267663536672046,0.7846892208410594,0.8750370021004485,0.3824714700011299,0.28681971332305406
swin_tiny,94,zipper,squeezed_teeth,1,1,0.5941074051032658,0.9742316868320415,0.8038092443585327,0.9250216753474376,0.02883042529989095,0.18107876712328766
swin_tiny,95,pill,crack,1,1,0.4425333647332934,0.9747309385890333,0.5430691694358671,0.9748390499150048,0.14867055771725032,0.36138132295719844
swin_tiny,96,capsule,crack,1,1,0.31921060600591034,0.9746579407252796,0.973008385931081,0.9747863216213375,0.03558718861209965,0.17349397590361446
swin_tiny,97,wood,hole,1,1,0.6960448331227695,0.8759347373300272,0.6474363740644051,0.9725260455631144,0.04489049505812688,0.08709338929695698
swin_tiny,98,screw,thread_top,1,1,0.26056822102582444,0.9748121688241156,0.31924848556575114,0.9748550677319656,0.021613732712488707,0.05994602929838088
swin_tiny,99,leather,poke,1,1,0.4328522587626189,0.8292277575685403,0.7137767510390916,0.9245619625947086,0.00487156775907883,0.04895416110369381
swin_tiny,100,hazelnut,cut,1,1,0.1408908615609583,0.9249058328354067,0.4691776886022829,0.974834833915935,0.04195170196983434,0.15571485463958581
swin_tiny,101,pill,contamination,1,1,0.29772821175996,0.9260295083887797,0.5223188180131402,0.9743709518585604,0.10389108815294004,0.46527196652719666
swin_tiny,102,screw,scratch_head,1,1,0.26408495907152485,0.9239398587034913,0.29760029431653834,0.9743504886206722,0.010086793338024865,0.04350025290844714
swin_tiny,103,cable,cut_outer_insulation,1,1,0.9247174852068412,0.9243086548864596,0.7408204639385827,0.9748271810582594,0.23586595037093885,0.03717210920770878
swin_tiny,104,zipper,fabric_border,1,1,0.7053821430523044,0.825282353583475,0.8811857459744417,0.974858929169983,0.07017396419867215,0.30345911949685533
swin_tiny,105,pill,scratch,1,1,0.3153699915777608,0.974818282767643,0.7443311936289518,0.974791634078116,0.0846444931288588,0.17966603255125765
swin_tiny,106,cable,cut_inner_insulation,1,1,0.743256250062089,0.9748015766851097,0.974689655690014,0.9748497910292429,0.14824730193256924,0.14873713751169318
swin_tiny,107,transistor,damaged_case,1,1,0.42488952433780014,0.9748524964194587,0.7004176553265289,0.9747225572424725,0.23114503816793894,0.09233692586324634
swin_tiny,108,zipper,rough,1,1,0.4331511072798797,0.9264793502754003,0.6693052267698931,0.9487399985479499,0.21847033859212103,0.3857172514012871
swin_tiny,109,cable,combined,1,1,0.7255510716112568,0.9748554938011296,0.9735212846980588,0.974837387351414,0.17476121094382385,0.23643426871099724
swin_tiny,110,capsule,squeeze,1,1,0.5134666207351586,0.973976349243145,0.5400999734191956,0.9251111783168255,0.03627441547195227,0.04680399878824599
swin_tiny,111,screw,thread_top,1,1,0.22844289605649237,0.9249512956593762,0.9741991220858139,0.974589465749574,0.024403848835587785,0.17911975435005117
swin_tiny,112,zipper,broken_teeth,1,1,0.5773474783877504,0.9249742508164474,0.6152157534769245,0.9745962381636275,0.06992967965174685,0.1941732527506586
swin_tiny,113,leather,glue,1,1,0.6496013473379563,0.8749593861587108,0.8886591147346934,0.9748402744914131,0.015932661957011873,0.17189189189189188
swin_tiny,114,carpet,thread,1,1,0.7929524198647115,0.9249257965174422,0.8334731913738977,0.9747255784601805,0.025265470523617724,0.0357830271216098
swin_tiny,115,grid,glue,1,1,0.9148470341805961,0.9747287605711392,0.8911231041168222,0.9748468532376648,0.014936594656909429,0.07177263969171484
swin_tiny,116,zipper,fabric_interior,1,1,0.5122831535300918,0.8836284966676828,0.9049349250821592,0.8266591046881473,0.12884437815185737,0.08412191225267297
swin_tiny,117,carpet,cut,1,1,0.7864419245787886,0.827086930328278,0.738539584657218,0.9747305929664947,0.15032327586206898,0.12332561600793782
swin_tiny,118,zipper,fabric_border,1,1,0.7667921596317768,0.9226518722795447,0.7484925451909774,0.9742195632276491,0.0624763824159214,0.10237154150197629
swin_tiny,119,tile,gray_stroke,1,1,0.613635398146517,0.9252933500258393,0.6685320780779449,0.9748141919077682,0.06772790191813328,0.5538057742782152
swin_tiny,120,tile,crack,1,1,0.8239031220877422,0.9742784233418718,0.9748575416053598,0.974861232327072,0.05699051312235995,0.036318479591102154
swin_tiny,121,carpet,metal_contamination,1,1,0.8024312476521587,0.9249704897854087,0.7862375071315952,0.9247725906447499,0.025586655357647724,0.11951138989765599
swin_tiny,122,screw,scratch_neck,1,1,0.24342676699787802,0.9221591490013026,0.452135213613829,0.9747779998648696,0.017241379310344827,0.07312696276357111
swin_tiny,123,capsule,faulty_imprint,1,1,0.37273013744414385,0.9258583000929832,0.920510641840508,0.9746017800422635,0.01445709012611504,0.054693560899922423
swin_tiny,124,screw,scratch_neck,1,1,0.4790948380652935,0.9748248674729041,0.6667880752793849,0.974839115464107,0.014197427760146986,0.15374677002583978
swin_tiny,125,pill,faulty_imprint,1,1,0.4523630074222851,0.9237029068870513,0.7105609397820629,0.9746817439878726,0.12476635514018691,0.22761942994781212
swin_tiny,126,bottle,broken_large,1,1,0.5524435547732338,0.9748373545768629,0.9746720641592219,0.9748612978761741,0.3447271235125154,0.21876720759239465
swin_tiny,127,zipper,rough,1,1,0.5917334018009086,0.9346249141086957,0.5758713653132261,0.9249175396350324,0.13006230529595014,0.4451889573840793
swin_tiny,128,hazelnut,cut,1,1,0.18196445334911449,0.9249123364189984,0.127451997945063,0.9748114745995338,0.035232094638035234,0.20468104635153742
swin_tiny,129,pill,crack,1,1,0.2571470329763912,0.9747126012277079,0.7542889747451724,0.9747537750023696,0.0,0.0
swin_tiny,130,metal_nut,scratch,1,1,0.2775083384187429,0.6527080295586813,0.5322811051820437,0.48413959351230673,0.17255096966683242,0.07095432901884514
swin_tiny,131,bottle,broken_small,1,1,0.46452024909820366,0.9748597574722737,0.8594656598310308,0.9748601746029237,0.2083514950745358,0.08253592678938028
swin_tiny,132,zipper,rough,1,1,0.5347637115275674,0.926742126011419,0.6247454283936626,0.9060086770915774,0.14181446609736514,0.42892955627976936
swin_tiny,133,carpet,cut,1,1,0.874555081510934,0.9249374090204014,0.804794018210373,0.9714586827173264,0.12359306418669332,0.06502354931638392
swin_tiny,134,transistor,bent_lead,1,1,0.37912728703419774,0.9719361542953777,0.39259668758463206,0.9748063945441174,0.259718455379052,0.21493965875988347
swin_tiny,135,leather,poke,1,1,0.6308910249869317,0.8243034320315914,0.8388543001234652,0.8551658708173591,0.007681600247460948,0.12193126022913257
swin_tiny,136,pill,faulty_imprint,1,1,0.217972068946775,0.9748464420660241,0.6638341868809903,0.9747706732629524,0.06525285481239804,0.014039566049776643
swin_tiny,137,cable,cable_swap,0,1,0.1064223234171874,0.364552477911557,0.049865300494435716,0.3154317042519303,0.08455901460423056,0.011673699015471167
swin_tiny,138,screw,thread_top,1,1,0.19212905658154433,0.9747861607280868,0.7239641476864449,0.7089787245453465,0.014242353490544011,0.1808300395256917
swin_tiny,139,bottle,broken_large,1,1,0.576912559699295,0.9748093055201537,0.937766477634689,0.9748600822382798,0.22298084929225645,0.10277468626472733
swin_tiny,140,capsule,faulty_imprint,1,1,0.1963914497349677,0.9739947208687738,0.7743944057073122,0.974834750489805,0.016514522821576765,0.0935984481086324
swin_tiny,141,cable,missing_cable,1,1,0.6166445431897714,0.8951368320274007,0.9748255205547167,0.9748380994530237,0.11097941086088063,0.2635973820807944
swin_tiny,142,hazelnut,print,1,1,0.207693237701025,0.972379299000437,0.2712651483316555,0.9746938050226674,0.09330553280214461,0.2432194046306505
swin_tiny,143,carpet,hole,1,1,0.883765715990755,0.9156774680159572,0.8154315001442711,0.9748483131949399,0.05546314338672116,0.136013986013986
swin_tiny,144,zipper,combined,1,1,0.6188660599603111,0.8919473506325346,0.6208813941250142,0.9185090523300357,0.09057459677419355,0.24276357489964082
swin_tiny,145,metal_nut,scratch,1,1,0.39442648900632626,0.9550787427212128,0.6870633012970204,0.9744176049422606,0.11113421353571057,0.13949473441905968
swin_tiny,146,carpet,metal_contamination,1,1,0.8428392854161579,0.880287106721255,0.5997338783297295,0.9745271315329376,0.02213819601146551,0.15044642857142856
swin_tiny,147,cable,cut_inner_insulation,1,1,0.8709268092790907,0.9748592241409426,0.9748510140111506,0.974852252100078,0.25491504140014914,0.15870741336452698
swin_tiny,148,grid,glue,1,1,0.9246403055734049,0.9747714658111875,0.9729954513427685,0.9741242160995682,0.00659873412039323,0.13153153153153152
swin_tiny,149,pill,contamination,1,1,0.18010778312044096,0.9253577562551811,0.7484372769801695,0.9748473210198938,0.06081345326554556,0.18830153268689395
swin_tiny,150,wood,hole,1,1,0.73140502365667,0.9390639276113291,0.7673513755956805,0.9654873799951531,0.0242351709177949,0.25061025223759154
swin_tiny,151,capsule,scratch,1,1,0.31196760088850795,0.9279607354029906,0.8354660721370948,0.9493066735155082,0.05114334890582739,0.008287017669674695
swin_tiny,152,screw,thread_side,1,1,0.2155365722620317,0.9745767522032622,0.4953376009460442,0.970345402725485,0.006624888093106535,0.0
swin_tiny,153,wood,color,1,1,0.7115154443632292,0.8348659165573338,0.6998633394344296,0.8721343127475052,0.06199101063593076,0.3682581786030062
swin_tiny,154,cable,cut_outer_insulation,1,1,0.7282509575821763,0.9727049558784131,0.8289136447962155,0.9748308890517876,0.0973998294970162,0.15993265993265993
swin_tiny,155,capsule,poke,1,1,0.4082955871934928,0.8787745283448487,0.851584882678253,0.9748192838812031,0.007750454501961535,0.060044477390659746
swin_tiny,156,leather,color,1,1,0.5147752397050169,0.9247664549819721,0.6968521708376105,0.924872388233311,0.005408361691784152,0.04704016913319239
swin_tiny,157,cable,bent_wire,1,1,0.7735398875611814,0.9748175974815751,0.9746820441205912,0.9748603205986512,0.10095752516572551,0.05041934854690852
swin_tiny,158,leather,cut,1,1,0.5830577215918566,0.7753605125595744,0.5772034293097086,0.821593520890266,0.013780623608017817,0.09121621621621621
swin_tiny,159,tile,glue_strip,1,1,0.6979096720787776,0.9251703548870296,0.7581839193115343,0.9747168544705858,0.1508925982686493,0.5595807701070858
swin_tiny,160,leather,poke,1,1,0.6414525670973923,0.8367719160882743,0.7132662973339308,0.7415630116650114,0.01394400352733686,0.0226074524171209
swin_tiny,161,tile,glue_strip,1,1,0.4484116472048525,0.9748573232169804,0.7324774822992026,0.9249619593297709,0.1215557252805358,0.1657188626351622
swin_tiny,162,leather,glue,1,1,0.6201363933924533,0.831846735900859,0.7730685803803787,0.9248711673041772,0.027723450029336984,0.1400192246074976
swin_tiny,163,zipper,fabric_border,1,1,0.6238910006976113,0.974652002572526,0.4675168537555763,0.9745619530037004,0.03132148513109273,0.10429703796412182
swin_tiny,164,metal_nut,bent,1,1,0.4420406196434188,0.6437672136829917,0.5733278689270049,0.9606139785516064,0.11543876114500234,0.02710180114053413
swin_tiny,165,toothbrush,defective,1,1,0.15277296725425593,0.9748230946676415,0.36465592300328264,0.97479364524375,0.031081478576331013,0.15663524292965916
swin_tiny,166,wood,hole,1,1,0.5296213936995002,0.9748212563132768,0.8141295210587032,0.9747361795377003,0.07193385798921213,0.41431924882629106
swin_tiny,167,zipper,split_teeth,1,1,0.3870903476914975,0.8357707789424182,0.6724934269981304,0.9258242521761133,0.12093411175979983,0.43603515625
swin_tiny,168,bottle,contamination,1,1,0.6867558669945169,0.8868653993667124,0.9745900426910765,0.9736296898369403,0.3188357588357588,0.27911373260738054
swin_tiny,169,tile,oil,1,1,0.7062226142044992,0.9252670160464902,0.8374256715715589,0.9321808785913674,0.23911541119557705,0.1768516564676092
swin_tiny,170,zipper,rough,1,1,0.42449258914850674,0.9248873263173607,0.779769030001475,0.9250529057469521,0.08084135833755703,0.38107784431137726
swin_tiny,171,screw,scratch_neck,1,1,0.28679858214491105,0.958477949326749,0.5863171793097948,0.8787786909921635,0.020270938396123803,0.05596382136800452
swin_tiny,172,leather,cut,1,1,0.6843980392308282,0.9748571325286832,0.6740817680731155,0.9747006400063185,0.00917589430473628,0.12642585551330798
swin_tiny,173,bottle,contamination,1,1,0.459522116433834,0.9746554319823701,0.8722381829115591,0.9748609641716541,0.49634775136064163,0.4198658013419866
swin_tiny,174,zipper,squeezed_teeth,1,1,0.42413004697488077,0.924477538703087,0.5866647902545594,0.9249223989219573,0.05454101761093261,0.28166351606805295
swin_tiny,175,bottle,contamination,1,1,0.6173429924414862,0.9732637917692557,0.9148650653920001,0.9240151095499414,0.13430744595676541,0.22745923198316675
swin_tiny,176,wood,scratch,1,1,0.6413075492147939,0.8161846073728185,0.7117739172406345,0.8286047102680243,0.5620938370349211,0.10418347355076639
swin_tiny,177,hazelnut,print,1,1,0.2558142174100464,0.9248337625461502,0.27595135404542703,0.9748455273580987,0.15807471449770952,0.2189793932961882
swin_tiny,178,capsule,faulty_imprint,1,1,0.4067368309469188,0.9748173591212037,0.8852261981998453,0.9748436592086875,0.015151515151515152,0.06149732620320856
swin_tiny,179,capsule,squeeze,1,1,0.32145629972246326,0.8853922731466639,0.8959991840826689,0.971645029876214,0.07726954258832949,0.1638110072689512
swin_tiny,180,zipper,rough,1,1,0.5015206047298264,0.9245407922598474,0.6049884660749996,0.8926346292266985,0.15582251232553296,0.460093896713615
swin_tiny,181,zipper,fabric_interior,1,1,0.5531363250949184,0.867837418776503,0.9320894726146918,0.87332298579895,0.0265954741927282,0.015573976387842251
swin_tiny,182,capsule,scratch,1,1,0.4176827211852796,0.9250907173135658,0.9203801611152755,0.974779415129575,0.022404837584308862,0.06925473280613467
swin_tiny,183,carpet,thread,1,1,0.7542025285205938,0.8420949974020573,0.7181027128013397,0.9694640622725785,0.018033989485267146,0.08906633906633907
swin_tiny,184,grid,thread,1,1,0.9203110208778682,0.9743913465678418,0.9251000771247959,0.9748558513416867,0.040594104515012074,0.02105337775572411
swin_tiny,185,pill,contamination,1,1,0.2895157540786357,0.9252433010051675,0.7156648373633061,0.8735672077638412,0.03570836785418393,0.05828262339418526
swin_tiny,186,carpet,color,1,1,0.7570157475273973,0.8796566253882574,0.8502722542611565,0.8820054217088966,0.04114625574479589,0.023715081441471855
swin_tiny,187,cable,poke_insulation,1,1,0.7594122997732669,0.9742610587888123,0.9717366701397196,0.974858377961624,0.23886890735458266,0.03239085511857513
swin_tiny,188,pill,scratch,1,1,0.39394007939007736,0.8921950320583676,0.9467105642499618,0.9577975168719206,0.056631241811035085,0.22177266405360982
swin_tiny,189,cable,bent_wire,1,1,0.7417590825682367,0.974847469995126,0.9748472581476904,0.9748549485517799,0.167013167013167,0.04468341522202651
swin_tiny,190,zipper,broken_teeth,1,1,0.5303714302691844,0.8756457137176881,0.8112751114185954,0.9066949720360356,0.05448272024041405,0.5328519855595668
swin_tiny,191,cable,missing_cable,1,1,0.8377397875448871,0.955694135569189,0.9741464931225465,0.9748581336422433,0.14301922050186866,0.2692601650871293
swin_tiny,192,zipper,split_teeth,1,1,0.6064315363033685,0.9639945379273342,0.6206262407823999,0.8743043891152595,0.08763906900552863,0.5252707581227437
swin_tiny,193,screw,thread_top,1,1,0.3069799627055332,0.9747876475009036,0.6518805098534415,0.9748338268433656,0.006282271944922547,0.027177959791511542
swin_tiny,194,metal_nut,color,1,1,0.5191854471730886,0.9748460487714112,0.42933567035710174,0.8280563825779552,0.09024943310657596,0.02214565561699408
swin_tiny,195,leather,cut,1,1,0.5672305207450421,0.7737307061185525,0.781977635606566,0.7739241539949342,0.020699338708216324,0.1808468539770479
swin_tiny,196,transistor,cut_lead,1,1,0.31403021544411747,0.9748097464868408,0.6632661982719483,0.9748390528945095,0.09963588215822575,0.03576194288764345
swin_tiny,197,carpet,metal_contamination,1,1,0.8143071927962495,0.8762153060160074,0.8293609535299566,0.8656661647304418,0.013455258001306336,0.009003893575600259
swin_tiny,198,bottle,broken_large,1,1,0.6322471497040141,0.9748526632717187,0.7818036598514198,0.9748588546823669,0.325543284645529,0.20104374369199715
swin_tiny,199,capsule,poke,1,1,0.3182777221710893,0.9743972549255489,0.6161878085625005,0.9747425988804537,0.015045674368619023,0.010121701409808411
