family,topk,sample_idx,conf_orig,conf_after_del,conf_drop
resnet18_cbam,0.05,11598,0.9968351721763611,0.9969642758369446,-0.0001291036605834961
resnet18_cbam,0.1,11598,0.9968351721763611,0.9964949488639832,0.0003402233123779297
resnet18_cbam,0.2,11598,0.9968351721763611,0.9885531663894653,0.008282005786895752
resnet18_cbam,0.05,8612,0.9998757839202881,0.999879002571106,-3.2186508178710938e-06
resnet18_cbam,0.1,8612,0.9998757839202881,0.9997077584266663,0.00016802549362182617
resnet18_cbam,0.2,8612,0.9998757839202881,0.9983547329902649,0.0015210509300231934
resnet18_cbam,0.05,32384,0.9998824596405029,0.9994625449180603,0.00041991472244262695
resnet18_cbam,0.1,32384,0.9998824596405029,0.9990181922912598,0.0008642673492431641
resnet18_cbam,0.2,32384,0.9998824596405029,0.999467670917511,0.00041478872299194336
resnet18_cbam,0.05,22088,0.9999282360076904,0.9999282360076904,0.0
resnet18_cbam,0.1,22088,0.9999282360076904,0.9999125003814697,1.5735626220703125e-05
resnet18_cbam,0.2,22088,0.9999282360076904,0.9987167119979858,0.0012115240097045898
resnet18_cbam,0.05,1258,0.9441418647766113,0.8813034892082214,0.06283837556838989
resnet18_cbam,0.1,1258,0.9441418647766113,0.9304174184799194,0.013724446296691895
resnet18_cbam,0.2,1258,0.9441418647766113,0.9952810406684875,-0.05113917589187622
resnet18_cbam,0.05,3882,0.563723623752594,8.538468682672828e-05,0.5636382390657673
resnet18_cbam,0.1,3882,0.563723623752594,8.538468682672828e-05,0.5636382390657673
resnet18_cbam,0.2,3882,0.563723623752594,8.538468682672828e-05,0.5636382390657673
resnet18_cbam,0.05,26021,0.9944686889648438,0.9935094714164734,0.0009592175483703613
resnet18_cbam,0.1,26021,0.9944686889648438,0.9943420886993408,0.0001266002655029297
resnet18_cbam,0.2,26021,0.9944686889648438,0.2066378891468048,0.7878307998180389
resnet18_cbam,0.05,28706,0.9998390674591064,0.9998657703399658,-2.6702880859375e-05
resnet18_cbam,0.1,28706,0.9998390674591064,0.9997839331626892,5.513429641723633e-05
resnet18_cbam,0.2,28706,0.9998390674591064,0.9997990727424622,3.999471664428711e-05
resnet18_cbam,0.05,12774,0.9998782873153687,0.9998894929885864,-1.1205673217773438e-05
resnet18_cbam,0.1,12774,0.9998782873153687,0.9998403787612915,3.790855407714844e-05
resnet18_cbam,0.2,12774,0.9998782873153687,0.9995341300964355,0.00034415721893310547
resnet18_cbam,0.05,20577,0.9999732971191406,0.9999852180480957,-1.1920928955078125e-05
resnet18_cbam,0.1,20577,0.9999732971191406,0.9999731779098511,1.1920928955078125e-07
resnet18_cbam,0.2,20577,0.9999732971191406,0.9999136924743652,5.9604644775390625e-05
resnet18_cbam,0.05,20069,0.9998890161514282,0.9996616840362549,0.00022733211517333984
resnet18_cbam,0.1,20069,0.9998890161514282,0.9997292160987854,0.00015980005264282227
resnet18_cbam,0.2,20069,0.9998890161514282,0.9969268441200256,0.002962172031402588
resnet18_cbam,0.05,22989,0.9997844099998474,0.9997714161872864,1.2993812561035156e-05
resnet18_cbam,0.1,22989,0.9997844099998474,0.9997310042381287,5.340576171875e-05
resnet18_cbam,0.2,22989,0.9997844099998474,0.9986774325370789,0.0011069774627685547
resnet18_cbam,0.05,19017,0.993134617805481,0.9879128336906433,0.0052217841148376465
resnet18_cbam,0.1,19017,0.993134617805481,0.8441379070281982,0.14899671077728271
resnet18_cbam,0.2,19017,0.993134617805481,0.6263486742973328,0.3667859435081482
resnet18_cbam,0.05,31697,0.9996381998062134,0.9987636804580688,0.0008745193481445312
resnet18_cbam,0.1,31697,0.9996381998062134,0.9990242719650269,0.0006139278411865234
resnet18_cbam,0.2,31697,0.9996381998062134,0.9990645051002502,0.0005736947059631348
resnet18_cbam,0.05,23363,0.999933123588562,0.9998511075973511,8.20159912109375e-05
resnet18_cbam,0.1,23363,0.999933123588562,0.9998511075973511,8.20159912109375e-05
resnet18_cbam,0.2,23363,0.999933123588562,0.9989238381385803,0.0010092854499816895
resnet18_cbam,0.05,18777,0.9994251728057861,0.998627781867981,0.0007973909378051758
resnet18_cbam,0.1,18777,0.9994251728057861,0.9871938824653625,0.012231290340423584
resnet18_cbam,0.2,18777,0.9994251728057861,0.9693813323974609,0.030043840408325195
resnet18_cbam,0.05,11832,0.8846816420555115,0.8318707346916199,0.0528109073638916
resnet18_cbam,0.1,11832,0.8846816420555115,0.861568808555603,0.023112833499908447
resnet18_cbam,0.2,11832,0.8846816420555115,0.9994301199913025,-0.11474847793579102
resnet18_cbam,0.05,28618,0.9996274709701538,0.9994183778762817,0.0002090930938720703
resnet18_cbam,0.1,28618,0.9996274709701538,0.9994183778762817,0.0002090930938720703
resnet18_cbam,0.2,28618,0.9996274709701538,0.9966213703155518,0.0030061006546020508
resnet18_cbam,0.05,22858,0.9999326467514038,0.9999229907989502,9.655952453613281e-06
resnet18_cbam,0.1,22858,0.9999326467514038,0.999909520149231,2.3126602172851562e-05
resnet18_cbam,0.2,22858,0.9999326467514038,0.9969310164451599,0.0030016303062438965
resnet18_cbam,0.05,511,0.9995012283325195,0.9988493919372559,0.0006518363952636719
resnet18_cbam,0.1,511,0.9995012283325195,0.9971979856491089,0.0023032426834106445
resnet18_cbam,0.2,511,0.9995012283325195,0.9541898369789124,0.04531139135360718
resnet18_cbam,0.05,29736,0.9998242259025574,0.9997549653053284,6.92605972290039e-05
resnet18_cbam,0.1,29736,0.9998242259025574,0.999448835849762,0.00037539005279541016
resnet18_cbam,0.2,29736,0.9998242259025574,0.9947693943977356,0.005054831504821777
resnet18_cbam,0.05,33474,0.9998596906661987,0.9998175501823425,4.214048385620117e-05
resnet18_cbam,0.1,33474,0.9998596906661987,0.9997444748878479,0.00011521577835083008
resnet18_cbam,0.2,33474,0.9998596906661987,0.9989450573921204,0.0009146332740783691
resnet18_cbam,0.05,25573,0.9758053421974182,0.9772220253944397,-0.0014166831970214844
resnet18_cbam,0.1,25573,0.9758053421974182,0.9778770804405212,-0.0020717382431030273
resnet18_cbam,0.2,25573,0.9758053421974182,0.36550578474998474,0.6102995574474335
resnet18_cbam,0.05,4312,0.9999598264694214,0.9999587535858154,1.0728836059570312e-06
resnet18_cbam,0.1,4312,0.9999598264694214,0.9999607801437378,-9.5367431640625e-07
resnet18_cbam,0.2,4312,0.9999598264694214,0.9999610185623169,-1.1920928955078125e-06
resnet18_cbam,0.05,24225,0.998816728591919,0.9986841082572937,0.00013262033462524414
resnet18_cbam,0.1,24225,0.998816728591919,0.9987951517105103,2.1576881408691406e-05
resnet18_cbam,0.2,24225,0.998816728591919,0.8628251552581787,0.13599157333374023
resnet18_cbam,0.05,5114,0.9932892918586731,0.9961832165718079,-0.0028939247131347656
resnet18_cbam,0.1,5114,0.9932892918586731,0.9971484541893005,-0.0038591623306274414
resnet18_cbam,0.2,5114,0.9932892918586731,0.9971543550491333,-0.003865063190460205
resnet18_cbam,0.05,107,0.7672658562660217,0.5750502943992615,0.19221556186676025
resnet18_cbam,0.1,107,0.7672658562660217,0.4601927101612091,0.3070731461048126
resnet18_cbam,0.2,107,0.7672658562660217,0.7393054366111755,0.02796041965484619
resnet18_cbam,0.05,10443,0.9018430113792419,0.8828490972518921,0.018993914127349854
resnet18_cbam,0.1,10443,0.9018430113792419,0.9087440371513367,-0.0069010257720947266
resnet18_cbam,0.2,10443,0.9018430113792419,0.9217649698257446,-0.019921958446502686
resnet18_cbam,0.05,5117,0.9972370862960815,0.997734546661377,-0.0004974603652954102
resnet18_cbam,0.1,5117,0.9972370862960815,0.9983025789260864,-0.0010654926300048828
resnet18_cbam,0.2,5117,0.9972370862960815,0.9971038699150085,0.00013321638107299805
resnet18_cbam,0.05,27764,0.9959497451782227,0.9958471655845642,0.00010257959365844727
resnet18_cbam,0.1,27764,0.9959497451782227,0.9957515001296997,0.00019824504852294922
resnet18_cbam,0.2,27764,0.9959497451782227,0.9963376522064209,-0.0003879070281982422
resnet18_cbam,0.05,31588,0.9933595061302185,0.9951926469802856,-0.0018331408500671387
resnet18_cbam,0.1,31588,0.9933595061302185,0.9964984655380249,-0.0031389594078063965
resnet18_cbam,0.2,31588,0.9933595061302185,0.9935303330421448,-0.00017082691192626953
resnet18_cbam,0.05,5131,0.9989739656448364,0.9992473125457764,-0.0002733469009399414
resnet18_cbam,0.1,5131,0.9989739656448364,0.999107301235199,-0.00013333559036254883
resnet18_cbam,0.2,5131,0.9989739656448364,0.998764157295227,0.000209808349609375
resnet18_cbam,0.05,1761,0.9874202609062195,0.988900899887085,-0.0014806389808654785
resnet18_cbam,0.1,1761,0.9874202609062195,0.9886061549186707,-0.0011858940124511719
resnet18_cbam,0.2,1761,0.9874202609062195,0.9840489625930786,0.003371298313140869
resnet18_cbam,0.05,34288,0.9910881519317627,0.9955673813819885,-0.00447922945022583
resnet18_cbam,0.1,34288,0.9910881519317627,0.9953873753547668,-0.00429922342300415
resnet18_cbam,0.2,34288,0.9910881519317627,0.9964634776115417,-0.005375325679779053
resnet18_cbam,0.05,26309,0.8258070945739746,0.8527407050132751,-0.026933610439300537
resnet18_cbam,0.1,26309,0.8258070945739746,0.9217432141304016,-0.095936119556427
resnet18_cbam,0.2,26309,0.8258070945739746,0.9700459241867065,-0.14423882961273193
resnet18_cbam,0.05,21752,0.9812654852867126,0.9988877177238464,-0.01762223243713379
resnet18_cbam,0.1,21752,0.9812654852867126,0.9991443157196045,-0.017878830432891846
resnet18_cbam,0.2,21752,0.9812654852867126,0.9995973706245422,-0.01833188533782959
resnet18_cbam,0.05,20801,0.9994134902954102,0.996057391166687,0.0033560991287231445
resnet18_cbam,0.1,20801,0.9994134902954102,0.9933487772941589,0.006064713001251221
resnet18_cbam,0.2,20801,0.9994134902954102,0.021051157265901566,0.9783623330295086
resnet18_cbam,0.05,17666,0.8365477323532104,0.07248475402593613,0.7640629783272743
resnet18_cbam,0.1,17666,0.8365477323532104,0.23736172914505005,0.5991860032081604
resnet18_cbam,0.2,17666,0.8365477323532104,0.398634135723114,0.43791359663009644
resnet18_cbam,0.05,16706,0.9993147850036621,0.9995055198669434,-0.00019073486328125
resnet18_cbam,0.1,16706,0.9993147850036621,0.999527096748352,-0.0002123117446899414
resnet18_cbam,0.2,16706,0.9993147850036621,0.9995811581611633,-0.0002663731575012207
resnet18_cbam,0.05,6553,0.9930497407913208,0.9978041052818298,-0.004754364490509033
resnet18_cbam,0.1,6553,0.9930497407913208,0.9985247254371643,-0.005474984645843506
resnet18_cbam,0.2,6553,0.9930497407913208,0.9988794922828674,-0.005829751491546631
resnet18_cbam,0.05,18583,0.9998311996459961,0.9998243451118469,6.854534149169922e-06
resnet18_cbam,0.1,18583,0.9998311996459961,0.999811589717865,1.9609928131103516e-05
resnet18_cbam,0.2,18583,0.9998311996459961,0.9998471736907959,-1.5974044799804688e-05
resnet18_cbam,0.05,20787,0.9867397546768188,0.9904196858406067,-0.003679931163787842
resnet18_cbam,0.1,20787,0.9867397546768188,0.9981330037117004,-0.011393249034881592
resnet18_cbam,0.2,20787,0.9867397546768188,0.40201446413993835,0.5847252905368805
resnet18_cbam,0.05,33870,0.5651208758354187,0.4568236172199249,0.10829725861549377
resnet18_cbam,0.1,33870,0.5651208758354187,0.34941133856773376,0.21570953726768494
resnet18_cbam,0.2,33870,0.5651208758354187,0.4343318045139313,0.13078907132148743
resnet18_cbam,0.05,19563,0.9999974966049194,0.9999974966049194,0.0
resnet18_cbam,0.1,19563,0.9999974966049194,0.9999973773956299,1.1920928955078125e-07
resnet18_cbam,0.2,19563,0.9999974966049194,0.9999966621398926,8.344650268554688e-07
resnet18_cbam,0.05,2399,1.0,1.0,0.0
resnet18_cbam,0.1,2399,1.0,1.0,0.0
resnet18_cbam,0.2,2399,1.0,1.0,0.0
resnet18_cbam,0.05,4407,0.9999997615814209,0.9999946355819702,5.125999450683594e-06
resnet18_cbam,0.1,4407,0.9999997615814209,0.9999804496765137,1.9311904907226562e-05
resnet18_cbam,0.2,4407,0.9999997615814209,0.999835729598999,0.000164031982421875
resnet18_cbam,0.05,2272,1.0,0.9999998807907104,1.1920928955078125e-07
resnet18_cbam,0.1,2272,1.0,0.9999998807907104,1.1920928955078125e-07
resnet18_cbam,0.2,2272,1.0,0.9999996423721313,3.5762786865234375e-07
resnet18_cbam,0.05,2489,1.0,0.9999997615814209,2.384185791015625e-07
resnet18_cbam,0.1,2489,1.0,0.9999994039535522,5.960464477539062e-07
resnet18_cbam,0.2,2489,1.0,0.9999943971633911,5.602836608886719e-06
resnet18_cbam,0.05,1496,1.0,1.0,0.0
resnet18_cbam,0.1,1496,1.0,1.0,0.0
resnet18_cbam,0.2,1496,1.0,1.0,0.0
resnet18_cbam,0.05,2232,1.0,0.9999998807907104,1.1920928955078125e-07
resnet18_cbam,0.1,2232,1.0,0.9999998807907104,1.1920928955078125e-07
resnet18_cbam,0.2,2232,1.0,0.9999998807907104,1.1920928955078125e-07
resnet18_cbam,0.05,2415,0.9999998807907104,0.9999992847442627,5.960464477539062e-07
resnet18_cbam,0.1,2415,0.9999998807907104,0.9999991655349731,7.152557373046875e-07
resnet18_cbam,0.2,2415,0.9999998807907104,0.9999972581863403,2.6226043701171875e-06
resnet18_cbam,0.05,2382,1.0,0.9999998807907104,1.1920928955078125e-07
resnet18_cbam,0.1,2382,1.0,0.9999996423721313,3.5762786865234375e-07
resnet18_cbam,0.2,2382,1.0,0.9999996423721313,3.5762786865234375e-07
resnet18_cbam,0.05,2510,0.9999998807907104,0.9999992847442627,5.960464477539062e-07
resnet18_cbam,0.1,2510,0.9999998807907104,0.9999988079071045,1.0728836059570312e-06
resnet18_cbam,0.2,2510,0.9999998807907104,0.9999915361404419,8.344650268554688e-06
resnet18_cbam,0.05,19664,1.0,1.0,0.0
resnet18_cbam,0.1,19664,1.0,0.9999998807907104,1.1920928955078125e-07
resnet18_cbam,0.2,19664,1.0,0.9999992847442627,7.152557373046875e-07
resnet18_cbam,0.05,2740,1.0,0.9999998807907104,1.1920928955078125e-07
resnet18_cbam,0.1,2740,1.0,0.9999996423721313,3.5762786865234375e-07
resnet18_cbam,0.2,2740,1.0,0.9999986886978149,1.3113021850585938e-06
resnet18_cbam,0.05,4872,0.9999998807907104,0.9999986886978149,1.1920928955078125e-06
resnet18_cbam,0.1,4872,0.9999998807907104,0.9999969005584717,2.9802322387695312e-06
resnet18_cbam,0.2,4872,0.9999998807907104,0.9999983310699463,1.5497207641601562e-06
resnet18_cbam,0.05,4574,0.9999834299087524,0.9999117851257324,7.164478302001953e-05
resnet18_cbam,0.1,4574,0.9999834299087524,0.9999169111251831,6.651878356933594e-05
resnet18_cbam,0.2,4574,0.9999834299087524,0.99956876039505,0.0004146695137023926
resnet18_cbam,0.05,4029,1.0,0.9999996423721313,3.5762786865234375e-07
resnet18_cbam,0.1,4029,1.0,0.9999994039535522,5.960464477539062e-07
resnet18_cbam,0.2,4029,1.0,0.9999991655349731,8.344650268554688e-07
resnet18_cbam,0.05,18720,0.9999991655349731,0.9999759197235107,2.3245811462402344e-05
resnet18_cbam,0.1,18720,0.9999991655349731,0.9999113082885742,8.785724639892578e-05
resnet18_cbam,0.2,18720,0.9999991655349731,0.9993078708648682,0.0006912946701049805
resnet18_cbam,0.05,1514,1.0,1.0,0.0
resnet18_cbam,0.1,1514,1.0,0.9999998807907104,1.1920928955078125e-07
resnet18_cbam,0.2,1514,1.0,0.9999998807907104,1.1920928955078125e-07
resnet18_cbam,0.05,1550,0.9999998807907104,0.9999978542327881,2.0265579223632812e-06
resnet18_cbam,0.1,1550,0.9999998807907104,0.9999971389770508,2.7418136596679688e-06
resnet18_cbam,0.2,1550,0.9999998807907104,0.9999946355819702,5.245208740234375e-06
resnet18_cbam,0.05,4564,0.9999984502792358,0.999992847442627,5.602836608886719e-06
resnet18_cbam,0.1,4564,0.9999984502792358,0.9999936819076538,4.76837158203125e-06
resnet18_cbam,0.2,4564,0.9999984502792358,0.9999703168869019,2.8133392333984375e-05
resnet18_cbam,0.05,4498,0.9999990463256836,0.9999940395355225,5.0067901611328125e-06
resnet18_cbam,0.1,4498,0.9999990463256836,0.999990701675415,8.344650268554688e-06
resnet18_cbam,0.2,4498,0.9999990463256836,0.9999841451644897,1.4901161193847656e-05
resnet18_cbam,0.05,1557,0.9999998807907104,0.9999984502792358,1.430511474609375e-06
resnet18_cbam,0.1,1557,0.9999998807907104,0.9999985694885254,1.3113021850585938e-06
resnet18_cbam,0.2,1557,0.9999998807907104,0.9999978542327881,2.0265579223632812e-06
resnet18_cbam,0.05,2195,1.0,0.9999998807907104,1.1920928955078125e-07
resnet18_cbam,0.1,2195,1.0,0.9999996423721313,3.5762786865234375e-07
resnet18_cbam,0.2,2195,1.0,0.9999963045120239,3.6954879760742188e-06
resnet18_cbam,0.05,2545,0.9999998807907104,0.9999991655349731,7.152557373046875e-07
resnet18_cbam,0.1,2545,0.9999998807907104,0.9999988079071045,1.0728836059570312e-06
resnet18_cbam,0.2,2545,0.9999998807907104,0.9999971389770508,2.7418136596679688e-06
resnet18_cbam,0.05,12693,0.5976554155349731,0.014321775175631046,0.5833336403593421
resnet18_cbam,0.1,12693,0.5976554155349731,0.0006689195870421827,0.596986495947931
resnet18_cbam,0.2,12693,0.5976554155349731,0.00010915818711509928,0.597546257347858
resnet18_cbam,0.05,4750,0.9989014863967896,0.9989727735519409,-7.128715515136719e-05
resnet18_cbam,0.1,4750,0.9989014863967896,0.999214768409729,-0.0003132820129394531
resnet18_cbam,0.2,4750,0.9989014863967896,0.9991648197174072,-0.0002633333206176758
resnet18_cbam,0.05,18268,0.7944059371948242,0.8296646475791931,-0.035258710384368896
resnet18_cbam,0.1,18268,0.7944059371948242,0.8076351284980774,-0.013229191303253174
resnet18_cbam,0.2,18268,0.7944059371948242,0.7628903985023499,0.031515538692474365
resnet18_cbam,0.05,18844,0.9889532327651978,0.9883876442909241,0.0005655884742736816
resnet18_cbam,0.1,18844,0.9889532327651978,0.9871782064437866,0.0017750263214111328
resnet18_cbam,0.2,18844,0.9889532327651978,0.9889172315597534,3.600120544433594e-05
resnet18_cbam,0.05,29937,0.5550202131271362,0.36368510127067566,0.19133511185646057
resnet18_cbam,0.1,29937,0.5550202131271362,0.020064759999513626,0.5349554531276226
resnet18_cbam,0.2,29937,0.5550202131271362,0.0009703374234959483,0.5540498757036403
resnet18_cbam,0.05,1367,0.9996893405914307,0.9996893405914307,0.0
resnet18_cbam,0.1,1367,0.9996893405914307,0.9997115731239319,-2.2232532501220703e-05
resnet18_cbam,0.2,1367,0.9996893405914307,0.9977173805236816,0.0019719600677490234
resnet18_cbam,0.05,26201,0.6953700184822083,0.5271333456039429,0.16823667287826538
resnet18_cbam,0.1,26201,0.6953700184822083,0.19565926492214203,0.4997107535600662
resnet18_cbam,0.2,26201,0.6953700184822083,0.00024609407410025597,0.695123924408108
resnet18_cbam,0.05,7843,0.7868565320968628,0.6224402785301208,0.16441625356674194
resnet18_cbam,0.1,7843,0.7868565320968628,0.5015215873718262,0.2853349447250366
resnet18_cbam,0.2,7843,0.7868565320968628,0.14053985476493835,0.6463166773319244
resnet18_cbam,0.05,25933,0.9631367325782776,0.9638291597366333,-0.0006924271583557129
resnet18_cbam,0.1,25933,0.9631367325782776,0.9573085904121399,0.005828142166137695
resnet18_cbam,0.2,25933,0.9631367325782776,0.6812885999679565,0.28184813261032104
resnet18_cbam,0.05,7777,0.9995237588882446,0.9994637370109558,6.002187728881836e-05
resnet18_cbam,0.1,7777,0.9995237588882446,0.9994451403617859,7.861852645874023e-05
resnet18_cbam,0.2,7777,0.9995237588882446,0.9997013211250305,-0.00017756223678588867
resnet18_cbam,0.05,3199,0.9987862706184387,0.9987661838531494,2.008676528930664e-05
resnet18_cbam,0.1,3199,0.9987862706184387,0.9988319277763367,-4.565715789794922e-05
resnet18_cbam,0.2,3199,0.9987862706184387,0.998512327671051,0.0002739429473876953
resnet18_cbam,0.05,1633,0.9998113512992859,0.9998071789741516,4.172325134277344e-06
resnet18_cbam,0.1,1633,0.9998113512992859,0.9998041987419128,7.152557373046875e-06
resnet18_cbam,0.2,1633,0.9998113512992859,0.9998247027397156,-1.33514404296875e-05
resnet18_cbam,0.05,5569,0.8172409534454346,0.726584792137146,0.09065616130828857
resnet18_cbam,0.1,5569,0.8172409534454346,0.6391766667366028,0.1780642867088318
resnet18_cbam,0.2,5569,0.8172409534454346,0.6659303307533264,0.15131062269210815
resnet18_cbam,0.05,32022,0.9994366765022278,0.9990904331207275,0.00034624338150024414
resnet18_cbam,0.1,32022,0.9994366765022278,0.889520525932312,0.10991615056991577
resnet18_cbam,0.2,32022,0.9994366765022278,0.9961510896682739,0.0032855868339538574
resnet18_cbam,0.05,4352,0.9993966817855835,0.9992940425872803,0.00010263919830322266
resnet18_cbam,0.1,4352,0.9993966817855835,0.9974921941757202,0.0019044876098632812
resnet18_cbam,0.2,4352,0.9993966817855835,0.9933202266693115,0.006076455116271973
resnet18_cbam,0.05,5398,0.9966874718666077,0.9968135952949524,-0.00012612342834472656
resnet18_cbam,0.1,5398,0.9966874718666077,0.997010350227356,-0.000322878360748291
resnet18_cbam,0.2,5398,0.9966874718666077,0.997668445110321,-0.000980973243713379
resnet18_cbam,0.05,1836,0.9996070265769958,0.9996070265769958,0.0
resnet18_cbam,0.1,1836,0.9996070265769958,0.9996070265769958,0.0
resnet18_cbam,0.2,1836,0.9996070265769958,0.9996070265769958,0.0
resnet18_cbam,0.05,6819,0.9311992526054382,0.9337966442108154,-0.0025973916053771973
resnet18_cbam,0.1,6819,0.9311992526054382,0.9301306009292603,0.0010686516761779785
resnet18_cbam,0.2,6819,0.9311992526054382,0.9732561707496643,-0.042056918144226074
resnet18_cbam,0.05,30428,0.9960391521453857,0.9963478446006775,-0.00030869245529174805
resnet18_cbam,0.1,30428,0.9960391521453857,0.9964084029197693,-0.0003692507743835449
resnet18_cbam,0.2,30428,0.9960391521453857,0.9964345693588257,-0.0003954172134399414
resnet18_cbam,0.05,11121,0.9988929629325867,0.998955488204956,-6.252527236938477e-05
resnet18_cbam,0.1,11121,0.9988929629325867,0.998995840549469,-0.00010287761688232422
resnet18_cbam,0.2,11121,0.9988929629325867,0.9996515512466431,-0.0007585883140563965
resnet18_cbam,0.05,34333,0.930343747138977,0.9357689619064331,-0.005425214767456055
resnet18_cbam,0.1,34333,0.930343747138977,0.9408774971961975,-0.010533750057220459
resnet18_cbam,0.2,34333,0.930343747138977,0.9795807003974915,-0.049236953258514404
resnet18_cbam,0.05,11558,0.9936044812202454,0.9937853813171387,-0.00018090009689331055
resnet18_cbam,0.1,11558,0.9936044812202454,0.9925742149353027,0.001030266284942627
resnet18_cbam,0.2,11558,0.9936044812202454,0.997802197933197,-0.00419771671295166
resnet18_cbam,0.05,15095,0.995283305644989,0.9953409433364868,-5.7637691497802734e-05
resnet18_cbam,0.1,15095,0.995283305644989,0.9941323399543762,0.001150965690612793
resnet18_cbam,0.2,15095,0.995283305644989,0.9948528409004211,0.0004304647445678711
resnet18_cbam,0.05,5482,0.9999868869781494,0.9999885559082031,-1.6689300537109375e-06
resnet18_cbam,0.1,5482,0.9999868869781494,0.9999899864196777,-3.0994415283203125e-06
resnet18_cbam,0.2,5482,0.9999868869781494,0.9999997615814209,-1.2874603271484375e-05
resnet18_cbam,0.05,27612,0.9998760223388672,0.9999055862426758,-2.956390380859375e-05
resnet18_cbam,0.1,27612,0.9998760223388672,0.9999192953109741,-4.3272972106933594e-05
resnet18_cbam,0.2,27612,0.9998760223388672,0.9999449253082275,-6.890296936035156e-05
resnet18_cbam,0.05,9711,0.549860954284668,0.5548112988471985,-0.004950344562530518
resnet18_cbam,0.1,9711,0.549860954284668,0.6758245229721069,-0.12596356868743896
resnet18_cbam,0.2,9711,0.549860954284668,0.5666186213493347,-0.016757667064666748
resnet18_cbam,0.05,2485,0.9634159207344055,0.9657828211784363,-0.0023669004440307617
resnet18_cbam,0.1,2485,0.9634159207344055,0.9785415530204773,-0.015125632286071777
resnet18_cbam,0.2,2485,0.9634159207344055,0.985990047454834,-0.022574126720428467
resnet18_cbam,0.05,25055,0.8705379962921143,0.8708724975585938,-0.0003345012664794922
resnet18_cbam,0.1,25055,0.8705379962921143,0.8756023049354553,-0.0050643086433410645
resnet18_cbam,0.2,25055,0.8705379962921143,0.9046034812927246,-0.03406548500061035
resnet18_cbam,0.05,25226,0.9508294463157654,0.9581711292266846,-0.0073416829109191895
resnet18_cbam,0.1,25226,0.9508294463157654,0.8204848766326904,0.13034456968307495
resnet18_cbam,0.2,25226,0.9508294463157654,0.2395189255475998,0.7113105207681656
resnet18_cbam,0.05,2517,0.9999443292617798,0.9999523162841797,-7.987022399902344e-06
resnet18_cbam,0.1,2517,0.9999443292617798,0.9999611377716064,-1.6808509826660156e-05
resnet18_cbam,0.2,2517,0.9999443292617798,0.9999667406082153,-2.2411346435546875e-05
resnet18_cbam,0.05,3986,0.9992289543151855,0.9992915391921997,-6.258487701416016e-05
resnet18_cbam,0.1,3986,0.9992289543151855,0.9998202919960022,-0.0005913376808166504
resnet18_cbam,0.2,3986,0.9992289543151855,0.9993459582328796,-0.0001170039176940918
resnet18_cbam,0.05,5449,0.9013860821723938,0.9199842810630798,-0.018598198890686035
resnet18_cbam,0.1,5449,0.9013860821723938,0.9074859619140625,-0.006099879741668701
resnet18_cbam,0.2,5449,0.9013860821723938,0.9245519638061523,-0.023165881633758545
resnet18_cbam,0.05,25650,0.9294009208679199,0.9334839582443237,-0.004083037376403809
resnet18_cbam,0.1,25650,0.9294009208679199,0.9322011470794678,-0.0028002262115478516
resnet18_cbam,0.2,25650,0.9294009208679199,0.9304190874099731,-0.0010181665420532227
resnet18_cbam,0.05,5353,1.0,1.0,0.0
resnet18_cbam,0.1,5353,1.0,0.9999998807907104,1.1920928955078125e-07
resnet18_cbam,0.2,5353,1.0,0.9999998807907104,1.1920928955078125e-07
resnet18_cbam,0.05,13786,0.6177212595939636,0.7456794381141663,-0.12795817852020264
resnet18_cbam,0.1,13786,0.6177212595939636,0.7712006568908691,-0.15347939729690552
resnet18_cbam,0.2,13786,0.6177212595939636,0.9222107529640198,-0.30448949337005615
resnet18_cbam,0.05,4322,0.9833145141601562,0.9814198613166809,0.0018946528434753418
resnet18_cbam,0.1,4322,0.9833145141601562,0.9794248342514038,0.0038896799087524414
resnet18_cbam,0.2,4322,0.9833145141601562,0.965700626373291,0.017613887786865234
resnet18_cbam,0.05,25639,0.7364250421524048,0.6366634964942932,0.09976154565811157
resnet18_cbam,0.1,25639,0.7364250421524048,0.5436107516288757,0.19281429052352905
resnet18_cbam,0.2,25639,0.7364250421524048,0.28021013736724854,0.45621490478515625
resnet18_cbam,0.05,25205,0.997878909111023,0.9978925585746765,-1.3649463653564453e-05
resnet18_cbam,0.1,25205,0.997878909111023,0.9983471632003784,-0.00046825408935546875
resnet18_cbam,0.2,25205,0.997878909111023,0.9988808035850525,-0.001001894474029541
resnet18_cbam,0.05,1831,1.0,1.0,0.0
resnet18_cbam,0.1,1831,1.0,1.0,0.0
resnet18_cbam,0.2,1831,1.0,1.0,0.0
resnet18_cbam,0.05,3536,0.9999262094497681,0.9999284744262695,-2.2649765014648438e-06
resnet18_cbam,0.1,3536,0.9999262094497681,0.999972939491272,-4.673004150390625e-05
resnet18_cbam,0.2,3536,0.9999262094497681,0.999880313873291,4.589557647705078e-05
resnet18_cbam,0.05,2096,0.9997076392173767,0.9996757507324219,3.1888484954833984e-05
resnet18_cbam,0.1,2096,0.9997076392173767,0.9997109770774841,-3.337860107421875e-06
resnet18_cbam,0.2,2096,0.9997076392173767,0.9999260902404785,-0.00021845102310180664
resnet18_cbam,0.05,5469,1.0,1.0,0.0
resnet18_cbam,0.1,5469,1.0,1.0,0.0
resnet18_cbam,0.2,5469,1.0,1.0,0.0
resnet18_cbam,0.05,5050,1.0,1.0,0.0
resnet18_cbam,0.1,5050,1.0,1.0,0.0
resnet18_cbam,0.2,5050,1.0,1.0,0.0
resnet18_cbam,0.05,25655,0.9968607425689697,0.998981773853302,-0.0021210312843322754
resnet18_cbam,0.1,25655,0.9968607425689697,0.9985802173614502,-0.0017194747924804688
resnet18_cbam,0.2,25655,0.9968607425689697,0.9993472695350647,-0.0024865269660949707
resnet18_cbam,0.05,25122,0.9996963739395142,0.9994844198226929,0.00021195411682128906
resnet18_cbam,0.1,25122,0.9996963739395142,0.9993035793304443,0.0003927946090698242
resnet18_cbam,0.2,25122,0.9996963739395142,0.9967846870422363,0.002911686897277832
resnet18_cbam,0.05,25439,0.985428512096405,0.9866223931312561,-0.0011938810348510742
resnet18_cbam,0.1,25439,0.985428512096405,0.9922003149986267,-0.00677180290222168
resnet18_cbam,0.2,25439,0.985428512096405,0.9925806522369385,-0.007152140140533447
resnet18_cbam,0.05,12884,0.998223602771759,0.9982196688652039,3.933906555175781e-06
resnet18_cbam,0.1,12884,0.998223602771759,0.9980744123458862,0.00014919042587280273
resnet18_cbam,0.2,12884,0.998223602771759,0.9973358511924744,0.000887751579284668
resnet18_cbam,0.05,29842,0.9437940716743469,0.7865498065948486,0.1572442650794983
resnet18_cbam,0.1,29842,0.9437940716743469,0.6656721830368042,0.2781218886375427
resnet18_cbam,0.2,29842,0.9437940716743469,0.6832808256149292,0.2605132460594177
resnet18_cbam,0.05,4418,0.9995131492614746,0.999488353729248,2.47955322265625e-05
resnet18_cbam,0.1,4418,0.9995131492614746,0.9994868040084839,2.6345252990722656e-05
resnet18_cbam,0.2,4418,0.9995131492614746,0.9994803071022034,3.2842159271240234e-05
resnet18_cbam,0.05,3147,0.999845027923584,0.9998458623886108,-8.344650268554688e-07
resnet18_cbam,0.1,3147,0.999845027923584,0.9998635053634644,-1.8477439880371094e-05
resnet18_cbam,0.2,3147,0.999845027923584,0.9998569488525391,-1.1920928955078125e-05
resnet18_cbam,0.05,10773,0.5498446226119995,0.7952807545661926,-0.24543613195419312
resnet18_cbam,0.1,10773,0.5498446226119995,0.8687436580657959,-0.3188990354537964
resnet18_cbam,0.2,10773,0.5498446226119995,0.8656200766563416,-0.31577545404434204
resnet18_cbam,0.05,12766,0.9584972858428955,0.9459441304206848,0.012553155422210693
resnet18_cbam,0.1,12766,0.9584972858428955,0.9515138268470764,0.006983458995819092
resnet18_cbam,0.2,12766,0.9584972858428955,0.93982994556427,0.01866734027862549
resnet18_cbam,0.05,30524,0.9593271613121033,0.9622297286987305,-0.0029025673866271973
resnet18_cbam,0.1,30524,0.9593271613121033,0.9736393690109253,-0.014312207698822021
resnet18_cbam,0.2,30524,0.9593271613121033,0.9785872101783752,-0.019260048866271973
resnet18_cbam,0.05,1993,0.9997784495353699,0.9997724890708923,5.9604644775390625e-06
resnet18_cbam,0.1,1993,0.9997784495353699,0.9997765421867371,1.9073486328125e-06
resnet18_cbam,0.2,1993,0.9997784495353699,0.999772846698761,5.602836608886719e-06
resnet18_cbam,0.05,1632,0.9996498823165894,0.9996826648712158,-3.2782554626464844e-05
resnet18_cbam,0.1,1632,0.9996498823165894,0.9996936321258545,-4.374980926513672e-05
resnet18_cbam,0.2,1632,0.9996498823165894,0.9996936321258545,-4.374980926513672e-05
resnet18_cbam,0.05,2903,0.9997604489326477,0.9996975660324097,6.288290023803711e-05
resnet18_cbam,0.1,2903,0.9997604489326477,0.9997039437294006,5.650520324707031e-05
resnet18_cbam,0.2,2903,0.9997604489326477,0.999687910079956,7.253885269165039e-05
resnet18_cbam,0.05,4288,0.9999357461929321,0.9999393224716187,-3.5762786865234375e-06
resnet18_cbam,0.1,4288,0.9999357461929321,0.997157096862793,0.00277864933013916
resnet18_cbam,0.2,4288,0.9999357461929321,0.002838983666151762,0.9970967625267804
resnet18_cbam,0.05,26488,0.9996474981307983,0.9997455477714539,-9.804964065551758e-05
resnet18_cbam,0.1,26488,0.9996474981307983,0.8518010973930359,0.14784640073776245
resnet18_cbam,0.2,26488,0.9996474981307983,0.00021889430354349315,0.9994286038272548
resnet18_cbam,0.05,2127,0.9797062277793884,0.978752076625824,0.0009541511535644531
resnet18_cbam,0.1,2127,0.9797062277793884,0.9877784848213196,-0.008072257041931152
resnet18_cbam,0.2,2127,0.9797062277793884,0.9961004257202148,-0.016394197940826416
resnet18_cbam,0.05,31012,0.9996548891067505,0.9996234178543091,3.147125244140625e-05
resnet18_cbam,0.1,31012,0.9996548891067505,0.9989776611328125,0.0006772279739379883
resnet18_cbam,0.2,31012,0.9996548891067505,0.9132741093635559,0.08638077974319458
resnet18_cbam,0.05,26627,0.9942842125892639,0.9863637089729309,0.007920503616333008
resnet18_cbam,0.1,26627,0.9942842125892639,0.9766095280647278,0.017674684524536133
resnet18_cbam,0.2,26627,0.9942842125892639,0.007118512410670519,0.9871657001785934
resnet18_cbam,0.05,19032,0.7525773048400879,0.00911607313901186,0.743461231701076
resnet18_cbam,0.1,19032,0.7525773048400879,0.00911607313901186,0.743461231701076
resnet18_cbam,0.2,19032,0.7525773048400879,0.00911607313901186,0.743461231701076
resnet18_cbam,0.05,1301,0.9984970092773438,0.9985164999961853,-1.9490718841552734e-05
resnet18_cbam,0.1,1301,0.9984970092773438,0.9987131357192993,-0.0002161264419555664
resnet18_cbam,0.2,1301,0.9984970092773438,0.9868026375770569,0.011694371700286865
resnet18_cbam,0.05,21284,0.9799996614456177,0.9726999402046204,0.0072997212409973145
resnet18_cbam,0.1,21284,0.9799996614456177,0.9860516786575317,-0.0060520172119140625
resnet18_cbam,0.2,21284,0.9799996614456177,0.9876022934913635,-0.00760263204574585
resnet18_cbam,0.05,2304,0.9993009567260742,0.9995027780532837,-0.00020182132720947266
resnet18_cbam,0.1,2304,0.9993009567260742,0.9995027780532837,-0.00020182132720947266
resnet18_cbam,0.2,2304,0.9993009567260742,0.9996465444564819,-0.00034558773040771484
resnet18_cbam,0.05,32350,0.9988182187080383,0.9989226460456848,-0.00010442733764648438
resnet18_cbam,0.1,32350,0.9988182187080383,0.9990752935409546,-0.00025707483291625977
resnet18_cbam,0.2,32350,0.9988182187080383,0.9986134767532349,0.0002047419548034668
resnet18_cbam,0.05,4090,0.9999983310699463,0.9999983310699463,0.0
resnet18_cbam,0.1,4090,0.9999983310699463,0.9999985694885254,-2.384185791015625e-07
resnet18_cbam,0.2,4090,0.9999983310699463,0.9999980926513672,2.384185791015625e-07
resnet18_cbam,0.05,1458,1.0,1.0,0.0
resnet18_cbam,0.1,1458,1.0,0.9999998807907104,1.1920928955078125e-07
resnet18_cbam,0.2,1458,1.0,0.9999998807907104,1.1920928955078125e-07
resnet18_cbam,0.05,9806,0.9946700930595398,0.9958806037902832,-0.0012105107307434082
resnet18_cbam,0.1,9806,0.9946700930595398,0.9926596283912659,0.0020104646682739258
resnet18_cbam,0.2,9806,0.9946700930595398,0.845933735370636,0.1487363576889038
resnet18_cbam,0.05,5362,0.9999961853027344,0.9999909400939941,5.245208740234375e-06
resnet18_cbam,0.1,5362,0.9999961853027344,0.999958872795105,3.731250762939453e-05
resnet18_cbam,0.2,5362,0.9999961853027344,0.9992601275444031,0.0007360577583312988
resnet18_cbam,0.05,20186,0.9999986886978149,0.9999985694885254,1.1920928955078125e-07
resnet18_cbam,0.1,20186,0.9999986886978149,0.9999985694885254,1.1920928955078125e-07
resnet18_cbam,0.2,20186,0.9999986886978149,0.9999980926513672,5.960464477539062e-07
resnet18_cbam,0.05,13709,0.9999107122421265,0.9998175501823425,9.316205978393555e-05
resnet18_cbam,0.1,13709,0.9999107122421265,0.9998781681060791,3.254413604736328e-05
resnet18_cbam,0.2,13709,0.9999107122421265,0.9752521514892578,0.024658560752868652
resnet18_cbam,0.05,4101,0.7461109757423401,0.00911607313901186,0.7369949026033282
resnet18_cbam,0.1,4101,0.7461109757423401,0.00911607313901186,0.7369949026033282
resnet18_cbam,0.2,4101,0.7461109757423401,0.00911607313901186,0.7369949026033282
resnet18_cbam,0.05,25601,0.7163461446762085,0.9998958110809326,-0.2835496664047241
resnet18_cbam,0.1,25601,0.7163461446762085,0.9999995231628418,-0.2836533784866333
resnet18_cbam,0.2,25601,0.7163461446762085,0.999990701675415,-0.28364455699920654
resnet18_cbam,0.05,4094,0.9999969005584717,0.9999966621398926,2.384185791015625e-07
resnet18_cbam,0.1,4094,0.9999969005584717,0.9999972581863403,-3.5762786865234375e-07
resnet18_cbam,0.2,4094,0.9999969005584717,0.9999959468841553,9.5367431640625e-07
resnet18_cbam,0.05,25595,0.5494110584259033,6.829961785115302e-05,0.5493427588080522
resnet18_cbam,0.1,25595,0.5494110584259033,6.829961785115302e-05,0.5493427588080522
resnet18_cbam,0.2,25595,0.5494110584259033,6.829961785115302e-05,0.5493427588080522
resnet18_cbam,0.05,4100,0.999967098236084,0.9999697208404541,-2.6226043701171875e-06
resnet18_cbam,0.1,4100,0.999967098236084,0.9999781847000122,-1.1086463928222656e-05
resnet18_cbam,0.2,4100,0.999967098236084,0.9999792575836182,-1.2159347534179688e-05
resnet18_cbam,0.05,6861,0.999703586101532,0.9996484518051147,5.513429641723633e-05
resnet18_cbam,0.1,6861,0.999703586101532,0.9994924068450928,0.00021117925643920898
resnet18_cbam,0.2,6861,0.999703586101532,0.9919278621673584,0.007775723934173584
resnet18_cbam,0.05,4593,0.9998032450675964,0.9972665309906006,0.0025367140769958496
resnet18_cbam,0.1,4593,0.9998032450675964,0.8548206686973572,0.14498257637023926
resnet18_cbam,0.2,4593,0.9998032450675964,0.0011787383118644357,0.998624506755732
resnet18_cbam,0.05,9904,0.586126446723938,0.42436182498931885,0.16176462173461914
resnet18_cbam,0.1,9904,0.586126446723938,0.1895446926355362,0.3965817540884018
resnet18_cbam,0.2,9904,0.586126446723938,0.014886978082358837,0.5712394686415792
resnet18_cbam,0.05,9906,0.9666154384613037,0.9682884216308594,-0.001672983169555664
resnet18_cbam,0.1,9906,0.9666154384613037,0.9524835348129272,0.014131903648376465
resnet18_cbam,0.2,9906,0.9666154384613037,0.4795415699481964,0.4870738685131073
resnet18_cbam,0.05,18601,0.9999992847442627,0.999998927116394,3.5762786865234375e-07
resnet18_cbam,0.1,18601,0.9999992847442627,0.9999990463256836,2.384185791015625e-07
resnet18_cbam,0.2,18601,0.9999992847442627,0.9999954700469971,3.814697265625e-06
resnet18_cbam,0.05,4584,0.9999988079071045,0.9999945163726807,4.291534423828125e-06
resnet18_cbam,0.1,4584,0.9999988079071045,0.9999970197677612,1.7881393432617188e-06
resnet18_cbam,0.2,4584,0.9999988079071045,0.9998558759689331,0.00014293193817138672
resnet18_cbam,0.05,9143,0.999998927116394,0.9999990463256836,-1.1920928955078125e-07
resnet18_cbam,0.1,9143,0.999998927116394,0.999998927116394,0.0
resnet18_cbam,0.2,9143,0.999998927116394,0.9999985694885254,3.5762786865234375e-07
resnet18_cbam,0.05,7916,0.9999479055404663,0.9999402761459351,7.62939453125e-06
resnet18_cbam,0.1,7916,0.9999479055404663,0.9999630451202393,-1.5139579772949219e-05
resnet18_cbam,0.2,7916,0.9999479055404663,0.9999881982803345,-4.029273986816406e-05
resnet18_cbam,0.05,16545,0.9427425265312195,0.033520910888910294,0.9092216156423092
resnet18_cbam,0.1,16545,0.9427425265312195,0.011145906522870064,0.9315966200083494
resnet18_cbam,0.2,16545,0.9427425265312195,0.011035047471523285,0.9317074790596962
resnet18_cbam,0.05,3044,0.9999955892562866,0.9999967813491821,-1.1920928955078125e-06
resnet18_cbam,0.1,3044,0.9999955892562866,0.9999970197677612,-1.430511474609375e-06
resnet18_cbam,0.2,3044,0.9999955892562866,0.9999985694885254,-2.9802322387695312e-06
resnet18_cbam,0.05,2299,0.9999943971633911,0.9999911785125732,3.2186508178710938e-06
resnet18_cbam,0.1,2299,0.9999943971633911,0.9999895095825195,4.887580871582031e-06
resnet18_cbam,0.2,2299,0.9999943971633911,0.9999842643737793,1.0132789611816406e-05
resnet18_cbam,0.05,4121,0.9999958276748657,0.9999959468841553,-1.1920928955078125e-07
resnet18_cbam,0.1,4121,0.9999958276748657,0.9999958276748657,0.0
resnet18_cbam,0.2,4121,0.9999958276748657,0.9999921321868896,3.6954879760742188e-06
resnet18_cbam,0.05,4150,0.9999985694885254,0.9999986886978149,-1.1920928955078125e-07
resnet18_cbam,0.1,4150,0.9999985694885254,0.9999986886978149,-1.1920928955078125e-07
resnet18_cbam,0.2,4150,0.9999985694885254,0.9999973773956299,1.1920928955078125e-06
resnet18_cbam,0.05,10215,0.9161206483840942,0.8981945514678955,0.01792609691619873
resnet18_cbam,0.1,10215,0.9161206483840942,0.6054699420928955,0.31065070629119873
resnet18_cbam,0.2,10215,0.9161206483840942,0.9818794131278992,-0.06575876474380493
resnet18_cbam,0.05,4160,0.9999985694885254,0.9999986886978149,-1.1920928955078125e-07
resnet18_cbam,0.1,4160,0.9999985694885254,0.9999986886978149,-1.1920928955078125e-07
resnet18_cbam,0.2,4160,0.9999985694885254,0.9999678134918213,3.075599670410156e-05
resnet18_cbam,0.05,4109,0.9999873638153076,0.9999872446060181,1.1920928955078125e-07
resnet18_cbam,0.1,4109,0.9999873638153076,0.9999939203262329,-6.556510925292969e-06
resnet18_cbam,0.2,4109,0.9999873638153076,0.9999974966049194,-1.0132789611816406e-05
resnet18_cbam,0.05,10845,0.9411540031433105,0.8819287419319153,0.059225261211395264
resnet18_cbam,0.1,10845,0.9411540031433105,0.9631457924842834,-0.0219917893409729
resnet18_cbam,0.2,10845,0.9411540031433105,0.8893762826919556,0.05177772045135498
resnet18_cbam,0.05,4113,0.9999929666519165,0.999994158744812,-1.1920928955078125e-06
resnet18_cbam,0.1,4113,0.9999929666519165,0.9999958276748657,-2.86102294921875e-06
resnet18_cbam,0.2,4113,0.9999929666519165,0.9998120665550232,0.00018090009689331055
resnet18_cbam,0.05,4174,0.9997991919517517,0.9998519420623779,-5.27501106262207e-05
resnet18_cbam,0.1,4174,0.9997991919517517,0.9998480081558228,-4.881620407104492e-05
resnet18_cbam,0.2,4174,0.9997991919517517,0.46720805764198303,0.5325911343097687
resnet18_cbam,0.05,4951,0.9962892532348633,0.9938032627105713,0.002485990524291992
resnet18_cbam,0.1,4951,0.9962892532348633,0.991360604763031,0.004928648471832275
resnet18_cbam,0.2,4951,0.9962892532348633,0.7141777276992798,0.2821115255355835
resnet18_cbam,0.05,4139,0.9999978542327881,0.9999978542327881,0.0
resnet18_cbam,0.1,4139,0.9999978542327881,0.9999977350234985,1.1920928955078125e-07
resnet18_cbam,0.2,4139,0.9999978542327881,0.9999980926513672,-2.384185791015625e-07
resnet18_cbam,0.05,4136,0.9999946355819702,0.9999953508377075,-7.152557373046875e-07
resnet18_cbam,0.1,4136,0.9999946355819702,0.9999966621398926,-2.0265579223632812e-06
resnet18_cbam,0.2,4136,0.9999946355819702,0.9999973773956299,-2.7418136596679688e-06
resnet18_cbam,0.05,4114,0.999962568283081,0.9999653100967407,-2.7418136596679688e-06
resnet18_cbam,0.1,4114,0.999962568283081,0.9999663829803467,-3.814697265625e-06
resnet18_cbam,0.2,4114,0.999962568283081,0.9999982118606567,-3.5643577575683594e-05
resnet18_cbam,0.05,4087,0.9999980926513672,0.9999982118606567,-1.1920928955078125e-07
resnet18_cbam,0.1,4087,0.9999980926513672,0.9999983310699463,-2.384185791015625e-07
resnet18_cbam,0.2,4087,0.9999980926513672,0.9999954700469971,2.6226043701171875e-06
resnet18_cbam,0.05,4110,0.9999897480010986,0.9999922513961792,-2.5033950805664062e-06
resnet18_cbam,0.1,4110,0.9999897480010986,0.9999921321868896,-2.384185791015625e-06
resnet18_cbam,0.2,4110,0.9999897480010986,0.015630563721060753,0.9843591842800379
resnet18_cbam,0.05,1627,0.9977599382400513,0.9981184005737305,-0.0003584623336791992
resnet18_cbam,0.1,1627,0.9977599382400513,0.999588668346405,-0.0018287301063537598
resnet18_cbam,0.2,1627,0.9977599382400513,0.9949036836624146,0.0028562545776367188
resnet18_cbam,0.05,10935,0.9103438258171082,0.9691108465194702,-0.05876702070236206
resnet18_cbam,0.1,10935,0.9103438258171082,0.9873939752578735,-0.07705014944076538
resnet18_cbam,0.2,10935,0.9103438258171082,0.9807181358337402,-0.07037431001663208
resnet18_cbam,0.05,4606,0.9999922513961792,0.999992847442627,-5.960464477539062e-07
resnet18_cbam,0.1,4606,0.9999922513961792,0.9999955892562866,-3.337860107421875e-06
resnet18_cbam,0.2,4606,0.9999922513961792,0.8548026084899902,0.14518964290618896
resnet18_cbam,0.05,4164,0.9999852180480957,0.9999853372573853,-1.1920928955078125e-07
resnet18_cbam,0.1,4164,0.9999852180480957,0.9999880790710449,-2.86102294921875e-06
resnet18_cbam,0.2,4164,0.9999852180480957,0.9999955892562866,-1.0371208190917969e-05
resnet18_cbam,0.05,26687,0.5834575891494751,2.5580549845471978e-05,0.5834320085996296
resnet18_cbam,0.1,26687,0.5834575891494751,2.5580549845471978e-05,0.5834320085996296
resnet18_cbam,0.2,26687,0.5834575891494751,2.5580549845471978e-05,0.5834320085996296
resnet18_cbam,0.05,4169,0.9999961853027344,0.9999969005584717,-7.152557373046875e-07
resnet18_cbam,0.1,4169,0.9999961853027344,0.9999970197677612,-8.344650268554688e-07
resnet18_cbam,0.2,4169,0.9999961853027344,0.9999985694885254,-2.384185791015625e-06
resnet18_cbam,0.05,4605,0.9999988079071045,0.999998927116394,-1.1920928955078125e-07
resnet18_cbam,0.1,4605,0.9999988079071045,0.9999988079071045,0.0
resnet18_cbam,0.2,4605,0.9999988079071045,0.9999940395355225,4.76837158203125e-06
resnet18_cbam,0.05,10918,0.9991206526756287,0.9991951584815979,-7.450580596923828e-05
resnet18_cbam,0.1,10918,0.9991206526756287,0.9993632435798645,-0.00024259090423583984
resnet18_cbam,0.2,10918,0.9991206526756287,0.9999947547912598,-0.0008741021156311035
resnet18_cbam,0.05,20030,1.0,1.0,0.0
resnet18_cbam,0.1,20030,1.0,1.0,0.0
resnet18_cbam,0.2,20030,1.0,0.9999886751174927,1.1324882507324219e-05
resnet18_cbam,0.05,29752,1.0,1.0,0.0
resnet18_cbam,0.1,29752,1.0,1.0,0.0
resnet18_cbam,0.2,29752,1.0,0.9984704852104187,0.0015295147895812988
resnet18_cbam,0.05,25340,0.9999997615814209,0.9999973773956299,2.384185791015625e-06
resnet18_cbam,0.1,25340,0.9999997615814209,0.9998072981834412,0.00019246339797973633
resnet18_cbam,0.2,25340,0.9999997615814209,0.8813906311988831,0.11860913038253784
resnet18_cbam,0.05,994,0.6547829508781433,0.9999555349349976,-0.34517258405685425
resnet18_cbam,0.1,994,0.6547829508781433,0.9999994039535522,-0.34521645307540894
resnet18_cbam,0.2,994,0.6547829508781433,0.9999459981918335,-0.3451630473136902
resnet18_cbam,0.05,25590,1.0,0.9999995231628418,4.76837158203125e-07
resnet18_cbam,0.1,25590,1.0,0.9997547268867493,0.0002452731132507324
resnet18_cbam,0.2,25590,1.0,0.0018389361212030053,0.998161063878797
resnet18_cbam,0.05,19770,1.0,1.0,0.0
resnet18_cbam,0.1,19770,1.0,1.0,0.0
resnet18_cbam,0.2,19770,1.0,0.9481141567230225,0.05188584327697754
resnet18_cbam,0.05,3534,1.0,1.0,0.0
resnet18_cbam,0.1,3534,1.0,1.0,0.0
resnet18_cbam,0.2,3534,1.0,0.9970532655715942,0.0029467344284057617
resnet18_cbam,0.05,19860,0.9996994733810425,0.9999998807907104,-0.00030040740966796875
resnet18_cbam,0.1,19860,0.9996994733810425,1.0,-0.00030052661895751953
resnet18_cbam,0.2,19860,0.9996994733810425,0.9999129772186279,-0.00021350383758544922
resnet18_cbam,0.05,25599,1.0,1.0,0.0
resnet18_cbam,0.1,25599,1.0,0.9999998807907104,1.1920928955078125e-07
resnet18_cbam,0.2,25599,1.0,0.8138445019721985,0.1861554980278015
resnet18_cbam,0.05,19849,1.0,1.0,0.0
resnet18_cbam,0.1,19849,1.0,0.9964145421981812,0.0035854578018188477
resnet18_cbam,0.2,19849,1.0,0.00014608610945288092,0.9998539138905471
resnet18_cbam,0.05,25604,0.9999996423721313,0.9999487400054932,5.0902366638183594e-05
resnet18_cbam,0.1,25604,0.9999996423721313,0.6145500540733337,0.3854495882987976
resnet18_cbam,0.2,25604,0.9999996423721313,0.004076558630913496,0.9959230837412179
resnet18_cbam,0.05,3628,1.0,1.0,0.0
resnet18_cbam,0.1,3628,1.0,1.0,0.0
resnet18_cbam,0.2,3628,1.0,5.254608836935404e-08,0.9999999474539116
resnet18_cbam,0.05,24624,0.999175488948822,0.9977160692214966,0.0014594197273254395
resnet18_cbam,0.1,24624,0.999175488948822,0.9996277093887329,-0.00045222043991088867
resnet18_cbam,0.2,24624,0.999175488948822,0.004374535754323006,0.994800953194499
resnet18_cbam,0.05,19741,1.0,1.0,0.0
resnet18_cbam,0.1,19741,1.0,1.0,0.0
resnet18_cbam,0.2,19741,1.0,0.9922645092010498,0.007735490798950195
resnet18_cbam,0.05,19783,1.0,1.0,0.0
resnet18_cbam,0.1,19783,1.0,1.0,0.0
resnet18_cbam,0.2,19783,1.0,0.9997254014015198,0.0002745985984802246
resnet18_cbam,0.05,14473,0.9999997615814209,0.9971005320549011,0.0028992295265197754
resnet18_cbam,0.1,14473,0.9999997615814209,0.0015125975478440523,0.9984871640335768
resnet18_cbam,0.2,14473,0.9999997615814209,1.0068079063785262e-06,0.9999987547735145
resnet18_cbam,0.05,34331,1.0,1.0,0.0
resnet18_cbam,0.1,34331,1.0,0.9999988079071045,1.1920928955078125e-06
resnet18_cbam,0.2,34331,1.0,0.00549241853877902,0.994507581461221
resnet18_cbam,0.05,33036,1.0,1.0,0.0
resnet18_cbam,0.1,33036,1.0,1.0,0.0
resnet18_cbam,0.2,33036,1.0,0.9493078589439392,0.05069214105606079
resnet18_cbam,0.05,25277,0.9999985694885254,0.9999599456787109,3.8623809814453125e-05
resnet18_cbam,0.1,25277,0.9999985694885254,0.9763181805610657,0.023680388927459717
resnet18_cbam,0.2,25277,0.9999985694885254,0.008391921408474445,0.991606648080051
resnet18_cbam,0.05,7807,1.0,1.0,0.0
resnet18_cbam,0.1,7807,1.0,1.0,0.0
resnet18_cbam,0.2,7807,1.0,0.9867135286331177,0.013286471366882324
resnet18_cbam,0.05,25320,1.0,1.0,0.0
resnet18_cbam,0.1,25320,1.0,1.0,0.0
resnet18_cbam,0.2,25320,1.0,0.5210953950881958,0.4789046049118042
resnet18_cbam,0.05,527,1.0,1.0,0.0
resnet18_cbam,0.1,527,1.0,1.0,0.0
resnet18_cbam,0.2,527,1.0,0.9971103668212891,0.0028896331787109375
densenet121,0.05,11598,1.0,0.07432346791028976,0.9256765320897102
densenet121,0.1,11598,1.0,0.07432346791028976,0.9256765320897102
densenet121,0.2,11598,1.0,0.07432346791028976,0.9256765320897102
densenet121,0.05,8612,1.0,0.07432346791028976,0.9256765320897102
densenet121,0.1,8612,1.0,0.07432346791028976,0.9256765320897102
densenet121,0.2,8612,1.0,0.07432346791028976,0.9256765320897102
densenet121,0.05,32384,1.0,1.0,0.0
densenet121,0.1,32384,1.0,0.999998927116394,1.0728836059570312e-06
densenet121,0.2,32384,1.0,1.0,0.0
densenet121,0.05,22088,1.0,0.07432346791028976,0.9256765320897102
densenet121,0.1,22088,1.0,0.07432346791028976,0.9256765320897102
densenet121,0.2,22088,1.0,0.07432346791028976,0.9256765320897102
densenet121,0.05,1258,0.9987383484840393,0.9981564879417419,0.0005818605422973633
densenet121,0.1,1258,0.9987383484840393,0.9637736678123474,0.034964680671691895
densenet121,0.2,1258,0.9987383484840393,0.9840006828308105,0.01473766565322876
densenet121,0.05,3882,0.5285739302635193,0.017089640721678734,0.5114842895418406
densenet121,0.1,3882,0.5285739302635193,0.015063207596540451,0.5135107226669788
densenet121,0.2,3882,0.5285739302635193,0.01917297951877117,0.5094009507447481
densenet121,0.05,26021,0.923794686794281,0.9232138395309448,0.0005808472633361816
densenet121,0.1,26021,0.923794686794281,0.9353594183921814,-0.01156473159790039
densenet121,0.2,26021,0.923794686794281,0.9398918151855469,-0.01609712839126587
densenet121,0.05,28706,1.0,0.07432346791028976,0.9256765320897102
densenet121,0.1,28706,1.0,0.07432346791028976,0.9256765320897102
densenet121,0.2,28706,1.0,0.07432346791028976,0.9256765320897102
densenet121,0.05,12774,1.0,0.07432346791028976,0.9256765320897102
densenet121,0.1,12774,1.0,0.07432346791028976,0.9256765320897102
densenet121,0.2,12774,1.0,0.07432346791028976,0.9256765320897102
densenet121,0.05,20577,1.0,0.07432346791028976,0.9256765320897102
densenet121,0.1,20577,1.0,0.07432346791028976,0.9256765320897102
densenet121,0.2,20577,1.0,0.07432346791028976,0.9256765320897102
densenet121,0.05,20069,0.9999951124191284,0.07432346791028976,0.9256716445088387
densenet121,0.1,20069,0.9999951124191284,0.07432346791028976,0.9256716445088387
densenet121,0.2,20069,0.9999951124191284,0.07432346791028976,0.9256716445088387
densenet121,0.05,22989,1.0,0.07432346791028976,0.9256765320897102
densenet121,0.1,22989,1.0,0.07432346791028976,0.9256765320897102
densenet121,0.2,22989,1.0,0.07432346791028976,0.9256765320897102
densenet121,0.05,19017,0.9990766048431396,0.07432346791028976,0.9247531369328499
densenet121,0.1,19017,0.9990766048431396,0.07432346791028976,0.9247531369328499
densenet121,0.2,19017,0.9990766048431396,0.07432346791028976,0.9247531369328499
densenet121,0.05,31697,1.0,0.9999995231628418,4.76837158203125e-07
densenet121,0.1,31697,1.0,0.9999986886978149,1.3113021850585938e-06
densenet121,0.2,31697,1.0,1.0,0.0
densenet121,0.05,23363,0.9999992847442627,0.07432346791028976,0.9256758168339729
densenet121,0.1,23363,0.9999992847442627,0.07432346791028976,0.9256758168339729
densenet121,0.2,23363,0.9999992847442627,0.07432346791028976,0.9256758168339729
densenet121,0.05,18777,1.0,0.9999929666519165,7.033348083496094e-06
densenet121,0.1,18777,1.0,0.9999998807907104,1.1920928955078125e-07
densenet121,0.2,18777,1.0,0.9999713897705078,2.86102294921875e-05
densenet121,0.05,11832,0.6708180904388428,0.7048901915550232,-0.03407210111618042
densenet121,0.1,11832,0.6708180904388428,0.7833568453788757,-0.11253875494003296
densenet121,0.2,11832,0.6708180904388428,0.8599436283111572,-0.18912553787231445
densenet121,0.05,28618,0.9998595714569092,0.07432346791028976,0.9255361035466194
densenet121,0.1,28618,0.9998595714569092,0.07432346791028976,0.9255361035466194
densenet121,0.2,28618,0.9998595714569092,0.07432346791028976,0.9255361035466194
densenet121,0.05,22858,1.0,0.07432346791028976,0.9256765320897102
densenet121,0.1,22858,1.0,0.07432346791028976,0.9256765320897102
densenet121,0.2,22858,1.0,0.07432346791028976,0.9256765320897102
densenet121,0.05,511,0.9999582767486572,0.07432346791028976,0.9256348088383675
densenet121,0.1,511,0.9999582767486572,0.07432346791028976,0.9256348088383675
densenet121,0.2,511,0.9999582767486572,0.07432346791028976,0.9256348088383675
densenet121,0.05,29736,1.0,0.07432346791028976,0.9256765320897102
densenet121,0.1,29736,1.0,0.07432346791028976,0.9256765320897102
densenet121,0.2,29736,1.0,0.07432346791028976,0.9256765320897102
densenet121,0.05,33474,1.0,0.07432346791028976,0.9256765320897102
densenet121,0.1,33474,1.0,0.07432346791028976,0.9256765320897102
densenet121,0.2,33474,1.0,0.07432346791028976,0.9256765320897102
densenet121,0.05,25573,0.7067562937736511,0.7275987863540649,-0.02084249258041382
densenet121,0.1,25573,0.7067562937736511,0.8271399736404419,-0.12038367986679077
densenet121,0.2,25573,0.7067562937736511,0.8171219825744629,-0.11036568880081177
densenet121,0.05,4312,0.9996627569198608,0.9997096657752991,-4.690885543823242e-05
densenet121,0.1,4312,0.9996627569198608,0.9997555613517761,-9.28044319152832e-05
densenet121,0.2,4312,0.9996627569198608,0.9997486472129822,-8.589029312133789e-05
densenet121,0.05,24225,0.9734612703323364,0.9729728698730469,0.0004884004592895508
densenet121,0.1,24225,0.9734612703323364,0.9846523404121399,-0.011191070079803467
densenet121,0.2,24225,0.9734612703323364,0.9855707883834839,-0.012109518051147461
densenet121,0.05,5114,0.9786211252212524,0.9791427850723267,-0.0005216598510742188
densenet121,0.1,5114,0.9786211252212524,0.9876201152801514,-0.008998990058898926
densenet121,0.2,5114,0.9786211252212524,0.9924121499061584,-0.013791024684906006
densenet121,0.05,107,0.7536040544509888,0.7428978681564331,0.010706186294555664
densenet121,0.1,107,0.7536040544509888,0.8006967306137085,-0.04709267616271973
densenet121,0.2,107,0.7536040544509888,0.7916299700737,-0.03802591562271118
densenet121,0.05,10443,0.4912790358066559,0.5073577761650085,-0.01607874035835266
densenet121,0.1,10443,0.4912790358066559,0.5781939029693604,-0.08691486716270447
densenet121,0.2,10443,0.4912790358066559,0.6604312658309937,-0.16915223002433777
densenet121,0.05,5117,0.9921647310256958,0.9929042458534241,-0.0007395148277282715
densenet121,0.1,5117,0.9921647310256958,0.9931066632270813,-0.000941932201385498
densenet121,0.2,5117,0.9921647310256958,0.9936466217041016,-0.0014818906784057617
densenet121,0.05,27764,0.9804784655570984,0.9801656007766724,0.0003128647804260254
densenet121,0.1,27764,0.9804784655570984,0.9832180738449097,-0.0027396082878112793
densenet121,0.2,27764,0.9804784655570984,0.9846510887145996,-0.004172623157501221
densenet121,0.05,31588,0.7832896709442139,0.818999707698822,-0.035710036754608154
densenet121,0.1,31588,0.7832896709442139,0.8508976697921753,-0.06760799884796143
densenet121,0.2,31588,0.7832896709442139,0.8929656744003296,-0.10967600345611572
densenet121,0.05,5131,0.9921878576278687,0.9941271543502808,-0.0019392967224121094
densenet121,0.1,5131,0.9921878576278687,0.9956567287445068,-0.0034688711166381836
densenet121,0.2,5131,0.9921878576278687,0.9964712858200073,-0.004283428192138672
densenet121,0.05,1761,0.9602586030960083,0.9675320386886597,-0.007273435592651367
densenet121,0.1,1761,0.9602586030960083,0.9687983393669128,-0.008539736270904541
densenet121,0.2,1761,0.9602586030960083,0.9800460338592529,-0.01978743076324463
densenet121,0.05,34288,0.8305714726448059,0.8547181487083435,-0.024146676063537598
densenet121,0.1,34288,0.8305714726448059,0.8509079813957214,-0.020336508750915527
densenet121,0.2,34288,0.8305714726448059,0.8557546138763428,-0.025183141231536865
densenet121,0.05,26309,0.9255933165550232,0.9262175559997559,-0.000624239444732666
densenet121,0.1,26309,0.9255933165550232,0.9401233792304993,-0.014530062675476074
densenet121,0.2,26309,0.9255933165550232,0.8367006182670593,0.08889269828796387
densenet121,0.05,21752,0.9162638187408447,0.38184475898742676,0.534419059753418
densenet121,0.1,21752,0.9162638187408447,0.3717007637023926,0.5445630550384521
densenet121,0.2,21752,0.9162638187408447,0.2001262605190277,0.716137558221817
densenet121,0.05,20801,0.9800082445144653,0.9812307953834534,-0.0012225508689880371
densenet121,0.1,20801,0.9800082445144653,0.9814783334732056,-0.0014700889587402344
densenet121,0.2,20801,0.9800082445144653,0.9833404421806335,-0.003332197666168213
densenet121,0.05,17666,0.7247364521026611,0.7016462683677673,0.0230901837348938
densenet121,0.1,17666,0.7247364521026611,0.711651623249054,0.013084828853607178
densenet121,0.2,17666,0.7247364521026611,0.7879650592803955,-0.06322860717773438
densenet121,0.05,16706,0.9976921081542969,0.9983880519866943,-0.0006959438323974609
densenet121,0.1,16706,0.9976921081542969,0.9984482526779175,-0.0007561445236206055
densenet121,0.2,16706,0.9976921081542969,0.9984797835350037,-0.0007876753807067871
densenet121,0.05,6553,0.764826238155365,0.7769891619682312,-0.012162923812866211
densenet121,0.1,6553,0.764826238155365,0.8589946031570435,-0.09416836500167847
densenet121,0.2,6553,0.764826238155365,0.9493626356124878,-0.1845363974571228
densenet121,0.05,18583,0.9994451403617859,0.9995741248130798,-0.0001289844512939453
densenet121,0.1,18583,0.9994451403617859,0.9996243715286255,-0.0001792311668395996
densenet121,0.2,18583,0.9994451403617859,0.9996564388275146,-0.00021129846572875977
densenet121,0.05,20787,0.8292003870010376,0.8289995193481445,0.0002008676528930664
densenet121,0.1,20787,0.8292003870010376,0.8353720903396606,-0.006171703338623047
densenet121,0.2,20787,0.8292003870010376,0.8397018313407898,-0.010501444339752197
densenet121,0.05,33870,0.8728792667388916,0.8954766988754272,-0.022597432136535645
densenet121,0.1,33870,0.8728792667388916,0.9079638123512268,-0.035084545612335205
densenet121,0.2,33870,0.8728792667388916,0.9123435020446777,-0.03946423530578613
densenet121,0.05,19563,0.9999961853027344,0.9999961853027344,0.0
densenet121,0.1,19563,0.9999961853027344,0.9999963045120239,-1.1920928955078125e-07
densenet121,0.2,19563,0.9999961853027344,0.9999973773956299,-1.1920928955078125e-06
densenet121,0.05,2399,1.0,1.0,0.0
densenet121,0.1,2399,1.0,1.0,0.0
densenet121,0.2,2399,1.0,1.0,0.0
densenet121,0.05,4407,0.999840259552002,0.9971985816955566,0.0026416778564453125
densenet121,0.1,4407,0.999840259552002,0.9956467747688293,0.004193484783172607
densenet121,0.2,4407,0.999840259552002,0.7377884984016418,0.2620517611503601
densenet121,0.05,2272,1.0,1.0,0.0
densenet121,0.1,2272,1.0,1.0,0.0
densenet121,0.2,2272,1.0,0.9999998807907104,1.1920928955078125e-07
densenet121,0.05,2489,1.0,0.9999996423721313,3.5762786865234375e-07
densenet121,0.1,2489,1.0,0.9999972581863403,2.7418136596679688e-06
densenet121,0.2,2489,1.0,0.9999086856842041,9.131431579589844e-05
densenet121,0.05,1496,1.0,1.0,0.0
densenet121,0.1,1496,1.0,0.9999994039535522,5.960464477539062e-07
densenet121,0.2,1496,1.0,0.9999840259552002,1.5974044799804688e-05
densenet121,0.05,2232,1.0,1.0,0.0
densenet121,0.1,2232,1.0,1.0,0.0
densenet121,0.2,2232,1.0,1.0,0.0
densenet121,0.05,2415,1.0,0.9999998807907104,1.1920928955078125e-07
densenet121,0.1,2415,1.0,0.9999994039535522,5.960464477539062e-07
densenet121,0.2,2415,1.0,0.9999948740005493,5.125999450683594e-06
densenet121,0.05,2382,1.0,1.0,0.0
densenet121,0.1,2382,1.0,1.0,0.0
densenet121,0.2,2382,1.0,0.9999998807907104,1.1920928955078125e-07
densenet121,0.05,2510,1.0,0.9999979734420776,2.0265579223632812e-06
densenet121,0.1,2510,1.0,0.9999891519546509,1.0848045349121094e-05
densenet121,0.2,2510,1.0,0.999833345413208,0.0001666545867919922
densenet121,0.05,19664,1.0,0.9999998807907104,1.1920928955078125e-07
densenet121,0.1,19664,1.0,0.9999979734420776,2.0265579223632812e-06
densenet121,0.2,19664,1.0,0.9999715089797974,2.849102020263672e-05
densenet121,0.05,2740,1.0,1.0,0.0
densenet121,0.1,2740,1.0,1.0,0.0
densenet121,0.2,2740,1.0,0.9999985694885254,1.430511474609375e-06
densenet121,0.05,4872,1.0,0.9999994039535522,5.960464477539062e-07
densenet121,0.1,4872,1.0,0.9999982118606567,1.7881393432617188e-06
densenet121,0.2,4872,1.0,0.9999916553497314,8.344650268554688e-06
densenet121,0.05,4574,1.0,0.9999996423721313,3.5762786865234375e-07
densenet121,0.1,4574,1.0,0.9999991655349731,8.344650268554688e-07
densenet121,0.2,4574,1.0,0.9999921321868896,7.867813110351562e-06
densenet121,0.05,4029,1.0,1.0,0.0
densenet121,0.1,4029,1.0,1.0,0.0
densenet121,0.2,4029,1.0,1.0,0.0
densenet121,0.05,18720,0.9999998807907104,0.999993085861206,6.794929504394531e-06
densenet121,0.1,18720,0.9999998807907104,0.9999591112136841,4.076957702636719e-05
densenet121,0.2,18720,0.9999998807907104,0.9998824596405029,0.00011742115020751953
densenet121,0.05,1514,1.0,1.0,0.0
densenet121,0.1,1514,1.0,0.9999998807907104,1.1920928955078125e-07
densenet121,0.2,1514,1.0,0.9999982118606567,1.7881393432617188e-06
densenet121,0.05,1550,1.0,0.9999972581863403,2.7418136596679688e-06
densenet121,0.1,1550,1.0,0.9999713897705078,2.86102294921875e-05
densenet121,0.2,1550,1.0,0.9995378255844116,0.0004621744155883789
densenet121,0.05,4564,1.0,0.9999994039535522,5.960464477539062e-07
densenet121,0.1,4564,1.0,0.9999983310699463,1.6689300537109375e-06
densenet121,0.2,4564,1.0,0.9999891519546509,1.0848045349121094e-05
densenet121,0.05,4498,1.0,0.9999998807907104,1.1920928955078125e-07
densenet121,0.1,4498,1.0,0.9999996423721313,3.5762786865234375e-07
densenet121,0.2,4498,1.0,0.9999967813491821,3.2186508178710938e-06
densenet121,0.05,1557,1.0,0.9999992847442627,7.152557373046875e-07
densenet121,0.1,1557,1.0,0.9999943971633911,5.602836608886719e-06
densenet121,0.2,1557,1.0,0.999852180480957,0.00014781951904296875
densenet121,0.05,2195,1.0,1.0,0.0
densenet121,0.1,2195,1.0,0.9999998807907104,1.1920928955078125e-07
densenet121,0.2,2195,1.0,0.9999969005584717,3.0994415283203125e-06
densenet121,0.05,2545,1.0,0.9999998807907104,1.1920928955078125e-07
densenet121,0.1,2545,1.0,0.9999986886978149,1.3113021850585938e-06
densenet121,0.2,2545,1.0,0.9999814033508301,1.8596649169921875e-05
densenet121,0.05,12693,0.619718074798584,0.9569419622421265,-0.3372238874435425
densenet121,0.1,12693,0.619718074798584,0.9999991655349731,-0.38028109073638916
densenet121,0.2,12693,0.619718074798584,0.9289340376853943,-0.3092159628868103
densenet121,0.05,4750,0.9992908239364624,0.9992080330848694,8.279085159301758e-05
densenet121,0.1,4750,0.9992908239364624,0.9992464780807495,4.4345855712890625e-05
densenet121,0.2,4750,0.9992908239364624,0.99935382604599,-6.300210952758789e-05
densenet121,0.05,18268,0.9814718961715698,0.981684148311615,-0.00021225214004516602
densenet121,0.1,18268,0.9814718961715698,0.9809781312942505,0.0004937648773193359
densenet121,0.2,18268,0.9814718961715698,0.9823197722434998,-0.0008478760719299316
densenet121,0.05,18844,0.9507756233215332,0.9571779370307922,-0.006402313709259033
densenet121,0.1,18844,0.9507756233215332,0.958452582359314,-0.007676959037780762
densenet121,0.2,18844,0.9507756233215332,0.9625829458236694,-0.01180732250213623
densenet121,0.05,29937,0.6987393498420715,0.7001956701278687,-0.0014563202857971191
densenet121,0.1,29937,0.6987393498420715,0.7022636532783508,-0.003524303436279297
densenet121,0.2,29937,0.6987393498420715,0.7078878283500671,-0.009148478507995605
densenet121,0.05,1367,0.9396843314170837,0.9396843314170837,0.0
densenet121,0.1,1367,0.9396843314170837,0.9402839541435242,-0.0005996227264404297
densenet121,0.2,1367,0.9396843314170837,0.7668364644050598,0.17284786701202393
densenet121,0.05,26201,0.9738986492156982,0.9747858047485352,-0.0008871555328369141
densenet121,0.1,26201,0.9738986492156982,0.9760973453521729,-0.0021986961364746094
densenet121,0.2,26201,0.9738986492156982,0.9804806113243103,-0.0065819621086120605
densenet121,0.05,7843,0.8357008695602417,0.07432346791028976,0.7613774016499519
densenet121,0.1,7843,0.8357008695602417,0.07432346791028976,0.7613774016499519
densenet121,0.2,7843,0.8357008695602417,0.07432346791028976,0.7613774016499519
densenet121,0.05,25933,0.8434522151947021,0.8400782346725464,0.0033739805221557617
densenet121,0.1,25933,0.8434522151947021,0.8428038358688354,0.0006483793258666992
densenet121,0.2,25933,0.8434522151947021,0.8385196328163147,0.004932582378387451
densenet121,0.05,7777,0.9914194345474243,0.9913756251335144,4.380941390991211e-05
densenet121,0.1,7777,0.9914194345474243,0.9903539419174194,0.0010654926300048828
densenet121,0.2,7777,0.9914194345474243,0.9925506114959717,-0.0011311769485473633
densenet121,0.05,3199,0.9813724756240845,0.9813886880874634,-1.621246337890625e-05
densenet121,0.1,3199,0.9813724756240845,0.9796229004859924,0.001749575138092041
densenet121,0.2,3199,0.9813724756240845,0.9799229502677917,0.0014495253562927246
densenet121,0.05,1633,0.99998939037323,0.9999890327453613,3.5762786865234375e-07
densenet121,0.1,1633,0.99998939037323,0.9999878406524658,1.5497207641601562e-06
densenet121,0.2,1633,0.99998939037323,0.9999880790710449,1.3113021850585938e-06
densenet121,0.05,5569,0.8472137451171875,0.8348151445388794,0.012398600578308105
densenet121,0.1,5569,0.8472137451171875,0.803436815738678,0.04377692937850952
densenet121,0.2,5569,0.8472137451171875,0.6680957078933716,0.17911803722381592
densenet121,0.05,32022,0.9997383952140808,0.9997581839561462,-1.9788742065429688e-05
densenet121,0.1,32022,0.9997383952140808,0.99977046251297,-3.2067298889160156e-05
densenet121,0.2,32022,0.9997383952140808,0.999786913394928,-4.851818084716797e-05
densenet121,0.05,4352,0.9987132549285889,0.9987367987632751,-2.3543834686279297e-05
densenet121,0.1,4352,0.9987132549285889,0.9986332058906555,8.004903793334961e-05
densenet121,0.2,4352,0.9987132549285889,0.9984577894210815,0.0002554655075073242
densenet121,0.05,5398,0.9647080302238464,0.9710149765014648,-0.006306946277618408
densenet121,0.1,5398,0.9647080302238464,0.9690231680870056,-0.00431513786315918
densenet121,0.2,5398,0.9647080302238464,0.9618946313858032,0.002813398838043213
densenet121,0.05,1836,0.997818112373352,0.997818112373352,0.0
densenet121,0.1,1836,0.997818112373352,0.997818112373352,0.0
densenet121,0.2,1836,0.997818112373352,0.997818112373352,0.0
densenet121,0.05,6819,0.9236829876899719,0.9349529147148132,-0.011269927024841309
densenet121,0.1,6819,0.9236829876899719,0.9460813403129578,-0.02239835262298584
densenet121,0.2,6819,0.9236829876899719,0.9445313811302185,-0.020848393440246582
densenet121,0.05,30428,0.9940922856330872,0.9940104484558105,8.183717727661133e-05
densenet121,0.1,30428,0.9940922856330872,0.9943493008613586,-0.0002570152282714844
densenet121,0.2,30428,0.9940922856330872,0.9949790835380554,-0.0008867979049682617
densenet121,0.05,11121,0.9983944296836853,0.9984575510025024,-6.312131881713867e-05
densenet121,0.1,11121,0.9983944296836853,0.9984623193740845,-6.788969039916992e-05
densenet121,0.2,11121,0.9983944296836853,0.9984900951385498,-9.566545486450195e-05
densenet121,0.05,34333,0.48919498920440674,0.48919498920440674,0.0
densenet121,0.1,34333,0.48919498920440674,0.48919498920440674,0.0
densenet121,0.2,34333,0.48919498920440674,0.4801531732082367,0.009041815996170044
densenet121,0.05,11558,0.8542897701263428,0.8580994009971619,-0.003809630870819092
densenet121,0.1,11558,0.8542897701263428,0.8672638535499573,-0.012974083423614502
densenet121,0.2,11558,0.8542897701263428,0.8931390047073364,-0.03884923458099365
densenet121,0.05,15095,0.9741122126579285,0.9789820313453674,-0.004869818687438965
densenet121,0.1,15095,0.9741122126579285,0.9844138622283936,-0.010301649570465088
densenet121,0.2,15095,0.9741122126579285,0.9567971229553223,0.0173150897026062
densenet121,0.05,5482,0.9998651742935181,0.9997726082801819,9.256601333618164e-05
densenet121,0.1,5482,0.9998651742935181,0.9996813535690308,0.0001838207244873047
densenet121,0.2,5482,0.9998651742935181,0.999031662940979,0.0008335113525390625
densenet121,0.05,27612,0.999699592590332,0.9996955394744873,4.0531158447265625e-06
densenet121,0.1,27612,0.999699592590332,0.9997116923332214,-1.2099742889404297e-05
densenet121,0.2,27612,0.999699592590332,0.999755322933197,-5.5730342864990234e-05
densenet121,0.05,9711,0.5627565383911133,0.07432346791028976,0.4884330704808235
densenet121,0.1,9711,0.5627565383911133,0.07432346791028976,0.4884330704808235
densenet121,0.2,9711,0.5627565383911133,0.07432346791028976,0.4884330704808235
densenet121,0.05,2485,0.9970791339874268,0.997080385684967,-1.2516975402832031e-06
densenet121,0.1,2485,0.9970791339874268,0.9988775849342346,-0.0017984509468078613
densenet121,0.2,2485,0.9970791339874268,0.9988468885421753,-0.0017677545547485352
densenet121,0.05,25055,0.8944365978240967,0.8704145550727844,0.024022042751312256
densenet121,0.1,25055,0.8944365978240967,0.8611077666282654,0.0333288311958313
densenet121,0.2,25055,0.8944365978240967,0.7727059125900269,0.12173068523406982
densenet121,0.05,25226,0.9936178922653198,0.07432346791028976,0.9192944243550301
densenet121,0.1,25226,0.9936178922653198,0.07432346791028976,0.9192944243550301
densenet121,0.2,25226,0.9936178922653198,0.07432346791028976,0.9192944243550301
densenet121,0.05,2517,0.9998493194580078,0.9998503923416138,-1.0728836059570312e-06
densenet121,0.1,2517,0.9998493194580078,0.9998409748077393,8.344650268554688e-06
densenet121,0.2,2517,0.9998493194580078,0.999842643737793,6.67572021484375e-06
densenet121,0.05,3986,0.9875590205192566,0.9873381853103638,0.00022083520889282227
densenet121,0.1,3986,0.9875590205192566,0.9913792610168457,-0.0038202404975891113
densenet121,0.2,3986,0.9875590205192566,0.989966630935669,-0.0024076104164123535
densenet121,0.05,5449,0.5021597743034363,0.49958622455596924,0.002573549747467041
densenet121,0.1,5449,0.5021597743034363,0.49444544315338135,0.007714331150054932
densenet121,0.2,5449,0.5021597743034363,0.6072860956192017,-0.10512632131576538
densenet121,0.05,25650,0.9046400785446167,0.9028981328010559,0.001741945743560791
densenet121,0.1,25650,0.9046400785446167,0.9892787337303162,-0.08463865518569946
densenet121,0.2,25650,0.9046400785446167,0.9882200956344604,-0.08358001708984375
densenet121,0.05,5353,0.9999927282333374,0.9999920129776001,7.152557373046875e-07
densenet121,0.1,5353,0.9999927282333374,0.9999842643737793,8.463859558105469e-06
densenet121,0.2,5353,0.9999927282333374,0.999981164932251,1.1563301086425781e-05
densenet121,0.05,13786,0.983299195766449,0.9839440584182739,-0.0006448626518249512
densenet121,0.1,13786,0.983299195766449,0.9715057015419006,0.01179349422454834
densenet121,0.2,13786,0.983299195766449,0.9879400730133057,-0.0046408772468566895
densenet121,0.05,4322,0.9973031282424927,0.9971724152565002,0.00013071298599243164
densenet121,0.1,4322,0.9973031282424927,0.9966248273849487,0.0006783008575439453
densenet121,0.2,4322,0.9973031282424927,0.9948659539222717,0.0024371743202209473
densenet121,0.05,25639,0.6922094225883484,0.07432346791028976,0.6178859546780586
densenet121,0.1,25639,0.6922094225883484,0.07432346791028976,0.6178859546780586
densenet121,0.2,25639,0.6922094225883484,0.07432346791028976,0.6178859546780586
densenet121,0.05,25205,0.9959048628807068,0.996491014957428,-0.0005861520767211914
densenet121,0.1,25205,0.9959048628807068,0.9963725805282593,-0.00046771764755249023
densenet121,0.2,25205,0.9959048628807068,0.9972303509712219,-0.0013254880905151367
densenet121,0.05,1831,0.9999973773956299,0.9999967813491821,5.960464477539062e-07
densenet121,0.1,1831,0.9999973773956299,0.9999959468841553,1.430511474609375e-06
densenet121,0.2,1831,0.9999973773956299,0.9999954700469971,1.9073486328125e-06
densenet121,0.05,3536,0.9940974712371826,0.9939885139465332,0.00010895729064941406
densenet121,0.1,3536,0.9940974712371826,0.993756890296936,0.00034058094024658203
densenet121,0.2,3536,0.9940974712371826,0.9953761100769043,-0.0012786388397216797
densenet121,0.05,2096,0.9998373985290527,0.9998056292533875,3.17692756652832e-05
densenet121,0.1,2096,0.9998373985290527,0.9996603727340698,0.00017702579498291016
densenet121,0.2,2096,0.9998373985290527,0.9979649782180786,0.001872420310974121
densenet121,0.05,5469,0.9999676942825317,0.9999663829803467,1.3113021850585938e-06
densenet121,0.1,5469,0.9999676942825317,0.9999239444732666,4.374980926513672e-05
densenet121,0.2,5469,0.9999676942825317,0.9998766183853149,9.107589721679688e-05
densenet121,0.05,5050,0.9999758005142212,0.9999809265136719,-5.125999450683594e-06
densenet121,0.1,5050,0.9999758005142212,0.9999737739562988,2.0265579223632812e-06
densenet121,0.2,5050,0.9999758005142212,0.9999703168869019,5.4836273193359375e-06
densenet121,0.05,25655,0.993425726890564,0.9937732815742493,-0.00034755468368530273
densenet121,0.1,25655,0.993425726890564,0.9959533214569092,-0.002527594566345215
densenet121,0.2,25655,0.993425726890564,0.9968495965003967,-0.0034238696098327637
densenet121,0.05,25122,0.9999995231628418,0.9999828338623047,1.6689300537109375e-05
densenet121,0.1,25122,0.9999995231628418,0.9999217987060547,7.772445678710938e-05
densenet121,0.2,25122,0.9999995231628418,0.9967924952507019,0.0032070279121398926
densenet121,0.05,25439,0.9875684380531311,0.6531217098236084,0.3344467282295227
densenet121,0.1,25439,0.9875684380531311,9.311080066254362e-05,0.9874753272524686
densenet121,0.2,25439,0.9875684380531311,2.451010914228391e-05,0.9875439279439888
densenet121,0.05,12884,0.9995966553688049,0.9996132254600525,-1.6570091247558594e-05
densenet121,0.1,12884,0.9995966553688049,0.9996740818023682,-7.742643356323242e-05
densenet121,0.2,12884,0.9995966553688049,0.9852412343025208,0.01435542106628418
densenet121,0.05,29842,0.910561203956604,0.6626047492027283,0.24795645475387573
densenet121,0.1,29842,0.910561203956604,0.596210777759552,0.314350426197052
densenet121,0.2,29842,0.910561203956604,0.37797173857688904,0.532589465379715
densenet121,0.05,4418,0.9984458088874817,0.998128354549408,0.00031745433807373047
densenet121,0.1,4418,0.9984458088874817,0.004048422444611788,0.9943973864428699
densenet121,0.2,4418,0.9984458088874817,3.814223236986436e-05,0.9984076666551118
densenet121,0.05,3147,0.9998565912246704,0.9998799562454224,-2.3365020751953125e-05
densenet121,0.1,3147,0.9998565912246704,0.9998846054077148,-2.8014183044433594e-05
densenet121,0.2,3147,0.9998565912246704,0.9998946189880371,-3.802776336669922e-05
densenet121,0.05,10773,0.9591390490531921,0.9594419002532959,-0.00030285120010375977
densenet121,0.1,10773,0.9591390490531921,0.957038938999176,0.0021001100540161133
densenet121,0.2,10773,0.9591390490531921,0.9560290575027466,0.0031099915504455566
densenet121,0.05,12766,0.768824577331543,0.7481436133384705,0.02068096399307251
densenet121,0.1,12766,0.768824577331543,0.6821874380111694,0.08663713932037354
densenet121,0.2,12766,0.768824577331543,0.7282860279083252,0.04053854942321777
densenet121,0.05,30524,0.8209352493286133,0.8137829303741455,0.0071523189544677734
densenet121,0.1,30524,0.8209352493286133,0.7917993068695068,0.029135942459106445
densenet121,0.2,30524,0.8209352493286133,0.7498995661735535,0.07103568315505981
densenet121,0.05,1993,0.9999994039535522,0.9999995231628418,-1.1920928955078125e-07
densenet121,0.1,1993,0.9999994039535522,0.9999996423721313,-2.384185791015625e-07
densenet121,0.2,1993,0.9999994039535522,0.9999992847442627,1.1920928955078125e-07
densenet121,0.05,1632,0.9999419450759888,0.9996964931488037,0.0002454519271850586
densenet121,0.1,1632,0.9999419450759888,0.0003406059113331139,0.9996013391646557
densenet121,0.2,1632,0.9999419450759888,0.002220900496467948,0.9977210445795208
densenet121,0.05,2903,0.9999872446060181,0.9998847246170044,0.00010251998901367188
densenet121,0.1,2903,0.9999872446060181,0.9875978827476501,0.01238936185836792
densenet121,0.2,2903,0.9999872446060181,0.16853167116641998,0.8314555734395981
densenet121,0.05,4288,0.9999673366546631,0.9999037981033325,6.35385513305664e-05
densenet121,0.1,4288,0.9999673366546631,0.9428359866142273,0.05713135004043579
densenet121,0.2,4288,0.9999673366546631,1.2635324310394935e-05,0.9999547013303527
densenet121,0.05,26488,0.9988510608673096,0.9994826316833496,-0.0006315708160400391
densenet121,0.1,26488,0.9988510608673096,0.9478782415390015,0.050972819328308105
densenet121,0.2,26488,0.9988510608673096,6.706829367431055e-07,0.9988503901843728
densenet121,0.05,2127,0.9995960593223572,0.01729760877788067,0.9822984505444765
densenet121,0.1,2127,0.9995960593223572,2.7517466151039116e-05,0.9995685418562061
densenet121,0.2,2127,0.9995960593223572,1.0140724043594673e-05,0.9995859185983136
densenet121,0.05,31012,0.9999659061431885,0.9999659061431885,0.0
densenet121,0.1,31012,0.9999659061431885,0.9999746084213257,-8.702278137207031e-06
densenet121,0.2,31012,0.9999659061431885,0.9999289512634277,3.695487976074219e-05
densenet121,0.05,26627,0.9992032647132874,0.9991791844367981,2.4080276489257812e-05
densenet121,0.1,26627,0.9992032647132874,0.9994162321090698,-0.0002129673957824707
densenet121,0.2,26627,0.9992032647132874,0.0021467022597789764,0.9970565624535084
densenet121,0.05,19032,0.8122705817222595,0.6140605211257935,0.19821006059646606
densenet121,0.1,19032,0.8122705817222595,0.6093956232070923,0.20287495851516724
densenet121,0.2,19032,0.8122705817222595,0.6453617215156555,0.166908860206604
densenet121,0.05,1301,0.9928538203239441,0.9781827926635742,0.014671027660369873
densenet121,0.1,1301,0.9928538203239441,0.17263610661029816,0.8202177137136459
densenet121,0.2,1301,0.9928538203239441,0.0015719484072178602,0.9912818719167262
densenet121,0.05,21284,0.49379968643188477,0.5071225166320801,-0.013322830200195312
densenet121,0.1,21284,0.49379968643188477,0.5752037167549133,-0.08140403032302856
densenet121,0.2,21284,0.49379968643188477,0.5630824565887451,-0.06928277015686035
densenet121,0.05,2304,0.9999629259109497,0.9999423027038574,2.0623207092285156e-05
densenet121,0.1,2304,0.9999629259109497,0.9999444484710693,1.8477439880371094e-05
densenet121,0.2,2304,0.9999629259109497,0.9752466082572937,0.024716317653656006
densenet121,0.05,32350,0.9813869595527649,0.9834255576133728,-0.00203859806060791
densenet121,0.1,32350,0.9813869595527649,0.9862593412399292,-0.004872381687164307
densenet121,0.2,32350,0.9813869595527649,0.9983237385749817,-0.016936779022216797
densenet121,0.05,4090,0.9999995231628418,0.9999514818191528,4.8041343688964844e-05
densenet121,0.1,4090,0.9999995231628418,0.925054132938385,0.07494539022445679
densenet121,0.2,4090,0.9999995231628418,0.4934440553188324,0.5065554678440094
densenet121,0.05,1458,0.9993460774421692,0.999518871307373,-0.00017279386520385742
densenet121,0.1,1458,0.9993460774421692,0.9993581175804138,-1.2040138244628906e-05
densenet121,0.2,1458,0.9993460774421692,0.8707857131958008,0.1285603642463684
densenet121,0.05,9806,0.9818112254142761,0.9786511063575745,0.00316011905670166
densenet121,0.1,9806,0.9818112254142761,0.9801669716835022,0.0016442537307739258
densenet121,0.2,9806,0.9818112254142761,0.6050266623497009,0.3767845630645752
densenet121,0.05,5362,0.9999982118606567,0.9999920129776001,6.198883056640625e-06
densenet121,0.1,5362,0.9999982118606567,0.9999890327453613,9.179115295410156e-06
densenet121,0.2,5362,0.9999982118606567,0.9998855590820312,0.00011265277862548828
densenet121,0.05,20186,1.0,1.0,0.0
densenet121,0.1,20186,1.0,1.0,0.0
densenet121,0.2,20186,1.0,0.9999954700469971,4.5299530029296875e-06
densenet121,0.05,13709,0.9999690055847168,0.9999433755874634,2.562999725341797e-05
densenet121,0.1,13709,0.9999690055847168,0.9998181462287903,0.00015085935592651367
densenet121,0.2,13709,0.9999690055847168,0.9958202838897705,0.004148721694946289
densenet121,0.05,4101,0.8662642240524292,0.985601007938385,-0.11933678388595581
densenet121,0.1,4101,0.8662642240524292,0.8983011245727539,-0.03203690052032471
densenet121,0.2,4101,0.8662642240524292,0.01844193786382675,0.8478222861886024
densenet121,0.05,25601,0.8770727515220642,0.4192175269126892,0.457855224609375
densenet121,0.1,25601,0.8770727515220642,0.19720906019210815,0.679863691329956
densenet121,0.2,25601,0.8770727515220642,0.011108710430562496,0.8659640410915017
densenet121,0.05,4094,0.9999227523803711,0.9999697208404541,-4.696846008300781e-05
densenet121,0.1,4094,0.9999227523803711,0.9998570680618286,6.568431854248047e-05
densenet121,0.2,4094,0.9999227523803711,0.9974297881126404,0.002492964267730713
densenet121,0.05,25595,0.9917201995849609,0.9967073202133179,-0.004987120628356934
densenet121,0.1,25595,0.9917201995849609,0.855811357498169,0.135908842086792
densenet121,0.2,25595,0.9917201995849609,0.22997716069221497,0.761743038892746
densenet121,0.05,4100,0.9998295307159424,0.9999498128890991,-0.00012028217315673828
densenet121,0.1,4100,0.9998295307159424,0.9996576309204102,0.00017189979553222656
densenet121,0.2,4100,0.9998295307159424,0.982163667678833,0.017665863037109375
densenet121,0.05,6861,0.9946777820587158,0.9877443909645081,0.006933391094207764
densenet121,0.1,6861,0.9946777820587158,0.9808000326156616,0.0138777494430542
densenet121,0.2,6861,0.9946777820587158,0.6574243903160095,0.3372533917427063
densenet121,0.05,4593,0.9928653240203857,0.9837782382965088,0.009087085723876953
densenet121,0.1,4593,0.9928653240203857,0.859752357006073,0.13311296701431274
densenet121,0.2,4593,0.9928653240203857,0.017207395285367966,0.9756579287350178
densenet121,0.05,9904,0.7876765727996826,0.6880066394805908,0.0996699333190918
densenet121,0.1,9904,0.7876765727996826,0.2042664736509323,0.5834100991487503
densenet121,0.2,9904,0.7876765727996826,0.019301846623420715,0.7683747261762619
densenet121,0.05,9906,0.5189390182495117,0.46990227699279785,0.04903674125671387
densenet121,0.1,9906,0.5189390182495117,0.548942506313324,-0.030003488063812256
densenet121,0.2,9906,0.5189390182495117,0.7806105017662048,-0.2616714835166931
densenet121,0.05,18601,1.0,1.0,0.0
densenet121,0.1,18601,1.0,1.0,0.0
densenet121,0.2,18601,1.0,0.9999263286590576,7.367134094238281e-05
densenet121,0.05,4584,0.9999912977218628,0.9999699592590332,2.1338462829589844e-05
densenet121,0.1,4584,0.9999912977218628,0.9998170733451843,0.0001742243766784668
densenet121,0.2,4584,0.9999912977218628,0.92277592420578,0.07721537351608276
densenet121,0.05,9143,1.0,1.0,0.0
densenet121,0.1,9143,1.0,1.0,0.0
densenet121,0.2,9143,1.0,0.9999977350234985,2.2649765014648438e-06
densenet121,0.05,7916,0.9998152852058411,0.999885082244873,-6.979703903198242e-05
densenet121,0.1,7916,0.9998152852058411,0.9995532631874084,0.0002620220184326172
densenet121,0.2,7916,0.9998152852058411,0.7299109101295471,0.26990437507629395
densenet121,0.05,16545,0.7540929913520813,0.7606946229934692,-0.0066016316413879395
densenet121,0.1,16545,0.7540929913520813,0.7804902791976929,-0.026397287845611572
densenet121,0.2,16545,0.7540929913520813,0.9143276810646057,-0.16023468971252441
densenet121,0.05,3044,1.0,1.0,0.0
densenet121,0.1,3044,1.0,1.0,0.0
densenet121,0.2,3044,1.0,1.0,0.0
densenet121,0.05,2299,0.9994555115699768,0.9975144863128662,0.0019410252571105957
densenet121,0.1,2299,0.9994555115699768,0.9866546392440796,0.012800872325897217
densenet121,0.2,2299,0.9994555115699768,0.9445415139198303,0.054913997650146484
densenet121,0.05,4121,0.9999988079071045,0.9999990463256836,-2.384185791015625e-07
densenet121,0.1,4121,0.9999988079071045,0.9999988079071045,0.0
densenet121,0.2,4121,0.9999988079071045,0.9999986886978149,1.1920928955078125e-07
densenet121,0.05,4150,0.9999996423721313,0.9999996423721313,0.0
densenet121,0.1,4150,0.9999996423721313,0.9999996423721313,0.0
densenet121,0.2,4150,0.9999996423721313,0.9999972581863403,2.384185791015625e-06
densenet121,0.05,10215,0.6948189735412598,0.7346386909484863,-0.03981971740722656
densenet121,0.1,10215,0.6948189735412598,0.7154174447059631,-0.02059847116470337
densenet121,0.2,10215,0.6948189735412598,0.8796791434288025,-0.18486016988754272
densenet121,0.05,4160,0.9999995231628418,0.9999995231628418,0.0
densenet121,0.1,4160,0.9999995231628418,1.0,-4.76837158203125e-07
densenet121,0.2,4160,0.9999995231628418,0.9999998807907104,-3.5762786865234375e-07
densenet121,0.05,4109,0.9999991655349731,0.9999994039535522,-2.384185791015625e-07
densenet121,0.1,4109,0.9999991655349731,0.9999997615814209,-5.960464477539062e-07
densenet121,0.2,4109,0.9999991655349731,0.9999915361404419,7.62939453125e-06
densenet121,0.05,10845,0.7618149518966675,0.7657043933868408,-0.00388944149017334
densenet121,0.1,10845,0.7618149518966675,0.7374672293663025,0.02434772253036499
densenet121,0.2,10845,0.7618149518966675,0.5494527816772461,0.2123621702194214
densenet121,0.05,4113,0.9992541670799255,0.9992577433586121,-3.5762786865234375e-06
densenet121,0.1,4113,0.9992541670799255,0.9998670816421509,-0.0006129145622253418
densenet121,0.2,4113,0.9992541670799255,0.8296521306037903,0.16960203647613525
densenet121,0.05,4174,0.9999569654464722,0.9999593496322632,-2.384185791015625e-06
densenet121,0.1,4174,0.9999569654464722,0.9999942779541016,-3.731250762939453e-05
densenet121,0.2,4174,0.9999569654464722,0.9999818801879883,-2.491474151611328e-05
densenet121,0.05,4951,0.548443078994751,0.561913013458252,-0.013469934463500977
densenet121,0.1,4951,0.548443078994751,0.4032556414604187,0.14518743753433228
densenet121,0.2,4951,0.548443078994751,0.690005362033844,-0.14156228303909302
densenet121,0.05,4139,1.0,1.0,0.0
densenet121,0.1,4139,1.0,1.0,0.0
densenet121,0.2,4139,1.0,1.0,0.0
densenet121,0.05,4136,0.9999979734420776,0.9999982118606567,-2.384185791015625e-07
densenet121,0.1,4136,0.9999979734420776,0.9999979734420776,0.0
densenet121,0.2,4136,0.9999979734420776,0.9999978542327881,1.1920928955078125e-07
densenet121,0.05,4114,0.9999954700469971,0.9999958276748657,-3.5762786865234375e-07
densenet121,0.1,4114,0.9999954700469971,0.999996542930603,-1.0728836059570312e-06
densenet121,0.2,4114,0.9999954700469971,0.9999876022338867,7.867813110351562e-06
densenet121,0.05,4087,0.9999997615814209,0.9999997615814209,0.0
densenet121,0.1,4087,0.9999997615814209,0.9999996423721313,1.1920928955078125e-07
densenet121,0.2,4087,0.9999997615814209,0.9999979734420776,1.7881393432617188e-06
densenet121,0.05,4110,0.9999997615814209,0.9999997615814209,0.0
densenet121,0.1,4110,0.9999997615814209,0.9999997615814209,0.0
densenet121,0.2,4110,0.9999997615814209,0.9999997615814209,0.0
densenet121,0.05,1627,0.9374420046806335,0.9440067410469055,-0.006564736366271973
densenet121,0.1,1627,0.9374420046806335,0.9870093464851379,-0.049567341804504395
densenet121,0.2,1627,0.9374420046806335,0.5117801427841187,0.4256618618965149
densenet121,0.05,10935,0.9971689581871033,0.9977883100509644,-0.000619351863861084
densenet121,0.1,10935,0.9971689581871033,0.9982317090034485,-0.0010627508163452148
densenet121,0.2,10935,0.9971689581871033,0.9990630745887756,-0.0018941164016723633
densenet121,0.05,4606,0.9999990463256836,0.9999990463256836,0.0
densenet121,0.1,4606,0.9999990463256836,0.9999992847442627,-2.384185791015625e-07
densenet121,0.2,4606,0.9999990463256836,0.9999995231628418,-4.76837158203125e-07
densenet121,0.05,4164,1.0,1.0,0.0
densenet121,0.1,4164,1.0,1.0,0.0
densenet121,0.2,4164,1.0,1.0,0.0
densenet121,0.05,26687,0.4430430829524994,0.41894635558128357,0.02409672737121582
densenet121,0.1,26687,0.4430430829524994,0.3639315068721771,0.07911157608032227
densenet121,0.2,26687,0.4430430829524994,0.1373661905527115,0.3056768923997879
densenet121,0.05,4169,0.9999995231628418,0.9999996423721313,-1.1920928955078125e-07
densenet121,0.1,4169,0.9999995231628418,0.9999997615814209,-2.384185791015625e-07
densenet121,0.2,4169,0.9999995231628418,0.9999995231628418,0.0
densenet121,0.05,4605,1.0,1.0,0.0
densenet121,0.1,4605,1.0,1.0,0.0
densenet121,0.2,4605,1.0,0.9999985694885254,1.430511474609375e-06
densenet121,0.05,10918,0.9961819648742676,0.9967435002326965,-0.0005615353584289551
densenet121,0.1,10918,0.9961819648742676,0.9979414343833923,-0.0017594695091247559
densenet121,0.2,10918,0.9961819648742676,0.9992501139640808,-0.0030681490898132324
densenet121,0.05,20030,0.9975280165672302,0.9977868795394897,-0.0002588629722595215
densenet121,0.1,20030,0.9975280165672302,0.9891881346702576,0.008339881896972656
densenet121,0.2,20030,0.9975280165672302,0.9181365966796875,0.07939141988754272
densenet121,0.05,29752,1.0,1.0,0.0
densenet121,0.1,29752,1.0,1.0,0.0
densenet121,0.2,29752,1.0,0.9989948868751526,0.0010051131248474121
densenet121,0.05,25340,0.9882476925849915,0.5323062539100647,0.45594143867492676
densenet121,0.1,25340,0.9882476925849915,0.06119599938392639,0.9270516932010651
densenet121,0.2,25340,0.9882476925849915,0.0007748485077172518,0.9874728440772742
densenet121,0.05,994,0.7544001340866089,0.5249369144439697,0.22946321964263916
densenet121,0.1,994,0.7544001340866089,0.0925195962190628,0.6618805378675461
densenet121,0.2,994,0.7544001340866089,9.641655196901411e-05,0.7543037175346399
densenet121,0.05,25590,0.9997023940086365,0.9947202205657959,0.004982173442840576
densenet121,0.1,25590,0.9997023940086365,0.7626083493232727,0.23709404468536377
densenet121,0.2,25590,0.9997023940086365,0.0050059156492352486,0.9946964783594012
densenet121,0.05,19770,1.0,1.0,0.0
densenet121,0.1,19770,1.0,1.0,0.0
densenet121,0.2,19770,1.0,0.9998526573181152,0.00014734268188476562
densenet121,0.05,3534,1.0,1.0,0.0
densenet121,0.1,3534,1.0,1.0,0.0
densenet121,0.2,3534,1.0,0.9992218017578125,0.0007781982421875
densenet121,0.05,19860,0.9999867677688599,0.9998621940612793,0.0001245737075805664
densenet121,0.1,19860,0.9999867677688599,0.9873939752578735,0.012592792510986328
densenet121,0.2,19860,0.9999867677688599,0.001001626020297408,0.9989851417485625
densenet121,0.05,25599,0.9999983310699463,0.9999679327011108,3.039836883544922e-05
densenet121,0.1,25599,0.9999983310699463,0.9869961738586426,0.013002157211303711
densenet121,0.2,25599,0.9999983310699463,0.0028186868876218796,0.9971796441823244
densenet121,0.05,19849,0.9999994039535522,0.999997615814209,1.7881393432617188e-06
densenet121,0.1,19849,0.9999994039535522,0.9984800219535828,0.0015193819999694824
densenet121,0.2,19849,0.9999994039535522,0.0016055683372542262,0.998393835616298
densenet121,0.05,25604,0.9999334812164307,0.9953141212463379,0.0046193599700927734
densenet121,0.1,25604,0.9999334812164307,0.975592315196991,0.024341166019439697
densenet121,0.2,25604,0.9999334812164307,0.21392861008644104,0.7860048711299896
densenet121,0.05,3628,1.0,0.9999995231628418,4.76837158203125e-07
densenet121,0.1,3628,1.0,0.9999904632568359,9.5367431640625e-06
densenet121,0.2,3628,1.0,0.0973830595612526,0.9026169404387474
densenet121,0.05,24624,0.9996410608291626,0.9922715425491333,0.007369518280029297
densenet121,0.1,24624,0.9996410608291626,0.703579306602478,0.29606175422668457
densenet121,0.2,24624,0.9996410608291626,0.00014027483121026307,0.9995007859979523
densenet121,0.05,19741,1.0,1.0,0.0
densenet121,0.1,19741,1.0,1.0,0.0
densenet121,0.2,19741,1.0,0.9999898672103882,1.0132789611816406e-05
densenet121,0.05,19783,1.0,1.0,0.0
densenet121,0.1,19783,1.0,0.9999995231628418,4.76837158203125e-07
densenet121,0.2,19783,1.0,0.18683931231498718,0.8131606876850128
densenet121,0.05,14473,0.9991506338119507,0.9721800088882446,0.026970624923706055
densenet121,0.1,14473,0.9991506338119507,0.09984127432107925,0.8993093594908714
densenet121,0.2,14473,0.9991506338119507,5.513965879799798e-05,0.9990954941531527
densenet121,0.05,34331,0.9999998807907104,0.9999986886978149,1.1920928955078125e-06
densenet121,0.1,34331,0.9999998807907104,0.999982476234436,1.7404556274414062e-05
densenet121,0.2,34331,0.9999998807907104,0.22350159287452698,0.7764982879161835
densenet121,0.05,33036,0.9999929666519165,0.9986190795898438,0.001373887062072754
densenet121,0.1,33036,0.9999929666519165,0.8875158429145813,0.1124771237373352
densenet121,0.2,33036,0.9999929666519165,0.023181119933724403,0.9768118467181921
densenet121,0.05,25277,0.9955991506576538,0.2763361632823944,0.7192629873752594
densenet121,0.1,25277,0.9955991506576538,0.00035153800854459405,0.9952476126491092
densenet121,0.2,25277,0.9955991506576538,3.2166988148674136e-06,0.9955959339588389
densenet121,0.05,7807,1.0,1.0,0.0
densenet121,0.1,7807,1.0,1.0,0.0
densenet121,0.2,7807,1.0,0.9977013468742371,0.0022986531257629395
densenet121,0.05,25320,1.0,0.9999992847442627,7.152557373046875e-07
densenet121,0.1,25320,1.0,0.9999061822891235,9.381771087646484e-05
densenet121,0.2,25320,1.0,0.10969509184360504,0.890304908156395
densenet121,0.05,527,1.0,1.0,0.0
densenet121,0.1,527,1.0,1.0,0.0
densenet121,0.2,527,1.0,0.9994152784347534,0.000584721565246582
vit_tiny,0.05,11598,0.9930979609489441,0.9916925430297852,0.0014054179191589355
vit_tiny,0.1,11598,0.9930979609489441,0.9827433824539185,0.010354578495025635
vit_tiny,0.2,11598,0.9930979609489441,0.9079536199569702,0.08514434099197388
vit_tiny,0.05,8612,0.8398005366325378,0.9678006768226624,-0.1280001401901245
vit_tiny,0.1,8612,0.8398005366325378,0.9870719313621521,-0.14727139472961426
vit_tiny,0.2,8612,0.8398005366325378,0.9573825597763062,-0.11758202314376831
vit_tiny,0.05,32384,0.9864972233772278,0.9919419288635254,-0.005444705486297607
vit_tiny,0.1,32384,0.9864972233772278,0.9838666915893555,0.0026305317878723145
vit_tiny,0.2,32384,0.9864972233772278,0.9821522831916809,0.004344940185546875
vit_tiny,0.05,22088,0.9843929409980774,0.9930077791213989,-0.008614838123321533
vit_tiny,0.1,22088,0.9843929409980774,0.9922257661819458,-0.007832825183868408
vit_tiny,0.2,22088,0.9843929409980774,0.9839882254600525,0.00040471553802490234
vit_tiny,0.05,1258,0.9038341641426086,0.9938888549804688,-0.09005469083786011
vit_tiny,0.1,1258,0.9038341641426086,0.9940821528434753,-0.0902479887008667
vit_tiny,0.2,1258,0.9038341641426086,0.9824292659759521,-0.0785951018333435
vit_tiny,0.05,3882,0.8627156615257263,0.1302073746919632,0.7325082868337631
vit_tiny,0.1,3882,0.8627156615257263,0.0010082159424200654,0.8617074455833063
vit_tiny,0.2,3882,0.8627156615257263,0.0006825332529842854,0.862033128272742
vit_tiny,0.05,26021,0.834991455078125,0.03345583379268646,0.8015356212854385
vit_tiny,0.1,26021,0.834991455078125,0.003295931499451399,0.8316955235786736
vit_tiny,0.2,26021,0.834991455078125,0.0029817374888807535,0.8320097175892442
vit_tiny,0.05,28706,0.9921478629112244,0.9885798096656799,0.0035680532455444336
vit_tiny,0.1,28706,0.9921478629112244,0.7299800515174866,0.2621678113937378
vit_tiny,0.2,28706,0.9921478629112244,0.2955456078052521,0.6966022551059723
vit_tiny,0.05,12774,0.9546831250190735,0.9908539056777954,-0.036170780658721924
vit_tiny,0.1,12774,0.9546831250190735,0.9906002283096313,-0.03591710329055786
vit_tiny,0.2,12774,0.9546831250190735,0.9903101325035095,-0.035627007484436035
vit_tiny,0.05,20577,0.9724181294441223,0.9917814135551453,-0.01936328411102295
vit_tiny,0.1,20577,0.9724181294441223,0.9928860068321228,-0.02046787738800049
vit_tiny,0.2,20577,0.9724181294441223,0.99234938621521,-0.019931256771087646
vit_tiny,0.05,20069,0.9564809799194336,0.9920052886009216,-0.03552430868148804
vit_tiny,0.1,20069,0.9564809799194336,0.9931498169898987,-0.03666883707046509
vit_tiny,0.2,20069,0.9564809799194336,0.8852882385253906,0.07119274139404297
vit_tiny,0.05,22989,0.9896026253700256,0.9902101755142212,-0.0006075501441955566
vit_tiny,0.1,22989,0.9896026253700256,0.9868823885917664,0.0027202367782592773
vit_tiny,0.2,22989,0.9896026253700256,0.9538953304290771,0.035707294940948486
vit_tiny,0.05,19017,0.8288257122039795,0.9834016561508179,-0.15457594394683838
vit_tiny,0.1,19017,0.8288257122039795,0.9931864738464355,-0.16436076164245605
vit_tiny,0.2,19017,0.8288257122039795,0.9933155179023743,-0.16448980569839478
vit_tiny,0.05,31697,0.9942991733551025,0.9759021401405334,0.018397033214569092
vit_tiny,0.1,31697,0.9942991733551025,0.9815238118171692,0.01277536153793335
vit_tiny,0.2,31697,0.9942991733551025,0.9812203645706177,0.013078808784484863
vit_tiny,0.05,23363,0.9937180280685425,0.9926153421401978,0.0011026859283447266
vit_tiny,0.1,23363,0.9937180280685425,0.9908526539802551,0.0028653740882873535
vit_tiny,0.2,23363,0.9937180280685425,0.9768324494361877,0.016885578632354736
vit_tiny,0.05,18777,0.9788231253623962,0.9907699227333069,-0.011946797370910645
vit_tiny,0.1,18777,0.9788231253623962,0.9886007905006409,-0.009777665138244629
vit_tiny,0.2,18777,0.9788231253623962,0.9909605383872986,-0.012137413024902344
vit_tiny,0.05,11832,0.8994876146316528,0.9865286350250244,-0.08704102039337158
vit_tiny,0.1,11832,0.8994876146316528,0.9824902415275574,-0.08300262689590454
vit_tiny,0.2,11832,0.8994876146316528,0.9825277924537659,-0.08304017782211304
vit_tiny,0.05,28618,0.9683015942573547,0.9873585104942322,-0.01905691623687744
vit_tiny,0.1,28618,0.9683015942573547,0.9862307906150818,-0.01792919635772705
vit_tiny,0.2,28618,0.9683015942573547,0.9752115607261658,-0.006909966468811035
vit_tiny,0.05,22858,0.9939603805541992,0.990132212638855,0.0038281679153442383
vit_tiny,0.1,22858,0.9939603805541992,0.9904505610466003,0.003509819507598877
vit_tiny,0.2,22858,0.9939603805541992,0.9919602274894714,0.002000153064727783
vit_tiny,0.05,511,0.36223503947257996,0.002517421031370759,0.3597176184412092
vit_tiny,0.1,511,0.36223503947257996,0.0022728785406798124,0.35996216093190014
vit_tiny,0.2,511,0.36223503947257996,0.0014292672276496887,0.36080577224493027
vit_tiny,0.05,29736,0.9871354699134827,0.9863063097000122,0.000829160213470459
vit_tiny,0.1,29736,0.9871354699134827,0.9655240178108215,0.021611452102661133
vit_tiny,0.2,29736,0.9871354699134827,0.9623929858207703,0.024742484092712402
vit_tiny,0.05,33474,0.9915717840194702,0.990497887134552,0.0010738968849182129
vit_tiny,0.1,33474,0.9915717840194702,0.9866085052490234,0.004963278770446777
vit_tiny,0.2,33474,0.9915717840194702,0.9814571142196655,0.010114669799804688
vit_tiny,0.05,25573,0.6450256109237671,0.9927419424057007,-0.3477163314819336
vit_tiny,0.1,25573,0.6450256109237671,0.9926947355270386,-0.3476691246032715
vit_tiny,0.2,25573,0.6450256109237671,0.9922114610671997,-0.3471858501434326
vit_tiny,0.05,4312,0.9957846999168396,0.5598726868629456,0.43591201305389404
vit_tiny,0.1,4312,0.9957846999168396,0.0019564591348171234,0.9938282407820225
vit_tiny,0.2,4312,0.9957846999168396,0.0008740989724174142,0.9949106009444222
vit_tiny,0.05,24225,0.9830712676048279,0.0004247173201292753,0.9826465502846986
vit_tiny,0.1,24225,0.9830712676048279,0.0005223771440796554,0.9825488904607482
vit_tiny,0.2,24225,0.9830712676048279,0.0005976429674774408,0.9824736246373504
vit_tiny,0.05,5114,0.8420689702033997,0.037900201976299286,0.8041687682271004
vit_tiny,0.1,5114,0.8420689702033997,0.002114413771778345,0.8399545564316213
vit_tiny,0.2,5114,0.8420689702033997,0.0016933279111981392,0.8403756422922015
vit_tiny,0.05,107,0.8865002393722534,0.9831832647323608,-0.09668302536010742
vit_tiny,0.1,107,0.8865002393722534,0.9923115372657776,-0.10581129789352417
vit_tiny,0.2,107,0.8865002393722534,0.9940299987792969,-0.10752975940704346
vit_tiny,0.05,10443,0.9313636422157288,0.1422867625951767,0.7890768796205521
vit_tiny,0.1,10443,0.9313636422157288,0.010634453035891056,0.9207291891798377
vit_tiny,0.2,10443,0.9313636422157288,0.004585735499858856,0.9267779067158699
vit_tiny,0.05,5117,0.957023561000824,0.0022336174733936787,0.9547899435274303
vit_tiny,0.1,5117,0.957023561000824,0.0011075001675635576,0.9559160608332604
vit_tiny,0.2,5117,0.957023561000824,0.000520376197528094,0.9565031848032959
vit_tiny,0.05,27764,0.8816335797309875,0.0011510771000757813,0.8804825026309118
vit_tiny,0.1,27764,0.8816335797309875,0.0007430732366628945,0.8808905064943247
vit_tiny,0.2,27764,0.8816335797309875,0.001014406094327569,0.88061917363666
vit_tiny,0.05,31588,0.9148386120796204,0.010585119016468525,0.9042534930631518
vit_tiny,0.1,31588,0.9148386120796204,0.0019339864375069737,0.9129046256421134
vit_tiny,0.2,31588,0.9148386120796204,0.001833661342971027,0.9130049507366493
vit_tiny,0.05,5131,0.9738911986351013,0.060959555208683014,0.9129316434264183
vit_tiny,0.1,5131,0.9738911986351013,0.001665116986259818,0.9722260816488415
vit_tiny,0.2,5131,0.9738911986351013,0.0001362108305329457,0.9737549878045684
vit_tiny,0.05,1761,0.9378565549850464,0.001308805774897337,0.936547749210149
vit_tiny,0.1,1761,0.9378565549850464,0.0006852740771137178,0.9371712809079327
vit_tiny,0.2,1761,0.9378565549850464,0.0009271698072552681,0.9369293851777911
vit_tiny,0.05,34288,0.8650263547897339,0.8260549902915955,0.03897136449813843
vit_tiny,0.1,34288,0.8650263547897339,0.18271616101264954,0.6823101937770844
vit_tiny,0.2,34288,0.8650263547897339,0.04831733554601669,0.8167090192437172
vit_tiny,0.05,26309,0.5015869140625,0.001298251561820507,0.5002886625006795
vit_tiny,0.1,26309,0.5015869140625,0.0004385213542263955,0.5011483927082736
vit_tiny,0.2,26309,0.5015869140625,0.000976341892965138,0.5006105721695349
vit_tiny,0.05,21752,0.9962987303733826,0.3493013381958008,0.6469973921775818
vit_tiny,0.1,21752,0.9962987303733826,0.011882239952683449,0.9844164904206991
vit_tiny,0.2,21752,0.9962987303733826,0.001174877630546689,0.9951238527428359
vit_tiny,0.05,20801,0.9941739439964294,0.8301644921302795,0.1640094518661499
vit_tiny,0.1,20801,0.9941739439964294,0.14662006497383118,0.8475538790225983
vit_tiny,0.2,20801,0.9941739439964294,0.016737990081310272,0.9774359539151192
vit_tiny,0.05,17666,0.511776864528656,0.9572385549545288,-0.4454616904258728
vit_tiny,0.1,17666,0.511776864528656,0.9628278613090515,-0.4510509967803955
vit_tiny,0.2,17666,0.511776864528656,0.974644124507904,-0.46286725997924805
vit_tiny,0.05,16706,0.9727317690849304,0.002388875698670745,0.9703428933862597
vit_tiny,0.1,16706,0.9727317690849304,0.0029340635519474745,0.969797705532983
vit_tiny,0.2,16706,0.9727317690849304,0.0034673314075917006,0.9692644376773387
vit_tiny,0.05,6553,0.9664673209190369,0.4736402928829193,0.49282702803611755
vit_tiny,0.1,6553,0.9664673209190369,0.8364927172660828,0.1299746036529541
vit_tiny,0.2,6553,0.9664673209190369,0.005997989792376757,0.9604693311266601
vit_tiny,0.05,18583,0.9865860939025879,0.002325549954548478,0.9842605439480394
vit_tiny,0.1,18583,0.9865860939025879,0.0014409162104129791,0.9851451776921749
vit_tiny,0.2,18583,0.9865860939025879,0.0008156130206771195,0.9857704808819108
vit_tiny,0.05,20787,0.9815743565559387,0.01320652849972248,0.9683678280562162
vit_tiny,0.1,20787,0.9815743565559387,0.01176483929157257,0.9698095172643661
vit_tiny,0.2,20787,0.9815743565559387,0.044416870921850204,0.9371574856340885
vit_tiny,0.05,33870,0.9667333364486694,0.9932589530944824,-0.02652561664581299
vit_tiny,0.1,33870,0.9667333364486694,0.9900224804878235,-0.023289144039154053
vit_tiny,0.2,33870,0.9667333364486694,0.9511595368385315,0.01557379961013794
vit_tiny,0.05,19563,0.9959580302238464,0.9958435893058777,0.00011444091796875
vit_tiny,0.1,19563,0.9959580302238464,0.9953621029853821,0.0005959272384643555
vit_tiny,0.2,19563,0.9959580302238464,0.9347591400146484,0.061198890209198
vit_tiny,0.05,2399,0.9997394680976868,0.9994685053825378,0.0002709627151489258
vit_tiny,0.1,2399,0.9997394680976868,0.6687053442001343,0.3310341238975525
vit_tiny,0.2,2399,0.9997394680976868,0.00012231178698129952,0.9996171563107055
vit_tiny,0.05,4407,0.9989404082298279,0.8964305520057678,0.10250985622406006
vit_tiny,0.1,4407,0.9989404082298279,0.00652197003364563,0.9924184381961823
vit_tiny,0.2,4407,0.9989404082298279,0.00012630199489649385,0.9988141062349314
vit_tiny,0.05,2272,0.9997103810310364,0.9992197751998901,0.0004906058311462402
vit_tiny,0.1,2272,0.9997103810310364,0.8477143049240112,0.15199607610702515
vit_tiny,0.2,2272,0.9997103810310364,0.0017166411271318793,0.9979937399039045
vit_tiny,0.05,2489,0.999721109867096,0.8630284667015076,0.13669264316558838
vit_tiny,0.1,2489,0.999721109867096,0.0008062618435360491,0.9989148480235599
vit_tiny,0.2,2489,0.999721109867096,0.00011360579810570925,0.9996075040689902
vit_tiny,0.05,1496,0.9996944665908813,0.9994596838951111,0.00023478269577026367
vit_tiny,0.1,1496,0.9996944665908813,0.02176893875002861,0.9779255278408527
vit_tiny,0.2,1496,0.9996944665908813,6.517182919196784e-05,0.9996292947616894
vit_tiny,0.05,2232,0.9997017979621887,0.9990992546081543,0.0006025433540344238
vit_tiny,0.1,2232,0.9997017979621887,0.4126974940299988,0.5870043039321899
vit_tiny,0.2,2232,0.9997017979621887,0.00015341486141551286,0.9995483831007732
vit_tiny,0.05,2415,0.999679684638977,0.9959622025489807,0.003717482089996338
vit_tiny,0.1,2415,0.999679684638977,0.012442122213542461,0.9872375624254346
vit_tiny,0.2,2415,0.999679684638977,0.00015091504610609263,0.999528769592871
vit_tiny,0.05,2382,0.9997530579566956,0.9994839429855347,0.00026911497116088867
vit_tiny,0.1,2382,0.9997530579566956,0.136655792593956,0.8630972653627396
vit_tiny,0.2,2382,0.9997530579566956,9.238645725417882e-05,0.9996606714994414
vit_tiny,0.05,2510,0.9996877908706665,0.3549078702926636,0.6447799205780029
vit_tiny,0.1,2510,0.9996877908706665,0.0010652414057403803,0.9986225494649261
vit_tiny,0.2,2510,0.9996877908706665,9.341602708445862e-05,0.999594374843582
vit_tiny,0.05,19664,0.9997377991676331,0.9746838808059692,0.02505391836166382
vit_tiny,0.1,19664,0.9997377991676331,0.013424000702798367,0.9863137984648347
vit_tiny,0.2,19664,0.9997377991676331,8.936404628911987e-05,0.9996484351213439
vit_tiny,0.05,2740,0.9997430443763733,0.990304172039032,0.009438872337341309
vit_tiny,0.1,2740,0.9997430443763733,0.32891228795051575,0.6708307564258575
vit_tiny,0.2,2740,0.9997430443763733,0.0001803123450372368,0.999562732031336
vit_tiny,0.05,4872,0.9997305274009705,0.9966687560081482,0.0030617713928222656
vit_tiny,0.1,4872,0.9997305274009705,0.012918024323880672,0.9868125030770898
vit_tiny,0.2,4872,0.9997305274009705,6.412011862266809e-05,0.9996664072823478
vit_tiny,0.05,4574,0.9997342228889465,0.9169642329216003,0.08276998996734619
vit_tiny,0.1,4574,0.9997342228889465,0.0730128288269043,0.9267213940620422
vit_tiny,0.2,4574,0.9997342228889465,5.1234990678494796e-05,0.999682987898268
vit_tiny,0.05,4029,0.9997531771659851,0.997546374797821,0.0022068023681640625
vit_tiny,0.1,4029,0.9997531771659851,0.02686931937932968,0.9728838577866554
vit_tiny,0.2,4029,0.9997531771659851,0.00031893199775367975,0.9994342451682314
vit_tiny,0.05,18720,0.9995604157447815,0.996131420135498,0.0034289956092834473
vit_tiny,0.1,18720,0.9995604157447815,0.9589825868606567,0.040577828884124756
vit_tiny,0.2,18720,0.9995604157447815,0.00480281887575984,0.9947575968690217
vit_tiny,0.05,1514,0.9997429251670837,0.9981279969215393,0.0016149282455444336
vit_tiny,0.1,1514,0.9997429251670837,0.005399089772254229,0.9943438353948295
vit_tiny,0.2,1514,0.9997429251670837,8.008898294065148e-05,0.9996628361841431
vit_tiny,0.05,1550,0.9997395873069763,0.9640955328941345,0.0356440544128418
vit_tiny,0.1,1550,0.9997395873069763,0.0040336293168365955,0.9957059579901397
vit_tiny,0.2,1550,0.9997395873069763,0.00010131286398973316,0.9996382744429866
vit_tiny,0.05,4564,0.9997368454933167,0.9994136095046997,0.00032323598861694336
vit_tiny,0.1,4564,0.9997368454933167,0.7658924460411072,0.23384439945220947
vit_tiny,0.2,4564,0.9997368454933167,0.001104565802961588,0.9986322796903551
vit_tiny,0.05,4498,0.9997281432151794,0.9821855425834656,0.017542600631713867
vit_tiny,0.1,4498,0.9997281432151794,0.6349447965621948,0.3647833466529846
vit_tiny,0.2,4498,0.9997281432151794,0.00021335847850423306,0.9995147847366752
vit_tiny,0.05,1557,0.9997419714927673,0.9990096092224121,0.0007323622703552246
vit_tiny,0.1,1557,0.9997419714927673,0.284397155046463,0.7153448164463043
vit_tiny,0.2,1557,0.9997419714927673,0.00010863267380045727,0.9996333388189669
vit_tiny,0.05,2195,0.9997356534004211,0.9982165694236755,0.0015190839767456055
vit_tiny,0.1,2195,0.9997356534004211,0.0025091192219406366,0.9972265341784805
vit_tiny,0.2,2195,0.9997356534004211,0.00015825343143660575,0.9995773999689845
vit_tiny,0.05,2545,0.9997360110282898,0.9995917677879333,0.0001442432403564453
vit_tiny,0.1,2545,0.9997360110282898,0.3644156754016876,0.6353203356266022
vit_tiny,0.2,2545,0.9997360110282898,7.688329787924886e-05,0.9996591277304105
vit_tiny,0.05,12693,0.9351012110710144,0.9887902736663818,-0.05368906259536743
vit_tiny,0.1,12693,0.9351012110710144,0.9908207058906555,-0.05571949481964111
vit_tiny,0.2,12693,0.9351012110710144,0.9587444067001343,-0.023643195629119873
vit_tiny,0.05,4750,0.9876412749290466,0.0065428330563008785,0.9810984418727458
vit_tiny,0.1,4750,0.9876412749290466,0.009348096325993538,0.9782931786030531
vit_tiny,0.2,4750,0.9876412749290466,0.0126741798594594,0.9749670950695872
vit_tiny,0.05,18268,0.6278244256973267,0.004287895280867815,0.6235365304164588
vit_tiny,0.1,18268,0.6278244256973267,0.0030102182645350695,0.6248142074327916
vit_tiny,0.2,18268,0.6278244256973267,0.0021264662500470877,0.6256979594472796
vit_tiny,0.05,18844,0.6555572748184204,0.0018849102780222893,0.6536723645403981
vit_tiny,0.1,18844,0.6555572748184204,0.0012617066968232393,0.6542955681215972
vit_tiny,0.2,18844,0.6555572748184204,0.0015569009119644761,0.6540003739064559
vit_tiny,0.05,29937,0.8299423456192017,0.017195837572216988,0.8127465080469847
vit_tiny,0.1,29937,0.8299423456192017,0.0015351398615166545,0.828407205757685
vit_tiny,0.2,29937,0.8299423456192017,0.0016495098825544119,0.8282928357366472
vit_tiny,0.05,1367,0.9950320720672607,0.07156430929899216,0.9234677627682686
vit_tiny,0.1,1367,0.9950320720672607,0.0681656152009964,0.9268664568662643
vit_tiny,0.2,1367,0.9950320720672607,0.021479308605194092,0.9735527634620667
vit_tiny,0.05,26201,0.540797233581543,0.048303037881851196,0.4924941956996918
vit_tiny,0.1,26201,0.540797233581543,0.0705639123916626,0.47023332118988037
vit_tiny,0.2,26201,0.540797233581543,0.004248756915330887,0.5365484766662121
vit_tiny,0.05,7843,0.5726983547210693,0.001798956305719912,0.5708993984153494
vit_tiny,0.1,7843,0.5726983547210693,0.006228392478078604,0.5664699622429907
vit_tiny,0.2,7843,0.5726983547210693,0.0027957004494965076,0.5699026542715728
vit_tiny,0.05,25933,0.9302829504013062,0.9917781352996826,-0.061495184898376465
vit_tiny,0.1,25933,0.9302829504013062,0.9904245734214783,-0.06014162302017212
vit_tiny,0.2,25933,0.9302829504013062,0.985577404499054,-0.0552944540977478
vit_tiny,0.05,7777,0.9689434766769409,0.021265214309096336,0.9476782623678446
vit_tiny,0.1,7777,0.9689434766769409,0.0029356004670262337,0.9660078762099147
vit_tiny,0.2,7777,0.9689434766769409,0.0023591856006532907,0.9665842910762876
vit_tiny,0.05,3199,0.9770797491073608,0.006039060652256012,0.9710406884551048
vit_tiny,0.1,3199,0.9770797491073608,0.004399878904223442,0.9726798702031374
vit_tiny,0.2,3199,0.9770797491073608,0.005513985175639391,0.9715657639317214
vit_tiny,0.05,1633,0.9952380657196045,0.009421642869710922,0.9858164228498936
vit_tiny,0.1,1633,0.9952380657196045,0.007493106182664633,0.9877449595369399
vit_tiny,0.2,1633,0.9952380657196045,0.012177749536931515,0.983060316182673
vit_tiny,0.05,5569,0.9047134518623352,0.00018040330905932933,0.9045330485532759
vit_tiny,0.1,5569,0.9047134518623352,6.915360427228734e-05,0.9046442982580629
vit_tiny,0.2,5569,0.9047134518623352,7.171704055508599e-05,0.9046417348217801
vit_tiny,0.05,32022,0.9925740957260132,0.018063528463244438,0.9745105672627687
vit_tiny,0.1,32022,0.9925740957260132,0.003891545347869396,0.9886825503781438
vit_tiny,0.2,32022,0.9925740957260132,0.0026118543464690447,0.9899622413795441
vit_tiny,0.05,4352,0.9300723671913147,0.34464722871780396,0.5854251384735107
vit_tiny,0.1,4352,0.9300723671913147,0.8459857106208801,0.08408665657043457
vit_tiny,0.2,4352,0.9300723671913147,0.682049572467804,0.24802279472351074
vit_tiny,0.05,5398,0.9536538124084473,0.018120568245649338,0.9355332441627979
vit_tiny,0.1,5398,0.9536538124084473,0.009505911730229855,0.9441479006782174
vit_tiny,0.2,5398,0.9536538124084473,0.001967916265130043,0.9516858961433172
vit_tiny,0.05,1836,0.43784090876579285,0.1320517361164093,0.30578917264938354
vit_tiny,0.1,1836,0.43784090876579285,0.1320517361164093,0.30578917264938354
vit_tiny,0.2,1836,0.43784090876579285,0.1320517361164093,0.30578917264938354
vit_tiny,0.05,6819,0.6337155699729919,0.01817009039223194,0.61554547958076
vit_tiny,0.1,6819,0.6337155699729919,0.00634568789973855,0.6273698820732534
vit_tiny,0.2,6819,0.6337155699729919,0.003602174809202552,0.6301133951637894
vit_tiny,0.05,30428,0.43642058968544006,0.008050607517361641,0.4283699821680784
vit_tiny,0.1,30428,0.43642058968544006,0.012607190757989883,0.4238133989274502
vit_tiny,0.2,30428,0.43642058968544006,0.013255303725600243,0.4231652859598398
vit_tiny,0.05,11121,0.7089750170707703,0.0017065744614228606,0.7072684426093474
vit_tiny,0.1,11121,0.7089750170707703,0.0021084300242364407,0.7068665870465338
vit_tiny,0.2,11121,0.7089750170707703,0.00265794456936419,0.7063170725014061
vit_tiny,0.05,34333,0.9800114631652832,0.06539502739906311,0.9146164357662201
vit_tiny,0.1,34333,0.9800114631652832,0.008934512734413147,0.9710769504308701
vit_tiny,0.2,34333,0.9800114631652832,0.020054655149579048,0.9599568080157042
vit_tiny,0.05,11558,0.8109508752822876,0.0007235902012325823,0.810227285081055
vit_tiny,0.1,11558,0.8109508752822876,0.00030392251210287213,0.8106469527701847
vit_tiny,0.2,11558,0.8109508752822876,0.00036142044700682163,0.8105894548352808
vit_tiny,0.05,15095,0.9922594428062439,8.141303987940773e-05,0.9921780297663645
vit_tiny,0.1,15095,0.9922594428062439,7.761819870211184e-05,0.9921818246075418
vit_tiny,0.2,15095,0.9922594428062439,0.00011220609303563833,0.9921472367132083
vit_tiny,0.05,5482,0.9990204572677612,0.00011846421693917364,0.9989019930508221
vit_tiny,0.1,5482,0.9990204572677612,5.565714309341274e-05,0.9989648001246678
vit_tiny,0.2,5482,0.9990204572677612,7.331380766117945e-05,0.9989471434601
vit_tiny,0.05,27612,0.9800474047660828,0.0005076024099253118,0.9795398023561575
vit_tiny,0.1,27612,0.9800474047660828,0.0004758499562740326,0.9795715548098087
vit_tiny,0.2,27612,0.9800474047660828,0.0002718024770729244,0.9797756022890098
vit_tiny,0.05,9711,0.8675136566162109,4.129469016334042e-05,0.8674723619260476
vit_tiny,0.1,9711,0.8675136566162109,8.487412560498342e-05,0.867428782490606
vit_tiny,0.2,9711,0.8675136566162109,0.00010833756095962599,0.8674053190552513
vit_tiny,0.05,2485,0.974327027797699,0.000499669520650059,0.9738273582770489
vit_tiny,0.1,2485,0.974327027797699,0.00036984056350775063,0.9739571872341912
vit_tiny,0.2,2485,0.974327027797699,0.0004137227369938046,0.9739133050607052
vit_tiny,0.05,25055,0.9077048301696777,0.9925253391265869,-0.08482050895690918
vit_tiny,0.1,25055,0.9077048301696777,0.9926052093505859,-0.0849003791809082
vit_tiny,0.2,25055,0.9077048301696777,0.9920479655265808,-0.08434313535690308
vit_tiny,0.05,25226,0.8457183837890625,0.9925196170806885,-0.14680123329162598
vit_tiny,0.1,25226,0.8457183837890625,0.9927224516868591,-0.14700406789779663
vit_tiny,0.2,25226,0.8457183837890625,0.9915094375610352,-0.14579105377197266
vit_tiny,0.05,2517,0.9907398223876953,0.0003550972614903003,0.990384725126205
vit_tiny,0.1,2517,0.9907398223876953,0.00027835072251036763,0.990461471665185
vit_tiny,0.2,2517,0.9907398223876953,0.00022298697149381042,0.9905168354162015
vit_tiny,0.05,3986,0.9949359893798828,0.00013222791312728077,0.9948037614667555
vit_tiny,0.1,3986,0.9949359893798828,6.453275273088366e-05,0.9948714566271519
vit_tiny,0.2,3986,0.9949359893798828,0.00012100456660846248,0.9948149848132744
vit_tiny,0.05,5449,0.9234725832939148,0.0001752393291098997,0.9232973439648049
vit_tiny,0.1,5449,0.9234725832939148,8.051454642554745e-05,0.9233920687474892
vit_tiny,0.2,5449,0.9234725832939148,9.383294673170894e-05,0.9233787503471831
vit_tiny,0.05,25650,0.8464232683181763,0.0002342571970075369,0.8461890111211687
vit_tiny,0.1,25650,0.8464232683181763,0.0002950128400698304,0.8461282554781064
vit_tiny,0.2,25650,0.8464232683181763,0.0003430471697356552,0.8460802211484406
vit_tiny,0.05,5353,0.9994121789932251,0.00012814743968192488,0.9992840315535432
vit_tiny,0.1,5353,0.9994121789932251,0.00010308938362868503,0.9993090896095964
vit_tiny,0.2,5353,0.9994121789932251,7.725667819613591e-05,0.999334922315029
vit_tiny,0.05,13786,0.9914438128471375,9.17872239369899e-05,0.9913520256232005
vit_tiny,0.1,13786,0.9914438128471375,9.225945541402325e-05,0.9913515533917234
vit_tiny,0.2,13786,0.9914438128471375,0.00010181033576373011,0.9913420025113737
vit_tiny,0.05,4322,0.9974125027656555,0.00026355369482189417,0.9971489490708336
vit_tiny,0.1,4322,0.9974125027656555,0.0001393524435115978,0.9972731503221439
vit_tiny,0.2,4322,0.9974125027656555,0.00024250181741081178,0.9971700009482447
vit_tiny,0.05,25639,0.947820246219635,0.002301492029801011,0.945518754189834
vit_tiny,0.1,25639,0.947820246219635,0.00112312869168818,0.9466971175279468
vit_tiny,0.2,25639,0.947820246219635,0.0012482304591685534,0.9465720157604665
vit_tiny,0.05,25205,0.944698691368103,0.00014273275155574083,0.9445559586165473
vit_tiny,0.1,25205,0.944698691368103,0.0001321044546784833,0.9445665869134245
vit_tiny,0.2,25205,0.944698691368103,0.00017339434998575598,0.9445252970181173
vit_tiny,0.05,1831,0.9990660548210144,0.00010388448572484776,0.9989621703352896
vit_tiny,0.1,1831,0.9990660548210144,0.0001232691138284281,0.998942785707186
vit_tiny,0.2,1831,0.9990660548210144,0.00016705186862964183,0.9988990029523848
vit_tiny,0.05,3536,0.9978121519088745,0.00016189244342967868,0.9976502594654448
vit_tiny,0.1,3536,0.9978121519088745,0.0001005288795568049,0.9977116230293177
vit_tiny,0.2,3536,0.9978121519088745,0.0002142763405572623,0.9975978755683172
vit_tiny,0.05,2096,0.9977315068244934,0.0003387320612091571,0.9973927747632843
vit_tiny,0.1,2096,0.9977315068244934,0.00011057350639021024,0.9976209333181032
vit_tiny,0.2,2096,0.9977315068244934,5.7329420087626204e-05,0.9976741774044058
vit_tiny,0.05,5469,0.9993664622306824,0.002483699470758438,0.9968827627599239
vit_tiny,0.1,5469,0.9993664622306824,0.00010950387513730675,0.9992569583555451
vit_tiny,0.2,5469,0.9993664622306824,0.00023739006428513676,0.9991290721663972
vit_tiny,0.05,5050,0.9993963241577148,0.00016662574489600956,0.9992296984128188
vit_tiny,0.1,5050,0.9993963241577148,0.00010737245611380786,0.999288951701601
vit_tiny,0.2,5050,0.9993963241577148,6.647598638664931e-05,0.9993298481713282
vit_tiny,0.05,25655,0.983258068561554,0.00043384189484640956,0.9828242266667075
vit_tiny,0.1,25655,0.983258068561554,0.00032349611865356565,0.9829345724429004
vit_tiny,0.2,25655,0.983258068561554,0.00039954917156137526,0.9828585193899926
vit_tiny,0.05,25122,0.6305633783340454,0.0042610750533640385,0.6263023032806814
vit_tiny,0.1,25122,0.6305633783340454,0.0016826990759000182,0.6288806792581454
vit_tiny,0.2,25122,0.6305633783340454,0.0028894550632685423,0.6276739232707769
vit_tiny,0.05,25439,0.463767409324646,0.002126948907971382,0.4616404604166746
vit_tiny,0.1,25439,0.463767409324646,0.0042924294248223305,0.45947497989982367
vit_tiny,0.2,25439,0.463767409324646,0.002134509151801467,0.46163290017284453
vit_tiny,0.05,12884,0.7909881472587585,0.003762161824852228,0.7872259854339063
vit_tiny,0.1,12884,0.7909881472587585,0.004100638907402754,0.7868875083513558
vit_tiny,0.2,12884,0.7909881472587585,0.015358109958469868,0.7756300373002887
vit_tiny,0.05,29842,0.96235591173172,0.993111252784729,-0.030755341053009033
vit_tiny,0.1,29842,0.96235591173172,0.9848833680152893,-0.022527456283569336
vit_tiny,0.2,29842,0.96235591173172,0.9911065697669983,-0.02875065803527832
vit_tiny,0.05,4418,0.5783063173294067,0.9534533023834229,-0.3751469850540161
vit_tiny,0.1,4418,0.5783063173294067,0.9755547642707825,-0.39724844694137573
vit_tiny,0.2,4418,0.5783063173294067,0.9824878573417664,-0.4041815400123596
vit_tiny,0.05,3147,0.9852038621902466,0.007603809703141451,0.9776000524871051
vit_tiny,0.1,3147,0.9852038621902466,0.008597991429269314,0.9766058707609773
vit_tiny,0.2,3147,0.9852038621902466,0.0021929857321083546,0.9830108764581382
vit_tiny,0.05,10773,0.3553408682346344,0.0039198980666697025,0.3514209701679647
vit_tiny,0.1,10773,0.3553408682346344,0.0022439470048993826,0.353096921229735
vit_tiny,0.2,10773,0.3553408682346344,0.0016313730739057064,0.3537094951607287
vit_tiny,0.05,12766,0.9775719046592712,0.0022127556148916483,0.9753591490443796
vit_tiny,0.1,12766,0.9775719046592712,0.0011520597618073225,0.9764198448974639
vit_tiny,0.2,12766,0.9775719046592712,0.0011526282178238034,0.9764192764414474
vit_tiny,0.05,30524,0.9853969216346741,0.016782891005277634,0.9686140306293964
vit_tiny,0.1,30524,0.9853969216346741,0.014770101755857468,0.9706268198788166
vit_tiny,0.2,30524,0.9853969216346741,0.007313212845474482,0.9780837087891996
vit_tiny,0.05,1993,0.9853107929229736,0.036704014986753464,0.9486067779362202
vit_tiny,0.1,1993,0.9853107929229736,0.01824519969522953,0.9670655932277441
vit_tiny,0.2,1993,0.9853107929229736,0.05892388895153999,0.9263869039714336
vit_tiny,0.05,1632,0.976374089717865,0.9752130508422852,0.001161038875579834
vit_tiny,0.1,1632,0.976374089717865,0.9495062828063965,0.026867806911468506
vit_tiny,0.2,1632,0.976374089717865,0.5509828329086304,0.4253912568092346
vit_tiny,0.05,2903,0.8900283575057983,0.8707564473152161,0.019271910190582275
vit_tiny,0.1,2903,0.8900283575057983,0.8408949971199036,0.049133360385894775
vit_tiny,0.2,2903,0.8900283575057983,0.8223389983177185,0.06768935918807983
vit_tiny,0.05,4288,0.9907647371292114,0.014606155455112457,0.976158581674099
vit_tiny,0.1,4288,0.9907647371292114,0.0479905866086483,0.9427741505205631
vit_tiny,0.2,4288,0.9907647371292114,0.14804844558238983,0.8427162915468216
vit_tiny,0.05,26488,0.5686682462692261,0.99029141664505,-0.421623170375824
vit_tiny,0.1,26488,0.5686682462692261,0.9904189705848694,-0.4217507243156433
vit_tiny,0.2,26488,0.5686682462692261,0.9891268610954285,-0.4204586148262024
vit_tiny,0.05,2127,0.8113305568695068,0.25938481092453003,0.5519457459449768
vit_tiny,0.1,2127,0.8113305568695068,0.3910115659236908,0.42031899094581604
vit_tiny,0.2,2127,0.8113305568695068,0.5777530074119568,0.23357754945755005
vit_tiny,0.05,31012,0.9661647081375122,0.0792786180973053,0.8868860900402069
vit_tiny,0.1,31012,0.9661647081375122,0.03434062376618385,0.9318240843713284
vit_tiny,0.2,31012,0.9661647081375122,0.0015343030681833625,0.9646304050693288
vit_tiny,0.05,26627,0.4874419569969177,0.0021923440508544445,0.4852496129460633
vit_tiny,0.1,26627,0.4874419569969177,0.0019564530812203884,0.48548550391569734
vit_tiny,0.2,26627,0.4874419569969177,0.003689961973577738,0.48375199502334
vit_tiny,0.05,19032,0.4656342566013336,0.9764611721038818,-0.5108269155025482
vit_tiny,0.1,19032,0.4656342566013336,0.9891209006309509,-0.5234866440296173
vit_tiny,0.2,19032,0.4656342566013336,0.992017388343811,-0.5263831317424774
vit_tiny,0.05,1301,0.6445385813713074,0.9887160658836365,-0.3441774845123291
vit_tiny,0.1,1301,0.6445385813713074,0.9880572557449341,-0.3435186743736267
vit_tiny,0.2,1301,0.6445385813713074,0.9939496517181396,-0.3494110703468323
vit_tiny,0.05,21284,0.5665662884712219,0.00647791987285018,0.5600883685983717
vit_tiny,0.1,21284,0.5665662884712219,0.00724013103172183,0.5593261574395001
vit_tiny,0.2,21284,0.5665662884712219,0.00809075403958559,0.5584755344316363
vit_tiny,0.05,2304,0.9803863167762756,0.9007656574249268,0.07962065935134888
vit_tiny,0.1,2304,0.9803863167762756,0.9575091004371643,0.022877216339111328
vit_tiny,0.2,2304,0.9803863167762756,0.9078102707862854,0.07257604598999023
vit_tiny,0.05,32350,0.9877614974975586,0.9946398138999939,-0.006878316402435303
vit_tiny,0.1,32350,0.9877614974975586,0.9943996071815491,-0.0066381096839904785
vit_tiny,0.2,32350,0.9877614974975586,0.9921824336051941,-0.004420936107635498
vit_tiny,0.05,4090,0.9990069270133972,9.531983232591301e-05,0.9989116071810713
vit_tiny,0.1,4090,0.9990069270133972,9.289060835726559e-05,0.99891403640504
vit_tiny,0.2,4090,0.9990069270133972,0.0012964827474206686,0.9977104442659765
vit_tiny,0.05,1458,0.9996731281280518,0.9997242093086243,-5.1081180572509766e-05
vit_tiny,0.1,1458,0.9996731281280518,0.9996287822723389,4.4345855712890625e-05
vit_tiny,0.2,1458,0.9996731281280518,0.9988718628883362,0.0008012652397155762
vit_tiny,0.05,9806,0.6323210597038269,0.16541798412799835,0.46690307557582855
vit_tiny,0.1,9806,0.6323210597038269,0.05068565532565117,0.5816354043781757
vit_tiny,0.2,9806,0.6323210597038269,0.0028453355189412832,0.6294757241848856
vit_tiny,0.05,5362,0.9993892908096313,0.9443226456642151,0.05506664514541626
vit_tiny,0.1,5362,0.9993892908096313,0.05145033076405525,0.9479389600455761
vit_tiny,0.2,5362,0.9993892908096313,0.8727884292602539,0.12660086154937744
vit_tiny,0.05,20186,0.9997473359107971,0.9996091723442078,0.00013816356658935547
vit_tiny,0.1,20186,0.9997473359107971,0.9996333122253418,0.00011402368545532227
vit_tiny,0.2,20186,0.9997473359107971,0.9993106126785278,0.0004367232322692871
vit_tiny,0.05,13709,0.9986196756362915,0.998299777507782,0.0003198981285095215
vit_tiny,0.1,13709,0.9986196756362915,0.995884358882904,0.002735316753387451
vit_tiny,0.2,13709,0.9986196756362915,0.7554936408996582,0.2431260347366333
vit_tiny,0.05,4101,0.4294346868991852,0.0025991101283580065,0.4268355767708272
vit_tiny,0.1,4101,0.4294346868991852,0.0001653150684433058,0.4292693718307419
vit_tiny,0.2,4101,0.4294346868991852,0.00013609271263703704,0.42929859418654814
vit_tiny,0.05,25601,0.9730319976806641,0.0007785270572640002,0.9722534706234001
vit_tiny,0.1,25601,0.9730319976806641,0.00019603173132054508,0.9728359659493435
vit_tiny,0.2,25601,0.9730319976806641,0.0008154805982485414,0.9722165170824155
vit_tiny,0.05,4094,0.9994052648544312,0.9990703463554382,0.0003349184989929199
vit_tiny,0.1,4094,0.9994052648544312,0.9962244033813477,0.003180861473083496
vit_tiny,0.2,4094,0.9994052648544312,0.0005047191516496241,0.9989005457027815
vit_tiny,0.05,25595,0.9981561303138733,0.9988154172897339,-0.0006592869758605957
vit_tiny,0.1,25595,0.9981561303138733,0.483877032995224,0.5142790973186493
vit_tiny,0.2,25595,0.9981561303138733,0.00012050003715557978,0.9980356302767177
vit_tiny,0.05,4100,0.9960198998451233,0.025633933022618294,0.970385966822505
vit_tiny,0.1,4100,0.9960198998451233,0.0004737918497994542,0.9955461079953238
vit_tiny,0.2,4100,0.9960198998451233,0.0006561191403307021,0.9953637807047926
vit_tiny,0.05,6861,0.6384425759315491,0.9571378827095032,-0.3186953067779541
vit_tiny,0.1,6861,0.6384425759315491,0.7947648763656616,-0.15632230043411255
vit_tiny,0.2,6861,0.6384425759315491,0.042642153799533844,0.5958004221320152
vit_tiny,0.05,4593,0.9398474097251892,0.8310006260871887,0.10884678363800049
vit_tiny,0.1,4593,0.9398474097251892,0.0003781223495025188,0.9394692873756867
vit_tiny,0.2,4593,0.9398474097251892,4.022814391646534e-05,0.9398071815812727
vit_tiny,0.05,9904,0.9911337494850159,0.023955363780260086,0.9671783857047558
vit_tiny,0.1,9904,0.9911337494850159,0.0009220600477419794,0.9902116894372739
vit_tiny,0.2,9904,0.9911337494850159,0.002532311249524355,0.9886014382354915
vit_tiny,0.05,9906,0.9971216320991516,0.0004518054483924061,0.9966698266507592
vit_tiny,0.1,9906,0.9971216320991516,0.00013904328807257116,0.996982588811079
vit_tiny,0.2,9906,0.9971216320991516,4.817448279936798e-05,0.9970734576163522
vit_tiny,0.05,18601,0.9997146725654602,0.9996321201324463,8.255243301391602e-05
vit_tiny,0.1,18601,0.9997146725654602,0.9990397095680237,0.0006749629974365234
vit_tiny,0.2,18601,0.9997146725654602,0.9916427135467529,0.008071959018707275
vit_tiny,0.05,4584,0.9996200799942017,0.9995120763778687,0.00010800361633300781
vit_tiny,0.1,4584,0.9996200799942017,0.002118967706337571,0.9975011122878641
vit_tiny,0.2,4584,0.9996200799942017,7.425522926496342e-05,0.9995458247649367
vit_tiny,0.05,9143,0.9997203946113586,0.997952938079834,0.0017674565315246582
vit_tiny,0.1,9143,0.9997203946113586,0.9682604670524597,0.031459927558898926
vit_tiny,0.2,9143,0.9997203946113586,0.693577229976654,0.3061431646347046
vit_tiny,0.05,7916,0.999362051486969,0.9985501170158386,0.0008119344711303711
vit_tiny,0.1,7916,0.999362051486969,0.9761765003204346,0.023185551166534424
vit_tiny,0.2,7916,0.999362051486969,0.0858890563249588,0.9134729951620102
vit_tiny,0.05,16545,0.5802386999130249,0.0003001653531100601,0.5799385345599148
vit_tiny,0.1,16545,0.5802386999130249,0.00025564589304849505,0.5799830540199764
vit_tiny,0.2,16545,0.5802386999130249,7.922303484519944e-05,0.5801594768781797
vit_tiny,0.05,3044,0.9997723698616028,0.9997434020042419,2.8967857360839844e-05
vit_tiny,0.1,3044,0.9997723698616028,0.9996495246887207,0.00012284517288208008
vit_tiny,0.2,3044,0.9997723698616028,0.9993540644645691,0.0004183053970336914
vit_tiny,0.05,2299,0.9846338629722595,0.8263453245162964,0.15828853845596313
vit_tiny,0.1,2299,0.9846338629722595,0.9089422225952148,0.07569164037704468
vit_tiny,0.2,2299,0.9846338629722595,0.7935395240783691,0.19109433889389038
vit_tiny,0.05,4121,0.9981807470321655,0.0008968285983428359,0.9972839184338227
vit_tiny,0.1,4121,0.9981807470321655,9.055891132447869e-05,0.998090188120841
vit_tiny,0.2,4121,0.9981807470321655,3.330227991682477e-05,0.9981474447522487
vit_tiny,0.05,4150,0.9982606768608093,0.9735696315765381,0.02469104528427124
vit_tiny,0.1,4150,0.9982606768608093,0.0037271827459335327,0.9945334941148758
vit_tiny,0.2,4150,0.9982606768608093,0.0002785575925372541,0.9979821192682721
vit_tiny,0.05,10215,0.5993250012397766,0.008508067578077316,0.5908169336616993
vit_tiny,0.1,10215,0.5993250012397766,0.002030345844104886,0.5972946553956717
vit_tiny,0.2,10215,0.5993250012397766,0.0021485367324203253,0.5971764645073563
vit_tiny,0.05,4160,0.9988634586334229,0.06316908448934555,0.9356943741440773
vit_tiny,0.1,4160,0.9988634586334229,0.00025947572430595756,0.9986039829091169
vit_tiny,0.2,4160,0.9988634586334229,8.921184053178877e-05,0.9987742467928911
vit_tiny,0.05,4109,0.9985619187355042,0.9985865354537964,-2.4616718292236328e-05
vit_tiny,0.1,4109,0.9985619187355042,0.9923977255821228,0.006164193153381348
vit_tiny,0.2,4109,0.9985619187355042,0.0008663448970764875,0.9976955738384277
vit_tiny,0.05,10845,0.9527586102485657,0.6733841300010681,0.27937448024749756
vit_tiny,0.1,10845,0.9527586102485657,0.003714906983077526,0.9490437032654881
vit_tiny,0.2,10845,0.9527586102485657,4.125004488741979e-05,0.9527173602036783
vit_tiny,0.05,4113,0.9990629553794861,0.9990493655204773,1.3589859008789062e-05
vit_tiny,0.1,4113,0.9990629553794861,0.9964544773101807,0.00260847806930542
vit_tiny,0.2,4113,0.9990629553794861,0.002858344931155443,0.9962046104483306
vit_tiny,0.05,4174,0.9993172883987427,0.999206006526947,0.0001112818717956543
vit_tiny,0.1,4174,0.9993172883987427,0.9932971596717834,0.0060201287269592285
vit_tiny,0.2,4174,0.9993172883987427,0.0005710363620892167,0.9987462520366535
vit_tiny,0.05,4951,0.9518217444419861,0.06062033399939537,0.8912014104425907
vit_tiny,0.1,4951,0.9518217444419861,0.00488946121186018,0.9469322832301259
vit_tiny,0.2,4951,0.9518217444419861,0.009899038821458817,0.9419227056205273
vit_tiny,0.05,4139,0.9993662238121033,0.9978721141815186,0.0014941096305847168
vit_tiny,0.1,4139,0.9993662238121033,0.0007830936810933053,0.99858313013101
vit_tiny,0.2,4139,0.9993662238121033,6.542474147863686e-05,0.9993007990706246
vit_tiny,0.05,4136,0.9990085959434509,0.018906431272625923,0.980102164670825
vit_tiny,0.1,4136,0.9990085959434509,0.00023324751236941665,0.9987753484310815
vit_tiny,0.2,4136,0.9990085959434509,3.416147956158966e-05,0.9989744344638893
vit_tiny,0.05,4114,0.9976638555526733,0.9994372725486755,-0.0017734169960021973
vit_tiny,0.1,4114,0.9976638555526733,0.9994601607322693,-0.0017963051795959473
vit_tiny,0.2,4114,0.9976638555526733,0.9993520379066467,-0.0016881823539733887
vit_tiny,0.05,4087,0.9989733695983887,0.004817064851522446,0.9941563047468662
vit_tiny,0.1,4087,0.9989733695983887,0.0008029374876059592,0.9981704321107827
vit_tiny,0.2,4087,0.9989733695983887,0.00013800457236357033,0.9988353650260251
vit_tiny,0.05,4110,0.99924635887146,0.9991545677185059,9.179115295410156e-05
vit_tiny,0.1,4110,0.99924635887146,0.998867392539978,0.0003789663314819336
vit_tiny,0.2,4110,0.99924635887146,0.010720428079366684,0.9885259307920933
vit_tiny,0.05,1627,0.9955258965492249,0.00048015054198913276,0.9950457460072357
vit_tiny,0.1,1627,0.9955258965492249,2.6429561330587603e-05,0.9954994669878943
vit_tiny,0.2,1627,0.9955258965492249,2.06325657927664e-05,0.9955052639834321
vit_tiny,0.05,10935,0.9311600923538208,0.08353982120752335,0.8476202711462975
vit_tiny,0.1,10935,0.9311600923538208,0.011118891648948193,0.9200412007048726
vit_tiny,0.2,10935,0.9311600923538208,0.0014393453020602465,0.9297207470517606
vit_tiny,0.05,4606,0.9890268445014954,0.9905401468276978,-0.0015133023262023926
vit_tiny,0.1,4606,0.9890268445014954,0.01359169278293848,0.9754351517185569
vit_tiny,0.2,4606,0.9890268445014954,0.00019709997286554426,0.9888297445286298
vit_tiny,0.05,4164,0.9992769360542297,0.9687447547912598,0.03053218126296997
vit_tiny,0.1,4164,0.9992769360542297,0.0005821315571665764,0.9986948044970632
vit_tiny,0.2,4164,0.9992769360542297,0.00016885028162505478,0.9991080857726047
vit_tiny,0.05,26687,0.7294000387191772,0.9623398780822754,-0.23293983936309814
vit_tiny,0.1,26687,0.7294000387191772,0.011479221284389496,0.7179208174347878
vit_tiny,0.2,26687,0.7294000387191772,7.584857667097822e-05,0.7293241901425063
vit_tiny,0.05,4169,0.9993532299995422,0.999481737613678,-0.0001285076141357422
vit_tiny,0.1,4169,0.9993532299995422,0.999514102935791,-0.0001608729362487793
vit_tiny,0.2,4169,0.9993532299995422,0.9995086193084717,-0.00015538930892944336
vit_tiny,0.05,4605,0.998932421207428,0.042330287396907806,0.9566021338105202
vit_tiny,0.1,4605,0.998932421207428,8.871788304531947e-05,0.9988437033243827
vit_tiny,0.2,4605,0.998932421207428,5.2754847274627537e-05,0.9988796663601534
vit_tiny,0.05,10918,0.9903284907341003,0.929772675037384,0.06055581569671631
vit_tiny,0.1,10918,0.9903284907341003,0.9511179327964783,0.03921055793762207
vit_tiny,0.2,10918,0.9903284907341003,4.969841756974347e-05,0.9902787923165306
vit_tiny,0.05,20030,0.9799158573150635,0.9937753677368164,-0.01385951042175293
vit_tiny,0.1,20030,0.9799158573150635,0.9309064149856567,0.04900944232940674
vit_tiny,0.2,20030,0.9799158573150635,0.0003405270981602371,0.9795753302169032
vit_tiny,0.05,29752,0.9998763799667358,0.9998736381530762,2.7418136596679688e-06
vit_tiny,0.1,29752,0.9998763799667358,0.9998366832733154,3.9696693420410156e-05
vit_tiny,0.2,29752,0.9998763799667358,0.999798595905304,7.778406143188477e-05
vit_tiny,0.05,25340,0.9997759461402893,0.9992392063140869,0.0005367398262023926
vit_tiny,0.1,25340,0.9997759461402893,0.9873765707015991,0.012399375438690186
vit_tiny,0.2,25340,0.9997759461402893,0.0013983362587168813,0.9983776098815724
vit_tiny,0.05,994,0.9989537000656128,0.9994158744812012,-0.0004621744155883789
vit_tiny,0.1,994,0.9989537000656128,0.999128520488739,-0.0001748204231262207
vit_tiny,0.2,994,0.9989537000656128,0.9975900650024414,0.0013636350631713867
vit_tiny,0.05,25590,0.9992789626121521,0.9989504218101501,0.0003285408020019531
vit_tiny,0.1,25590,0.9992789626121521,0.9941984415054321,0.005080521106719971
vit_tiny,0.2,25590,0.9992789626121521,0.999690055847168,-0.00041109323501586914
vit_tiny,0.05,19770,0.9998810291290283,0.9998722076416016,8.821487426757812e-06
vit_tiny,0.1,19770,0.9998810291290283,0.9998644590377808,1.6570091247558594e-05
vit_tiny,0.2,19770,0.9998810291290283,0.9998723268508911,8.702278137207031e-06
vit_tiny,0.05,3534,0.9998692274093628,0.9998687505722046,4.76837158203125e-07
vit_tiny,0.1,3534,0.9998692274093628,0.9998619556427002,7.271766662597656e-06
vit_tiny,0.2,3534,0.9998692274093628,0.9998495578765869,1.9669532775878906e-05
vit_tiny,0.05,19860,0.9997883439064026,0.9995107650756836,0.00027757883071899414
vit_tiny,0.1,19860,0.9997883439064026,0.9982364177703857,0.0015519261360168457
vit_tiny,0.2,19860,0.9997883439064026,0.017515040934085846,0.9822733029723167
vit_tiny,0.05,25599,0.9998712539672852,0.999870777130127,4.76837158203125e-07
vit_tiny,0.1,25599,0.9998712539672852,0.9998644590377808,6.794929504394531e-06
vit_tiny,0.2,25599,0.9998712539672852,0.9998812675476074,-1.0013580322265625e-05
vit_tiny,0.05,19849,0.9998865127563477,0.9998384714126587,4.8041343688964844e-05
vit_tiny,0.1,19849,0.9998865127563477,0.9998102784156799,7.623434066772461e-05
vit_tiny,0.2,19849,0.9998865127563477,0.9998143315315247,7.218122482299805e-05
vit_tiny,0.05,25604,0.995089590549469,0.0011897996300831437,0.9938997909193859
vit_tiny,0.1,25604,0.995089590549469,0.9991795420646667,-0.004089951515197754
vit_tiny,0.2,25604,0.995089590549469,0.9997820258140564,-0.004692435264587402
vit_tiny,0.05,3628,0.9998935461044312,0.9998583793640137,3.516674041748047e-05
vit_tiny,0.1,3628,0.9998935461044312,0.9997472167015076,0.00014632940292358398
vit_tiny,0.2,3628,0.9998935461044312,0.9997689127922058,0.0001246333122253418
vit_tiny,0.05,24624,0.9919869899749756,0.9987240433692932,-0.006737053394317627
vit_tiny,0.1,24624,0.9919869899749756,0.9853718876838684,0.006615102291107178
vit_tiny,0.2,24624,0.9919869899749756,0.9046118855476379,0.08737510442733765
vit_tiny,0.05,19741,0.9998763799667358,0.9998810291290283,-4.649162292480469e-06
vit_tiny,0.1,19741,0.9998763799667358,0.9998817443847656,-5.364418029785156e-06
vit_tiny,0.2,19741,0.9998763799667358,0.9998739957809448,2.384185791015625e-06
vit_tiny,0.05,19783,0.9998735189437866,0.9998574256896973,1.609325408935547e-05
vit_tiny,0.1,19783,0.9998735189437866,0.9998574256896973,1.609325408935547e-05
vit_tiny,0.2,19783,0.9998735189437866,0.9998735189437866,0.0
vit_tiny,0.05,14473,0.9997549653053284,0.9997900128364563,-3.504753112792969e-05
vit_tiny,0.1,14473,0.9997549653053284,0.9996930360794067,6.192922592163086e-05
vit_tiny,0.2,14473,0.9997549653053284,0.9646311402320862,0.03512382507324219
vit_tiny,0.05,34331,0.9998553991317749,0.9998452663421631,1.0132789611816406e-05
vit_tiny,0.1,34331,0.9998553991317749,0.9997814297676086,7.396936416625977e-05
vit_tiny,0.2,34331,0.9998553991317749,0.8728455901145935,0.1270098090171814
vit_tiny,0.05,33036,0.9990444779396057,0.999461829662323,-0.00041735172271728516
vit_tiny,0.1,33036,0.9990444779396057,0.998205304145813,0.0008391737937927246
vit_tiny,0.2,33036,0.9990444779396057,0.9920654892921448,0.0069789886474609375
vit_tiny,0.05,25277,0.9998549222946167,0.9998099207878113,4.500150680541992e-05
vit_tiny,0.1,25277,0.9998549222946167,0.9997178912162781,0.00013703107833862305
vit_tiny,0.2,25277,0.9998549222946167,0.9997780919075012,7.683038711547852e-05
vit_tiny,0.05,7807,0.9998596906661987,0.9998664855957031,-6.794929504394531e-06
vit_tiny,0.1,7807,0.9998596906661987,0.9998124241828918,4.7266483306884766e-05
vit_tiny,0.2,7807,0.9998596906661987,0.9996339082717896,0.0002257823944091797
vit_tiny,0.05,25320,0.9998563528060913,0.9998008608818054,5.549192428588867e-05
vit_tiny,0.1,25320,0.9998563528060913,0.9997945427894592,6.181001663208008e-05
vit_tiny,0.2,25320,0.9998563528060913,0.9996114373207092,0.0002449154853820801
vit_tiny,0.05,527,0.9998781681060791,0.9998778104782104,3.5762786865234375e-07
vit_tiny,0.1,527,0.9998781681060791,0.9998811483383179,-2.9802322387695312e-06
vit_tiny,0.2,527,0.9998781681060791,0.9998723268508911,5.841255187988281e-06
swin_tiny,0.05,11598,0.9753649830818176,0.9734824299812317,0.0018825531005859375
swin_tiny,0.1,11598,0.9753649830818176,0.9713006615638733,0.004064321517944336
swin_tiny,0.2,11598,0.9753649830818176,0.944353461265564,0.031011521816253662
swin_tiny,0.05,8612,0.9859523773193359,0.9833285808563232,0.0026237964630126953
swin_tiny,0.1,8612,0.9859523773193359,0.9774265289306641,0.008525848388671875
swin_tiny,0.2,8612,0.9859523773193359,0.9724760055541992,0.013476371765136719
swin_tiny,0.05,32384,0.9958024621009827,0.9955083131790161,0.00029414892196655273
swin_tiny,0.1,32384,0.9958024621009827,0.9946751594543457,0.0011273026466369629
swin_tiny,0.2,32384,0.9958024621009827,0.9936760067939758,0.002126455307006836
swin_tiny,0.05,22088,0.9796959161758423,0.9785196185112,0.001176297664642334
swin_tiny,0.1,22088,0.9796959161758423,0.9757378697395325,0.0039580464363098145
swin_tiny,0.2,22088,0.9796959161758423,0.8612645268440247,0.11843138933181763
swin_tiny,0.05,1258,0.975078821182251,0.9789244532585144,-0.0038456320762634277
swin_tiny,0.1,1258,0.975078821182251,0.9842790961265564,-0.00920027494430542
swin_tiny,0.2,1258,0.975078821182251,0.9769588112831116,-0.0018799901008605957
swin_tiny,0.05,3882,0.9131224751472473,0.8529639840126038,0.060158491134643555
swin_tiny,0.1,3882,0.9131224751472473,0.8095642328262329,0.1035582423210144
swin_tiny,0.2,3882,0.9131224751472473,0.7687452435493469,0.1443772315979004
swin_tiny,0.05,26021,0.8275459408760071,0.7029225826263428,0.1246233582496643
swin_tiny,0.1,26021,0.8275459408760071,0.707360029220581,0.12018591165542603
swin_tiny,0.2,26021,0.8275459408760071,0.5651756525039673,0.2623702883720398
swin_tiny,0.05,28706,0.9733126759529114,0.9795763492584229,-0.006263673305511475
swin_tiny,0.1,28706,0.9733126759529114,0.9804764986038208,-0.007163822650909424
swin_tiny,0.2,28706,0.9733126759529114,0.9701836109161377,0.0031290650367736816
swin_tiny,0.05,12774,0.9900463223457336,0.9897547364234924,0.00029158592224121094
swin_tiny,0.1,12774,0.9900463223457336,0.9858503937721252,0.0041959285736083984
swin_tiny,0.2,12774,0.9900463223457336,0.980575680732727,0.009470641613006592
swin_tiny,0.05,20577,0.9948933124542236,0.9942101240158081,0.0006831884384155273
swin_tiny,0.1,20577,0.9948933124542236,0.995262861251831,-0.0003695487976074219
swin_tiny,0.2,20577,0.9948933124542236,0.9850156307220459,0.009877681732177734
swin_tiny,0.05,20069,0.9923639297485352,0.992295503616333,6.842613220214844e-05
swin_tiny,0.1,20069,0.9923639297485352,0.9840582013130188,0.008305728435516357
swin_tiny,0.2,20069,0.9923639297485352,0.9558867812156677,0.03647714853286743
swin_tiny,0.05,22989,0.9938563704490662,0.9939848780632019,-0.0001285076141357422
swin_tiny,0.1,22989,0.9938563704490662,0.9929963946342468,0.0008599758148193359
swin_tiny,0.2,22989,0.9938563704490662,0.9813823699951172,0.012474000453948975
swin_tiny,0.05,19017,0.9757118225097656,0.9702613353729248,0.00545048713684082
swin_tiny,0.1,19017,0.9757118225097656,0.9816533923149109,-0.005941569805145264
swin_tiny,0.2,19017,0.9757118225097656,0.9687510132789612,0.006960809230804443
swin_tiny,0.05,31697,0.9882473349571228,0.9806129336357117,0.007634401321411133
swin_tiny,0.1,31697,0.9882473349571228,0.9830165505409241,0.0052307844161987305
swin_tiny,0.2,31697,0.9882473349571228,0.9824390411376953,0.00580829381942749
swin_tiny,0.05,23363,0.9918979406356812,0.9905704259872437,0.0013275146484375
swin_tiny,0.1,23363,0.9918979406356812,0.9923823475837708,-0.0004844069480895996
swin_tiny,0.2,23363,0.9918979406356812,0.9839457869529724,0.00795215368270874
swin_tiny,0.05,18777,0.9795098900794983,0.9801841378211975,-0.0006742477416992188
swin_tiny,0.1,18777,0.9795098900794983,0.9790077209472656,0.000502169132232666
swin_tiny,0.2,18777,0.9795098900794983,0.9762958288192749,0.0032140612602233887
swin_tiny,0.05,11832,0.957457423210144,0.9500526785850525,0.007404744625091553
swin_tiny,0.1,11832,0.957457423210144,0.8339248895645142,0.12353253364562988
swin_tiny,0.2,11832,0.957457423210144,0.8855078220367432,0.07194960117340088
swin_tiny,0.05,28618,0.985629141330719,0.9786858558654785,0.0069432854652404785
swin_tiny,0.1,28618,0.985629141330719,0.973350465297699,0.01227867603302002
swin_tiny,0.2,28618,0.985629141330719,0.9738848805427551,0.011744260787963867
swin_tiny,0.05,22858,0.984650731086731,0.9709998965263367,0.013650834560394287
swin_tiny,0.1,22858,0.984650731086731,0.9462626576423645,0.038388073444366455
swin_tiny,0.2,22858,0.984650731086731,0.9681983590126038,0.016452372074127197
swin_tiny,0.05,511,0.982801079750061,0.9882909655570984,-0.0054898858070373535
swin_tiny,0.1,511,0.982801079750061,0.9853783845901489,-0.0025773048400878906
swin_tiny,0.2,511,0.982801079750061,0.9317383170127869,0.05106276273727417
swin_tiny,0.05,29736,0.9905327558517456,0.9879332184791565,0.0025995373725891113
swin_tiny,0.1,29736,0.9905327558517456,0.9824743866920471,0.008058369159698486
swin_tiny,0.2,29736,0.9905327558517456,0.9788153171539307,0.011717438697814941
swin_tiny,0.05,33474,0.9889489412307739,0.9865269064903259,0.002422034740447998
swin_tiny,0.1,33474,0.9889489412307739,0.9863536357879639,0.0025953054428100586
swin_tiny,0.2,33474,0.9889489412307739,0.9693347215652466,0.019614219665527344
swin_tiny,0.05,25573,0.814253032207489,0.8176714777946472,-0.003418445587158203
swin_tiny,0.1,25573,0.814253032207489,0.8346797227859497,-0.020426690578460693
swin_tiny,0.2,25573,0.814253032207489,0.9798649549484253,-0.16561192274093628
swin_tiny,0.05,4312,0.9982520937919617,0.9951064586639404,0.0031456351280212402
swin_tiny,0.1,4312,0.9982520937919617,0.9857505559921265,0.012501537799835205
swin_tiny,0.2,4312,0.9982520937919617,0.003527432680130005,0.9947246611118317
swin_tiny,0.05,24225,0.9602723717689514,0.9628143906593323,-0.0025420188903808594
swin_tiny,0.1,24225,0.9602723717689514,0.9601098895072937,0.00016248226165771484
swin_tiny,0.2,24225,0.9602723717689514,0.9707807898521423,-0.010508418083190918
swin_tiny,0.05,5114,0.9317986965179443,0.8039698600769043,0.12782883644104004
swin_tiny,0.1,5114,0.9317986965179443,0.7670501470565796,0.16474854946136475
swin_tiny,0.2,5114,0.9317986965179443,0.8518924713134766,0.07990622520446777
swin_tiny,0.05,107,0.9819201827049255,0.9762997031211853,0.005620479583740234
swin_tiny,0.1,107,0.9819201827049255,0.831174910068512,0.15074527263641357
swin_tiny,0.2,107,0.9819201827049255,0.0005751119460910559,0.9813450707588345
swin_tiny,0.05,10443,0.5127670764923096,0.5605534315109253,-0.04778635501861572
swin_tiny,0.1,10443,0.5127670764923096,0.5362589955329895,-0.02349191904067993
swin_tiny,0.2,10443,0.5127670764923096,0.5828450322151184,-0.07007795572280884
swin_tiny,0.05,5117,0.9071296453475952,0.9118679761886597,-0.004738330841064453
swin_tiny,0.1,5117,0.9071296453475952,0.9463611841201782,-0.03923153877258301
swin_tiny,0.2,5117,0.9071296453475952,0.8651881217956543,0.04194152355194092
swin_tiny,0.05,27764,0.6670845150947571,0.6113073825836182,0.055777132511138916
swin_tiny,0.1,27764,0.6670845150947571,0.5682995319366455,0.09878498315811157
swin_tiny,0.2,27764,0.6670845150947571,0.026914916932582855,0.6401695981621742
swin_tiny,0.05,31588,0.9533768892288208,0.9489431381225586,0.004433751106262207
swin_tiny,0.1,31588,0.9533768892288208,0.9553591012954712,-0.0019822120666503906
swin_tiny,0.2,31588,0.9533768892288208,0.9548577666282654,-0.00148087739944458
swin_tiny,0.05,5131,0.9820423722267151,0.9769009947776794,0.0051413774490356445
swin_tiny,0.1,5131,0.9820423722267151,0.9742719531059265,0.007770419120788574
swin_tiny,0.2,5131,0.9820423722267151,0.4933105707168579,0.4887318015098572
swin_tiny,0.05,1761,0.9513276219367981,0.9478869438171387,0.003440678119659424
swin_tiny,0.1,1761,0.9513276219367981,0.9457249641418457,0.005602657794952393
swin_tiny,0.2,1761,0.9513276219367981,0.003723012050613761,0.9476046098861843
swin_tiny,0.05,34288,0.6377649903297424,0.0036297377664595842,0.6341352525632828
swin_tiny,0.1,34288,0.6377649903297424,0.021067237481474876,0.6166977528482676
swin_tiny,0.2,34288,0.6377649903297424,0.00015555263962596655,0.6376094376901165
swin_tiny,0.05,26309,0.8570548892021179,0.8066491484642029,0.05040574073791504
swin_tiny,0.1,26309,0.8570548892021179,0.6527770161628723,0.2042778730392456
swin_tiny,0.2,26309,0.8570548892021179,0.46899643540382385,0.38805845379829407
swin_tiny,0.05,21752,0.7757093906402588,0.5783463716506958,0.197363018989563
swin_tiny,0.1,21752,0.7757093906402588,0.7854343056678772,-0.009724915027618408
swin_tiny,0.2,21752,0.7757093906402588,0.9322946071624756,-0.1565852165222168
swin_tiny,0.05,20801,0.9986035227775574,0.9986035227775574,0.0
swin_tiny,0.1,20801,0.9986035227775574,0.9980078339576721,0.0005956888198852539
swin_tiny,0.2,20801,0.9986035227775574,0.9486685395240784,0.049934983253479004
swin_tiny,0.05,17666,0.5829690098762512,0.3357211649417877,0.2472478449344635
swin_tiny,0.1,17666,0.5829690098762512,0.17907461524009705,0.4038943946361542
swin_tiny,0.2,17666,0.5829690098762512,0.32917988300323486,0.25378912687301636
swin_tiny,0.05,16706,0.9245637059211731,0.9243006706237793,0.00026303529739379883
swin_tiny,0.1,16706,0.9245637059211731,0.9148093461990356,0.009754359722137451
swin_tiny,0.2,16706,0.9245637059211731,0.928708016872406,-0.00414431095123291
swin_tiny,0.05,6553,0.9825579524040222,0.8766418099403381,0.10591614246368408
swin_tiny,0.1,6553,0.9825579524040222,0.7627491354942322,0.21980881690979004
swin_tiny,0.2,6553,0.9825579524040222,0.042233601212501526,0.9403243511915207
swin_tiny,0.05,18583,0.9984557628631592,0.9982926249504089,0.00016313791275024414
swin_tiny,0.1,18583,0.9984557628631592,0.9979863166809082,0.00046944618225097656
swin_tiny,0.2,18583,0.9984557628631592,0.997748076915741,0.0007076859474182129
swin_tiny,0.05,20787,0.9726760387420654,0.9700927138328552,0.002583324909210205
swin_tiny,0.1,20787,0.9726760387420654,0.976895809173584,-0.004219770431518555
swin_tiny,0.2,20787,0.9726760387420654,0.8284407258033752,0.14423531293869019
swin_tiny,0.05,33870,0.9790797233581543,0.9847687482833862,-0.005689024925231934
swin_tiny,0.1,33870,0.9790797233581543,0.97881680727005,0.00026291608810424805
swin_tiny,0.2,33870,0.9790797233581543,0.9676639437675476,0.01141577959060669
swin_tiny,0.05,19563,0.9997863173484802,0.9997751116752625,1.1205673217773438e-05
swin_tiny,0.1,19563,0.9997863173484802,0.9988210797309875,0.0009652376174926758
swin_tiny,0.2,19563,0.9997863173484802,0.23657310009002686,0.7632132172584534
swin_tiny,0.05,2399,0.9999600648880005,0.9999618530273438,-1.7881393432617188e-06
swin_tiny,0.1,2399,0.9999600648880005,0.9999608993530273,-8.344650268554688e-07
swin_tiny,0.2,2399,0.9999600648880005,0.9999569654464722,3.0994415283203125e-06
swin_tiny,0.05,4407,0.9982486963272095,0.14396528899669647,0.854283407330513
swin_tiny,0.1,4407,0.9982486963272095,0.02245430089533329,0.9757943954318762
swin_tiny,0.2,4407,0.9982486963272095,0.057321421802043915,0.9409272745251656
swin_tiny,0.05,2272,0.9999278783798218,0.999925971031189,1.9073486328125e-06
swin_tiny,0.1,2272,0.9999278783798218,0.99991774559021,1.0132789611816406e-05
swin_tiny,0.2,2272,0.9999278783798218,0.9999135732650757,1.430511474609375e-05
swin_tiny,0.05,2489,0.9999712705612183,0.9999635219573975,7.748603820800781e-06
swin_tiny,0.1,2489,0.9999712705612183,0.9999297857284546,4.1484832763671875e-05
swin_tiny,0.2,2489,0.9999712705612183,0.9998577833175659,0.00011348724365234375
swin_tiny,0.05,1496,0.9999639987945557,0.9999604225158691,3.5762786865234375e-06
swin_tiny,0.1,1496,0.9999639987945557,0.9999253749847412,3.8623809814453125e-05
swin_tiny,0.2,1496,0.9999639987945557,0.9992254972457886,0.0007385015487670898
swin_tiny,0.05,2232,0.9999059438705444,0.9998905658721924,1.537799835205078e-05
swin_tiny,0.1,2232,0.9999059438705444,0.9998959302902222,1.0013580322265625e-05
swin_tiny,0.2,2232,0.9999059438705444,0.9998867511749268,1.919269561767578e-05
swin_tiny,0.05,2415,0.9999040365219116,0.999875545501709,2.849102020263672e-05
swin_tiny,0.1,2415,0.9999040365219116,0.9998500347137451,5.4001808166503906e-05
swin_tiny,0.2,2415,0.9999040365219116,0.9998641014099121,3.993511199951172e-05
swin_tiny,0.05,2382,0.9999277591705322,0.9998476505279541,8.0108642578125e-05
swin_tiny,0.1,2382,0.9999277591705322,0.99982088804245,0.00010687112808227539
swin_tiny,0.2,2382,0.9999277591705322,0.9996198415756226,0.00030791759490966797
swin_tiny,0.05,2510,0.9999580383300781,0.9999183416366577,3.9696693420410156e-05
swin_tiny,0.1,2510,0.9999580383300781,0.9998751878738403,8.285045623779297e-05
swin_tiny,0.2,2510,0.9999580383300781,0.9994077682495117,0.0005502700805664062
swin_tiny,0.05,19664,0.9999687671661377,0.999955415725708,1.33514404296875e-05
swin_tiny,0.1,19664,0.9999687671661377,0.9999442100524902,2.4557113647460938e-05
swin_tiny,0.2,19664,0.9999687671661377,0.9974014759063721,0.002567291259765625
swin_tiny,0.05,2740,0.9999319314956665,0.9999223947525024,9.5367431640625e-06
swin_tiny,0.1,2740,0.9999319314956665,0.9998728036880493,5.91278076171875e-05
swin_tiny,0.2,2740,0.9999319314956665,0.9996515512466431,0.0002803802490234375
swin_tiny,0.05,4872,0.9999697208404541,0.9999419450759888,2.777576446533203e-05
swin_tiny,0.1,4872,0.9999697208404541,0.9998555183410645,0.00011420249938964844
swin_tiny,0.2,4872,0.9999697208404541,0.9994613528251648,0.0005083680152893066
swin_tiny,0.05,4574,0.999950647354126,0.9999428987503052,7.748603820800781e-06
swin_tiny,0.1,4574,0.999950647354126,0.9999091625213623,4.1484832763671875e-05
swin_tiny,0.2,4574,0.999950647354126,0.9998281002044678,0.00012254714965820312
swin_tiny,0.05,4029,0.9999209642410278,0.999901294708252,1.9669532775878906e-05
swin_tiny,0.1,4029,0.9999209642410278,0.9998641014099121,5.6862831115722656e-05
swin_tiny,0.2,4029,0.9999209642410278,0.9996442794799805,0.0002766847610473633
swin_tiny,0.05,18720,0.9998602867126465,0.999254047870636,0.000606238842010498
swin_tiny,0.1,18720,0.9998602867126465,0.9970299005508423,0.0028303861618041992
swin_tiny,0.2,18720,0.9998602867126465,0.97389155626297,0.025968730449676514
swin_tiny,0.05,1514,0.9999750852584839,0.9999634027481079,1.1682510375976562e-05
swin_tiny,0.1,1514,0.9999750852584839,0.9998900890350342,8.499622344970703e-05
swin_tiny,0.2,1514,0.9999750852584839,0.9995539784431458,0.00042110681533813477
swin_tiny,0.05,1550,0.9999748468399048,0.999958872795105,1.5974044799804688e-05
swin_tiny,0.1,1550,0.9999748468399048,0.9998928308486938,8.20159912109375e-05
swin_tiny,0.2,1550,0.9999748468399048,0.9993867874145508,0.0005880594253540039
swin_tiny,0.05,4564,0.9999544620513916,0.9999456405639648,8.821487426757812e-06
swin_tiny,0.1,4564,0.9999544620513916,0.9998358488082886,0.00011861324310302734
swin_tiny,0.2,4564,0.9999544620513916,0.9988917708396912,0.0010626912117004395
swin_tiny,0.05,4498,0.9999579191207886,0.9999473094940186,1.0609626770019531e-05
swin_tiny,0.1,4498,0.9999579191207886,0.9998910427093506,6.687641143798828e-05
swin_tiny,0.2,4498,0.9999579191207886,0.9998822212219238,7.56978988647461e-05
swin_tiny,0.05,1557,0.9998958110809326,0.9996743202209473,0.00022149085998535156
swin_tiny,0.1,1557,0.9998958110809326,0.9970622658729553,0.002833545207977295
swin_tiny,0.2,1557,0.9998958110809326,0.9053367972373962,0.09455901384353638
swin_tiny,0.05,2195,0.9999610185623169,0.9999281167984009,3.2901763916015625e-05
swin_tiny,0.1,2195,0.9999610185623169,0.9999072551727295,5.3763389587402344e-05
swin_tiny,0.2,2195,0.9999610185623169,0.9997734427452087,0.0001875758171081543
swin_tiny,0.05,2545,0.9999598264694214,0.999954104423523,5.7220458984375e-06
swin_tiny,0.1,2545,0.9999598264694214,0.9998923540115356,6.747245788574219e-05
swin_tiny,0.2,2545,0.9999598264694214,0.9997990727424622,0.00016075372695922852
swin_tiny,0.05,12693,0.4533255398273468,0.45356428623199463,-0.00023874640464782715
swin_tiny,0.1,12693,0.4533255398273468,0.8719854354858398,-0.41865989565849304
swin_tiny,0.2,12693,0.4533255398273468,0.7987782955169678,-0.34545275568962097
swin_tiny,0.05,4750,0.7545260190963745,0.7130727767944336,0.04145324230194092
swin_tiny,0.1,4750,0.7545260190963745,0.715585470199585,0.03894054889678955
swin_tiny,0.2,4750,0.7545260190963745,0.6760656237602234,0.07846039533615112
swin_tiny,0.05,18268,0.6219545602798462,0.6941837072372437,-0.07222914695739746
swin_tiny,0.1,18268,0.6219545602798462,0.47927364706993103,0.14268091320991516
swin_tiny,0.2,18268,0.6219545602798462,0.7481459975242615,-0.12619143724441528
swin_tiny,0.05,18844,0.7238869071006775,0.7060967087745667,0.01779019832611084
swin_tiny,0.1,18844,0.7238869071006775,0.7512297034263611,-0.027342796325683594
swin_tiny,0.2,18844,0.7238869071006775,0.6346333026885986,0.08925360441207886
swin_tiny,0.05,29937,0.9538864493370056,0.972019612789154,-0.018133163452148438
swin_tiny,0.1,29937,0.9538864493370056,0.9849323630332947,-0.031045913696289062
swin_tiny,0.2,29937,0.9538864493370056,0.9680052995681763,-0.014118850231170654
swin_tiny,0.05,1367,0.9995953440666199,0.9995890259742737,6.318092346191406e-06
swin_tiny,0.1,1367,0.9995953440666199,0.9995890259742737,6.318092346191406e-06
swin_tiny,0.2,1367,0.9995953440666199,0.9995973706245422,-2.0265579223632812e-06
swin_tiny,0.05,26201,0.9816470742225647,0.9836946725845337,-0.002047598361968994
swin_tiny,0.1,26201,0.9816470742225647,0.9829115867614746,-0.0012645125389099121
swin_tiny,0.2,26201,0.9816470742225647,0.9774479866027832,0.004199087619781494
swin_tiny,0.05,7843,0.8123646378517151,0.7878343462944031,0.02453029155731201
swin_tiny,0.1,7843,0.8123646378517151,0.6377531886100769,0.17461144924163818
swin_tiny,0.2,7843,0.8123646378517151,0.38887855410575867,0.4234860837459564
swin_tiny,0.05,25933,0.6663902997970581,0.5173258185386658,0.14906448125839233
swin_tiny,0.1,25933,0.6663902997970581,0.42197197675704956,0.24441832304000854
swin_tiny,0.2,25933,0.6663902997970581,0.18473893404006958,0.4816513657569885
swin_tiny,0.05,7777,0.9778329730033875,0.9760955572128296,0.0017374157905578613
swin_tiny,0.1,7777,0.9778329730033875,0.9794241189956665,-0.0015911459922790527
swin_tiny,0.2,7777,0.9778329730033875,0.9806380271911621,-0.002805054187774658
swin_tiny,0.05,3199,0.5504918694496155,0.5707212686538696,-0.02022939920425415
swin_tiny,0.1,3199,0.5504918694496155,0.5464977025985718,0.003994166851043701
swin_tiny,0.2,3199,0.5504918694496155,0.587368905544281,-0.03687703609466553
swin_tiny,0.05,1633,0.9979521632194519,0.9979439377784729,8.225440979003906e-06
swin_tiny,0.1,1633,0.9979521632194519,0.9979210495948792,3.1113624572753906e-05
swin_tiny,0.2,1633,0.9979521632194519,0.997712254524231,0.00023990869522094727
swin_tiny,0.05,5569,0.49137359857559204,0.5057961940765381,-0.014422595500946045
swin_tiny,0.1,5569,0.49137359857559204,0.4850541949272156,0.006319403648376465
swin_tiny,0.2,5569,0.49137359857559204,0.43164974451065063,0.059723854064941406
swin_tiny,0.05,32022,0.9866010546684265,0.7625402212142944,0.22406083345413208
swin_tiny,0.1,32022,0.9866010546684265,0.13564321398735046,0.850957840681076
swin_tiny,0.2,32022,0.9866010546684265,0.2151927649974823,0.7714082896709442
swin_tiny,0.05,4352,0.9993425011634827,0.9992085099220276,0.00013399124145507812
swin_tiny,0.1,4352,0.9993425011634827,0.9991718530654907,0.00017064809799194336
swin_tiny,0.2,4352,0.9993425011634827,0.9966555833816528,0.002686917781829834
swin_tiny,0.05,5398,0.7420088648796082,0.7900936007499695,-0.04808473587036133
swin_tiny,0.1,5398,0.7420088648796082,0.8474358320236206,-0.10542696714401245
swin_tiny,0.2,5398,0.7420088648796082,0.2721501886844635,0.46985867619514465
swin_tiny,0.05,1836,0.9950875639915466,0.9950875639915466,0.0
swin_tiny,0.1,1836,0.9950875639915466,0.9950875639915466,0.0
swin_tiny,0.2,1836,0.9950875639915466,0.9950875639915466,0.0
swin_tiny,0.05,6819,0.8530781865119934,0.8826373219490051,-0.02955913543701172
swin_tiny,0.1,6819,0.8530781865119934,0.8803096413612366,-0.027231454849243164
swin_tiny,0.2,6819,0.8530781865119934,0.9685326814651489,-0.11545449495315552
swin_tiny,0.05,30428,0.953412652015686,0.953412652015686,0.0
swin_tiny,0.1,30428,0.953412652015686,0.9327927231788635,0.02061992883682251
swin_tiny,0.2,30428,0.953412652015686,0.9334511160850525,0.019961535930633545
swin_tiny,0.05,11121,0.9209561347961426,0.9262580871582031,-0.005301952362060547
swin_tiny,0.1,11121,0.9209561347961426,0.8890545964241028,0.031901538372039795
swin_tiny,0.2,11121,0.9209561347961426,0.8511762022972107,0.06977993249893188
swin_tiny,0.05,34333,0.7560416460037231,0.7560416460037231,0.0
swin_tiny,0.1,34333,0.7560416460037231,0.7560416460037231,0.0
swin_tiny,0.2,34333,0.7560416460037231,0.7560416460037231,0.0
swin_tiny,0.05,11558,0.7859089374542236,0.7980568408966064,-0.012147903442382812
swin_tiny,0.1,11558,0.7859089374542236,0.7832009196281433,0.0027080178260803223
swin_tiny,0.2,11558,0.7859089374542236,0.8847639560699463,-0.09885501861572266
swin_tiny,0.05,15095,0.9929192662239075,0.9904826879501343,0.0024365782737731934
swin_tiny,0.1,15095,0.9929192662239075,0.9924163818359375,0.0005028843879699707
swin_tiny,0.2,15095,0.9929192662239075,0.9974344372749329,-0.004515171051025391
swin_tiny,0.05,5482,0.9998608827590942,0.9998435974121094,1.728534698486328e-05
swin_tiny,0.1,5482,0.9998608827590942,0.9998378753662109,2.300739288330078e-05
swin_tiny,0.2,5482,0.9998608827590942,0.999794065952301,6.681680679321289e-05
swin_tiny,0.05,27612,0.9750006198883057,0.9740684032440186,0.0009322166442871094
swin_tiny,0.1,27612,0.9750006198883057,0.9773797392845154,-0.002379119396209717
swin_tiny,0.2,27612,0.9750006198883057,0.9790638089179993,-0.0040631890296936035
swin_tiny,0.05,9711,0.9509037733078003,0.9490918517112732,0.0018119215965270996
swin_tiny,0.1,9711,0.9509037733078003,0.9301834106445312,0.020720362663269043
swin_tiny,0.2,9711,0.9509037733078003,0.53855961561203,0.41234415769577026
swin_tiny,0.05,2485,0.7786672711372375,0.8844314217567444,-0.10576415061950684
swin_tiny,0.1,2485,0.7786672711372375,0.8730868697166443,-0.09441959857940674
swin_tiny,0.2,2485,0.7786672711372375,0.8899213671684265,-0.11125409603118896
swin_tiny,0.05,25055,0.5795990824699402,0.535926342010498,0.04367274045944214
swin_tiny,0.1,25055,0.5795990824699402,0.49360671639442444,0.08599236607551575
swin_tiny,0.2,25055,0.5795990824699402,0.24923813343048096,0.33036094903945923
swin_tiny,0.05,25226,0.9713397026062012,0.9696092009544373,0.001730501651763916
swin_tiny,0.1,25226,0.9713397026062012,0.9625590443611145,0.00878065824508667
swin_tiny,0.2,25226,0.9713397026062012,0.9044497609138489,0.0668899416923523
swin_tiny,0.05,2517,0.9842190146446228,0.982104480266571,0.002114534378051758
swin_tiny,0.1,2517,0.9842190146446228,0.9878488779067993,-0.0036298632621765137
swin_tiny,0.2,2517,0.9842190146446228,0.9826723337173462,0.0015466809272766113
swin_tiny,0.05,3986,0.9926885962486267,0.9946409463882446,-0.00195235013961792
swin_tiny,0.1,3986,0.9926885962486267,0.9950056672096252,-0.002317070960998535
swin_tiny,0.2,3986,0.9926885962486267,0.9349400997161865,0.057748496532440186
swin_tiny,0.05,5449,0.9843884706497192,0.9844481945037842,-5.9723854064941406e-05
swin_tiny,0.1,5449,0.9843884706497192,0.9870844483375549,-0.0026959776878356934
swin_tiny,0.2,5449,0.9843884706497192,0.9727244973182678,0.011663973331451416
swin_tiny,0.05,25650,0.7663259506225586,0.4682459831237793,0.2980799674987793
swin_tiny,0.1,25650,0.7663259506225586,0.3679122030735016,0.398413747549057
swin_tiny,0.2,25650,0.7663259506225586,0.32529541850090027,0.4410305321216583
swin_tiny,0.05,5353,0.9999679327011108,0.9999713897705078,-3.4570693969726562e-06
swin_tiny,0.1,5353,0.9999679327011108,0.9999692440032959,-1.3113021850585938e-06
swin_tiny,0.2,5353,0.9999679327011108,0.9999681711196899,-2.384185791015625e-07
swin_tiny,0.05,13786,0.9438912868499756,0.9397708773612976,0.0041204094886779785
swin_tiny,0.1,13786,0.9438912868499756,0.9315004944801331,0.01239079236984253
swin_tiny,0.2,13786,0.9438912868499756,0.7712947726249695,0.1725965142250061
swin_tiny,0.05,4322,0.9952449202537537,0.9953846335411072,-0.00013971328735351562
swin_tiny,0.1,4322,0.9952449202537537,0.9953846335411072,-0.00013971328735351562
swin_tiny,0.2,4322,0.9952449202537537,0.9975895881652832,-0.002344667911529541
swin_tiny,0.05,25639,0.6849505305290222,0.6860834360122681,-0.0011329054832458496
swin_tiny,0.1,25639,0.6849505305290222,0.6854076385498047,-0.0004571080207824707
swin_tiny,0.2,25639,0.6849505305290222,0.5597749948501587,0.12517553567886353
swin_tiny,0.05,25205,0.9202342629432678,0.9182519316673279,0.0019823312759399414
swin_tiny,0.1,25205,0.9202342629432678,0.8769842982292175,0.04324996471405029
swin_tiny,0.2,25205,0.9202342629432678,0.8675731420516968,0.052661120891571045
swin_tiny,0.05,1831,0.999970555305481,0.9999698400497437,7.152557373046875e-07
swin_tiny,0.1,1831,0.999970555305481,0.9999675750732422,2.9802322387695312e-06
swin_tiny,0.2,1831,0.999970555305481,0.9999760389328003,-5.4836273193359375e-06
swin_tiny,0.05,3536,0.9988663196563721,0.9988691210746765,-2.8014183044433594e-06
swin_tiny,0.1,3536,0.9988663196563721,0.9989029169082642,-3.6597251892089844e-05
swin_tiny,0.2,3536,0.9988663196563721,0.996638298034668,0.0022280216217041016
swin_tiny,0.05,2096,0.9995700716972351,0.9992546439170837,0.0003154277801513672
swin_tiny,0.1,2096,0.9995700716972351,0.9985528588294983,0.0010172128677368164
swin_tiny,0.2,2096,0.9995700716972351,0.9967033267021179,0.0028667449951171875
swin_tiny,0.05,5469,0.9999573230743408,0.9999550580978394,2.2649765014648438e-06
swin_tiny,0.1,5469,0.9999573230743408,0.9999662637710571,-8.940696716308594e-06
swin_tiny,0.2,5469,0.9999573230743408,0.9999504089355469,6.9141387939453125e-06
swin_tiny,0.05,5050,0.9999734163284302,0.9999744892120361,-1.0728836059570312e-06
swin_tiny,0.1,5050,0.9999734163284302,0.9999703168869019,3.0994415283203125e-06
swin_tiny,0.2,5050,0.9999734163284302,0.9999572038650513,1.621246337890625e-05
swin_tiny,0.05,25655,0.937980592250824,0.9343000054359436,0.003680586814880371
swin_tiny,0.1,25655,0.937980592250824,0.9247912168502808,0.013189375400543213
swin_tiny,0.2,25655,0.937980592250824,0.9188960790634155,0.019084513187408447
swin_tiny,0.05,25122,0.9513504505157471,0.9583433866500854,-0.006992936134338379
swin_tiny,0.1,25122,0.9513504505157471,0.9687220454216003,-0.01737159490585327
swin_tiny,0.2,25122,0.9513504505157471,0.9300000667572021,0.021350383758544922
swin_tiny,0.05,25439,0.889680027961731,0.28257593512535095,0.60710409283638
swin_tiny,0.1,25439,0.889680027961731,0.009049372747540474,0.8806306552141905
swin_tiny,0.2,25439,0.889680027961731,0.017177730798721313,0.8725022971630096
swin_tiny,0.05,12884,0.9274541735649109,0.9233023524284363,0.004151821136474609
swin_tiny,0.1,12884,0.9274541735649109,0.7553874254226685,0.17206674814224243
swin_tiny,0.2,12884,0.9274541735649109,0.8011936545372009,0.12626051902770996
swin_tiny,0.05,29842,0.7388235330581665,0.6491032242774963,0.08972030878067017
swin_tiny,0.1,29842,0.7388235330581665,0.8251169919967651,-0.08629345893859863
swin_tiny,0.2,29842,0.7388235330581665,0.9830818772315979,-0.2442583441734314
swin_tiny,0.05,4418,0.8318723440170288,0.8620023727416992,-0.03013002872467041
swin_tiny,0.1,4418,0.8318723440170288,0.018377449363470078,0.8134948946535587
swin_tiny,0.2,4418,0.8318723440170288,0.02788264863193035,0.8039896953850985
swin_tiny,0.05,3147,0.9576650857925415,0.9383386969566345,0.019326388835906982
swin_tiny,0.1,3147,0.9576650857925415,0.6799206733703613,0.2777444124221802
swin_tiny,0.2,3147,0.9576650857925415,0.2920648157596588,0.6656002700328827
swin_tiny,0.05,10773,0.5601587295532227,0.21451546251773834,0.3456432670354843
swin_tiny,0.1,10773,0.5601587295532227,0.07300731539726257,0.4871514141559601
swin_tiny,0.2,10773,0.5601587295532227,0.09093766659498215,0.4692210629582405
swin_tiny,0.05,12766,0.8562259078025818,0.17683368921279907,0.6793922185897827
swin_tiny,0.1,12766,0.8562259078025818,0.029950041323900223,0.8262758664786816
swin_tiny,0.2,12766,0.8562259078025818,0.006213008891791105,0.8500128989107907
swin_tiny,0.05,30524,0.9257518649101257,0.9257518649101257,0.0
swin_tiny,0.1,30524,0.9257518649101257,0.9257518649101257,0.0
swin_tiny,0.2,30524,0.9257518649101257,0.8954297304153442,0.030322134494781494
swin_tiny,0.05,1993,0.7151601910591125,0.8836722373962402,-0.16851204633712769
swin_tiny,0.1,1993,0.7151601910591125,0.9161795973777771,-0.20101940631866455
swin_tiny,0.2,1993,0.7151601910591125,0.18672452867031097,0.5284356623888016
swin_tiny,0.05,1632,0.9664948582649231,0.9362373352050781,0.03025752305984497
swin_tiny,0.1,1632,0.9664948582649231,0.9472935199737549,0.019201338291168213
swin_tiny,0.2,1632,0.9664948582649231,0.9513415098190308,0.015153348445892334
swin_tiny,0.05,2903,0.6183111667633057,0.16281123459339142,0.45549993216991425
swin_tiny,0.1,2903,0.6183111667633057,0.0672464370727539,0.5510647296905518
swin_tiny,0.2,2903,0.6183111667633057,0.051251817494630814,0.5670593492686749
swin_tiny,0.05,4288,0.9989492297172546,0.998950719833374,-1.4901161193847656e-06
swin_tiny,0.1,4288,0.9989492297172546,0.6071231961250305,0.3918260335922241
swin_tiny,0.2,4288,0.9989492297172546,0.6357319951057434,0.36321723461151123
swin_tiny,0.05,26488,0.8635671734809875,0.9293423295021057,-0.06577515602111816
swin_tiny,0.1,26488,0.8635671734809875,0.8331974148750305,0.03036975860595703
swin_tiny,0.2,26488,0.8635671734809875,0.0329691506922245,0.830598022788763
swin_tiny,0.05,2127,0.9504415988922119,0.9540473222732544,-0.0036057233810424805
swin_tiny,0.1,2127,0.9504415988922119,0.9705283045768738,-0.020086705684661865
swin_tiny,0.2,2127,0.9504415988922119,0.9270315170288086,0.02341008186340332
swin_tiny,0.05,31012,0.8259009122848511,0.8259009122848511,0.0
swin_tiny,0.1,31012,0.8259009122848511,0.5209914445877075,0.30490946769714355
swin_tiny,0.2,31012,0.8259009122848511,0.5073302388191223,0.31857067346572876
swin_tiny,0.05,26627,0.709315836429596,0.7309942245483398,-0.021678388118743896
swin_tiny,0.1,26627,0.709315836429596,0.7225499153137207,-0.013234078884124756
swin_tiny,0.2,26627,0.709315836429596,0.03985295817255974,0.6694628782570362
swin_tiny,0.05,19032,0.6715092062950134,0.45696261525154114,0.2145465910434723
swin_tiny,0.1,19032,0.6715092062950134,0.39334747195243835,0.2781617343425751
swin_tiny,0.2,19032,0.6715092062950134,0.8543868660926819,-0.18287765979766846
swin_tiny,0.05,1301,0.6791443824768066,0.5048341751098633,0.17431020736694336
swin_tiny,0.1,1301,0.6791443824768066,0.4174840450286865,0.2616603374481201
swin_tiny,0.2,1301,0.6791443824768066,0.03223206102848053,0.6469123214483261
swin_tiny,0.05,21284,0.880754292011261,0.86196368932724,0.018790602684020996
swin_tiny,0.1,21284,0.880754292011261,0.86196368932724,0.018790602684020996
swin_tiny,0.2,21284,0.880754292011261,0.8955296277999878,-0.014775335788726807
swin_tiny,0.05,2304,0.7759429216384888,0.7825618982315063,-0.006618976593017578
swin_tiny,0.1,2304,0.7759429216384888,0.796046793460846,-0.020103871822357178
swin_tiny,0.2,2304,0.7759429216384888,0.7937933206558228,-0.017850399017333984
swin_tiny,0.05,32350,0.4946425259113312,0.4946425259113312,0.0
swin_tiny,0.1,32350,0.4946425259113312,0.5929341912269592,-0.09829166531562805
swin_tiny,0.2,32350,0.4946425259113312,0.66971755027771,-0.17507502436637878
swin_tiny,0.05,4090,0.9998666048049927,0.9998716115951538,-5.0067901611328125e-06
swin_tiny,0.1,4090,0.9998666048049927,0.9996894598007202,0.00017714500427246094
swin_tiny,0.2,4090,0.9998666048049927,0.9980911612510681,0.0017754435539245605
swin_tiny,0.05,1458,0.9998527765274048,0.9997407793998718,0.00011199712753295898
swin_tiny,0.1,1458,0.9998527765274048,0.9995263814926147,0.00032639503479003906
swin_tiny,0.2,1458,0.9998527765274048,0.11195726692676544,0.8878955096006393
swin_tiny,0.05,9806,0.585016131401062,0.40741193294525146,0.17760419845581055
swin_tiny,0.1,9806,0.585016131401062,0.21794019639492035,0.36707593500614166
swin_tiny,0.2,9806,0.585016131401062,0.07967790961265564,0.5053382217884064
swin_tiny,0.05,5362,0.9986270666122437,0.9977893829345703,0.0008376836776733398
swin_tiny,0.1,5362,0.9986270666122437,0.9970290064811707,0.001598060131072998
swin_tiny,0.2,5362,0.9986270666122437,0.9369467496871948,0.06168031692504883
swin_tiny,0.05,20186,0.9999676942825317,0.9999493360519409,1.8358230590820312e-05
swin_tiny,0.1,20186,0.9999676942825317,0.9998179078102112,0.00014978647232055664
swin_tiny,0.2,20186,0.9999676942825317,0.9998319149017334,0.00013577938079833984
swin_tiny,0.05,13709,0.3274237811565399,0.4702984392642975,-0.14287465810775757
swin_tiny,0.1,13709,0.3274237811565399,0.5456259250640869,-0.218202143907547
swin_tiny,0.2,13709,0.3274237811565399,0.9112217426300049,-0.583797961473465
swin_tiny,0.05,4101,0.9697716236114502,0.946717381477356,0.02305424213409424
swin_tiny,0.1,4101,0.9697716236114502,0.06731618940830231,0.9024554342031479
swin_tiny,0.2,4101,0.9697716236114502,0.001647877972573042,0.9681237456388772
swin_tiny,0.05,25601,0.7067146301269531,0.00943244993686676,0.6972821801900864
swin_tiny,0.1,25601,0.7067146301269531,0.04991969093680382,0.6567949391901493
swin_tiny,0.2,25601,0.7067146301269531,0.1682828664779663,0.5384317636489868
swin_tiny,0.05,4094,0.999363362789154,0.9997022747993469,-0.0003389120101928711
swin_tiny,0.1,4094,0.999363362789154,0.999233603477478,0.0001297593116760254
swin_tiny,0.2,4094,0.999363362789154,0.9784144163131714,0.020948946475982666
swin_tiny,0.05,25595,0.9775601625442505,0.9471712708473206,0.03038889169692993
swin_tiny,0.1,25595,0.9775601625442505,0.4627854824066162,0.5147746801376343
swin_tiny,0.2,25595,0.9775601625442505,0.012858855538070202,0.9647013070061803
swin_tiny,0.05,4100,0.5162249803543091,0.5334594249725342,-0.017234444618225098
swin_tiny,0.1,4100,0.5162249803543091,0.5003422498703003,0.01588273048400879
swin_tiny,0.2,4100,0.5162249803543091,0.01839505136013031,0.49782992899417877
swin_tiny,0.05,6861,0.4378032982349396,0.4724010229110718,-0.0345977246761322
swin_tiny,0.1,6861,0.4378032982349396,0.3870510756969452,0.050752222537994385
swin_tiny,0.2,6861,0.4378032982349396,0.07041618227958679,0.3673871159553528
swin_tiny,0.05,4593,0.9903168678283691,0.9910286068916321,-0.0007117390632629395
swin_tiny,0.1,4593,0.9903168678283691,0.8966177701950073,0.09369909763336182
swin_tiny,0.2,4593,0.9903168678283691,0.014720295555889606,0.9755965722724795
swin_tiny,0.05,9904,0.572796106338501,0.5065193176269531,0.06627678871154785
swin_tiny,0.1,9904,0.572796106338501,0.037167105823755264,0.5356290005147457
swin_tiny,0.2,9904,0.572796106338501,0.009877225384116173,0.5629188809543848
swin_tiny,0.05,9906,0.9790990352630615,0.9771047234535217,0.001994311809539795
swin_tiny,0.1,9906,0.9790990352630615,0.9675055742263794,0.011593461036682129
swin_tiny,0.2,9906,0.9790990352630615,0.7473264336585999,0.23177260160446167
swin_tiny,0.05,18601,0.9999966621398926,0.9999943971633911,2.2649765014648438e-06
swin_tiny,0.1,18601,0.9999966621398926,0.9999924898147583,4.172325134277344e-06
swin_tiny,0.2,18601,0.9999966621398926,0.9999570846557617,3.9577484130859375e-05
swin_tiny,0.05,4584,0.9952676296234131,0.9965832829475403,-0.0013156533241271973
swin_tiny,0.1,4584,0.9952676296234131,0.7495431303977966,0.24572449922561646
swin_tiny,0.2,4584,0.9952676296234131,0.01416316069662571,0.9811044689267874
swin_tiny,0.05,9143,0.9999755620956421,0.9999819993972778,-6.4373016357421875e-06
swin_tiny,0.1,9143,0.9999755620956421,0.9999749660491943,5.960464477539062e-07
swin_tiny,0.2,9143,0.9999755620956421,0.9997870326042175,0.00018852949142456055
swin_tiny,0.05,7916,0.8241863250732422,0.9945729374885559,-0.17038661241531372
swin_tiny,0.1,7916,0.8241863250732422,0.8553520441055298,-0.031165719032287598
swin_tiny,0.2,7916,0.8241863250732422,0.45647841691970825,0.36770790815353394
swin_tiny,0.05,16545,0.48840001225471497,0.9672603607177734,-0.47886034846305847
swin_tiny,0.1,16545,0.48840001225471497,0.9688021540641785,-0.4804021418094635
swin_tiny,0.2,16545,0.48840001225471497,0.00243486650288105,0.4859651457518339
swin_tiny,0.05,3044,0.999988317489624,0.9999836683273315,4.649162292480469e-06
swin_tiny,0.1,3044,0.999988317489624,0.999982476234436,5.841255187988281e-06
swin_tiny,0.2,3044,0.999988317489624,0.9999499320983887,3.838539123535156e-05
swin_tiny,0.05,2299,0.9660801291465759,0.9796037077903748,-0.013523578643798828
swin_tiny,0.1,2299,0.9660801291465759,0.6544568538665771,0.3116232752799988
swin_tiny,0.2,2299,0.9660801291465759,0.4849323034286499,0.481147825717926
swin_tiny,0.05,4121,0.5906610488891602,0.7236741185188293,-0.1330130696296692
swin_tiny,0.1,4121,0.5906610488891602,0.7396128177642822,-0.14895176887512207
swin_tiny,0.2,4121,0.5906610488891602,0.021046794950962067,0.5696142539381981
swin_tiny,0.05,4150,0.9999376535415649,0.9999597072601318,-2.205371856689453e-05
swin_tiny,0.1,4150,0.9999376535415649,0.9998939037322998,4.374980926513672e-05
swin_tiny,0.2,4150,0.9999376535415649,0.9820640087127686,0.017873644828796387
swin_tiny,0.05,10215,0.7994529604911804,0.8164936900138855,-0.017040729522705078
swin_tiny,0.1,10215,0.7994529604911804,0.829153299331665,-0.02970033884048462
swin_tiny,0.2,10215,0.7994529604911804,0.7120172381401062,0.08743572235107422
swin_tiny,0.05,4160,0.9879698753356934,0.9918626546859741,-0.0038927793502807617
swin_tiny,0.1,4160,0.9879698753356934,0.9974385499954224,-0.009468674659729004
swin_tiny,0.2,4160,0.9879698753356934,0.8814709186553955,0.10649895668029785
swin_tiny,0.05,4109,0.9998981952667236,0.999903678894043,-5.4836273193359375e-06
swin_tiny,0.1,4109,0.9998981952667236,0.9999021291732788,-3.933906555175781e-06
swin_tiny,0.2,4109,0.9998981952667236,0.9994779229164124,0.0004202723503112793
swin_tiny,0.05,10845,0.5665248036384583,0.5315467119216919,0.03497809171676636
swin_tiny,0.1,10845,0.5665248036384583,0.44786784052848816,0.11865696310997009
swin_tiny,0.2,10845,0.5665248036384583,0.8520482778549194,-0.2855234742164612
swin_tiny,0.05,4113,0.9976838827133179,0.9983646273612976,-0.0006807446479797363
swin_tiny,0.1,4113,0.9976838827133179,0.9993188381195068,-0.0016349554061889648
swin_tiny,0.2,4113,0.9976838827133179,0.9999746084213257,-0.0022907257080078125
swin_tiny,0.05,4174,0.9969223141670227,0.9968879818916321,3.4332275390625e-05
swin_tiny,0.1,4174,0.9969223141670227,0.9994981288909912,-0.002575814723968506
swin_tiny,0.2,4174,0.9969223141670227,0.972075343132019,0.024846971035003662
swin_tiny,0.05,4951,0.5972108244895935,0.48568108677864075,0.11152973771095276
swin_tiny,0.1,4951,0.5972108244895935,0.5028017163276672,0.09440910816192627
swin_tiny,0.2,4951,0.5972108244895935,0.5674225687980652,0.02978825569152832
swin_tiny,0.05,4139,0.9999943971633911,0.9999945163726807,-1.1920928955078125e-07
swin_tiny,0.1,4139,0.9999943971633911,0.9999943971633911,0.0
swin_tiny,0.2,4139,0.9999943971633911,0.9999963045120239,-1.9073486328125e-06
swin_tiny,0.05,4136,0.9999656677246094,0.9999722242355347,-6.556510925292969e-06
swin_tiny,0.1,4136,0.9999656677246094,0.9999701976776123,-4.5299530029296875e-06
swin_tiny,0.2,4136,0.9999656677246094,0.9999663829803467,-7.152557373046875e-07
swin_tiny,0.05,4114,0.998127281665802,0.9979807734489441,0.00014650821685791016
swin_tiny,0.1,4114,0.998127281665802,0.9951634407043457,0.002963840961456299
swin_tiny,0.2,4114,0.998127281665802,0.9983211159706116,-0.0001938343048095703
swin_tiny,0.05,4087,0.9928848147392273,0.9944978356361389,-0.001613020896911621
swin_tiny,0.1,4087,0.9928848147392273,0.9934858679771423,-0.0006010532379150391
swin_tiny,0.2,4087,0.9928848147392273,0.9861641526222229,0.0067206621170043945
swin_tiny,0.05,4110,0.9998506307601929,0.9999264478683472,-7.581710815429688e-05
swin_tiny,0.1,4110,0.9998506307601929,0.9999910593032837,-0.0001404285430908203
swin_tiny,0.2,4110,0.9998506307601929,0.9999827146530151,-0.00013208389282226562
swin_tiny,0.05,1627,0.9517408013343811,0.9523179531097412,-0.0005771517753601074
swin_tiny,0.1,1627,0.9517408013343811,0.9373002052307129,0.014440596103668213
swin_tiny,0.2,1627,0.9517408013343811,0.9010598063468933,0.05068099498748779
swin_tiny,0.05,10935,0.9935755133628845,0.993300199508667,0.0002753138542175293
swin_tiny,0.1,10935,0.9935755133628845,0.9975988268852234,-0.004023313522338867
swin_tiny,0.2,10935,0.9935755133628845,0.9987038373947144,-0.005128324031829834
swin_tiny,0.05,4606,0.9996993541717529,0.9993083477020264,0.0003910064697265625
swin_tiny,0.1,4606,0.9996993541717529,0.9992344379425049,0.0004649162292480469
swin_tiny,0.2,4606,0.9996993541717529,0.7265271544456482,0.27317219972610474
swin_tiny,0.05,4164,0.9999970197677612,0.9999970197677612,0.0
swin_tiny,0.1,4164,0.9999970197677612,0.9999969005584717,1.1920928955078125e-07
swin_tiny,0.2,4164,0.9999970197677612,0.9999969005584717,1.1920928955078125e-07
swin_tiny,0.05,26687,0.6356793642044067,0.5569854974746704,0.07869386672973633
swin_tiny,0.1,26687,0.6356793642044067,0.4370286762714386,0.19865068793296814
swin_tiny,0.2,26687,0.6356793642044067,0.14533092081546783,0.4903484433889389
swin_tiny,0.05,4169,0.9999408721923828,0.9999375343322754,3.337860107421875e-06
swin_tiny,0.1,4169,0.9999408721923828,0.9999698400497437,-2.8967857360839844e-05
swin_tiny,0.2,4169,0.9999408721923828,0.9999767541885376,-3.5881996154785156e-05
swin_tiny,0.05,4605,0.9999829530715942,0.9999871253967285,-4.172325134277344e-06
swin_tiny,0.1,4605,0.9999829530715942,0.9999865293502808,-3.5762786865234375e-06
swin_tiny,0.2,4605,0.9999829530715942,0.9999881982803345,-5.245208740234375e-06
swin_tiny,0.05,10918,0.999182403087616,0.999182403087616,0.0
swin_tiny,0.1,10918,0.999182403087616,0.9991936087608337,-1.1205673217773438e-05
swin_tiny,0.2,10918,0.999182403087616,0.9987860321998596,0.00039637088775634766
swin_tiny,0.05,20030,0.9997100234031677,0.9998739957809448,-0.0001639723777770996
swin_tiny,0.1,20030,0.9997100234031677,0.9998778104782104,-0.0001677870750427246
swin_tiny,0.2,20030,0.9997100234031677,0.6775428652763367,0.32216715812683105
swin_tiny,0.05,29752,0.9999966621398926,0.9999966621398926,0.0
swin_tiny,0.1,29752,0.9999966621398926,0.9999953508377075,1.3113021850585938e-06
swin_tiny,0.2,29752,0.9999966621398926,0.9951522350311279,0.0048444271087646484
swin_tiny,0.05,25340,0.9991193413734436,0.9308767318725586,0.06824260950088501
swin_tiny,0.1,25340,0.9991193413734436,0.007953755557537079,0.9911655858159065
swin_tiny,0.2,25340,0.9991193413734436,0.00022420233290176839,0.9988951390405418
swin_tiny,0.05,994,0.9693462252616882,0.0240391306579113,0.9453070946037769
swin_tiny,0.1,994,0.9693462252616882,0.002446649130433798,0.9668995761312544
swin_tiny,0.2,994,0.9693462252616882,0.00011604058090597391,0.9692301846807823
swin_tiny,0.05,25590,0.9999945163726807,0.9998972415924072,9.72747802734375e-05
swin_tiny,0.1,25590,0.9999945163726807,0.973959743976593,0.026034772396087646
swin_tiny,0.2,25590,0.9999945163726807,0.0001599279639776796,0.999834588408703
swin_tiny,0.05,19770,0.9999961853027344,0.9999966621398926,-4.76837158203125e-07
swin_tiny,0.1,19770,0.9999961853027344,0.9999946355819702,1.5497207641601562e-06
swin_tiny,0.2,19770,0.9999961853027344,0.9997043013572693,0.0002918839454650879
swin_tiny,0.05,3534,0.9999958276748657,0.9999954700469971,3.5762786865234375e-07
swin_tiny,0.1,3534,0.9999958276748657,0.9999938011169434,2.0265579223632812e-06
swin_tiny,0.2,3534,0.9999958276748657,0.9992997646331787,0.0006960630416870117
swin_tiny,0.05,19860,0.9933068156242371,0.9829651713371277,0.010341644287109375
swin_tiny,0.1,19860,0.9933068156242371,0.4363323748111725,0.5569744408130646
swin_tiny,0.2,19860,0.9933068156242371,3.1869592476141406e-06,0.9933036286649894
swin_tiny,0.05,25599,0.9999942779541016,0.999994158744812,1.1920928955078125e-07
swin_tiny,0.1,25599,0.9999942779541016,0.9997832179069519,0.0002110600471496582
swin_tiny,0.2,25599,0.9999942779541016,0.14075393974781036,0.8592403382062912
swin_tiny,0.05,19849,0.9999018907546997,0.9999396800994873,-3.7789344787597656e-05
swin_tiny,0.1,19849,0.9999018907546997,0.9977602958679199,0.002141594886779785
swin_tiny,0.2,19849,0.9999018907546997,0.01228822860866785,0.9876136621460319
swin_tiny,0.05,25604,0.999992847442627,0.9999914169311523,1.430511474609375e-06
swin_tiny,0.1,25604,0.999992847442627,0.9983795881271362,0.0016132593154907227
swin_tiny,0.2,25604,0.999992847442627,0.0003478940052445978,0.9996449534373824
swin_tiny,0.05,3628,0.9999951124191284,0.9999945163726807,5.960464477539062e-07
swin_tiny,0.1,3628,0.9999951124191284,0.9999855756759644,9.5367431640625e-06
swin_tiny,0.2,3628,0.9999951124191284,0.9997174143791199,0.0002776980400085449
swin_tiny,0.05,24624,0.998907208442688,0.9510524868965149,0.047854721546173096
swin_tiny,0.1,24624,0.998907208442688,0.06044051796197891,0.9384666904807091
swin_tiny,0.2,24624,0.998907208442688,1.0450490890434594e-06,0.998906163393599
swin_tiny,0.05,19741,0.9999959468841553,0.9999955892562866,3.5762786865234375e-07
swin_tiny,0.1,19741,0.9999959468841553,0.999994158744812,1.7881393432617188e-06
swin_tiny,0.2,19741,0.9999959468841553,0.9905484318733215,0.00944751501083374
swin_tiny,0.05,19783,0.9999946355819702,0.9999945163726807,1.1920928955078125e-07
swin_tiny,0.1,19783,0.9999946355819702,0.9999905824661255,4.0531158447265625e-06
swin_tiny,0.2,19783,0.9999946355819702,0.8779491782188416,0.12204545736312866
swin_tiny,0.05,14473,0.9745489954948425,0.8974630832672119,0.07708591222763062
swin_tiny,0.1,14473,0.9745489954948425,0.02158006653189659,0.9529689289629459
swin_tiny,0.2,14473,0.9745489954948425,0.00039344033575616777,0.9741555551590864
swin_tiny,0.05,34331,0.9999961853027344,0.9999963045120239,-1.1920928955078125e-07
swin_tiny,0.1,34331,0.9999961853027344,0.9999897480010986,6.4373016357421875e-06
swin_tiny,0.2,34331,0.9999961853027344,0.13320408761501312,0.8667920976877213
swin_tiny,0.05,33036,0.999993085861206,0.9995126724243164,0.00048041343688964844
swin_tiny,0.1,33036,0.999993085861206,0.9991494417190552,0.0008436441421508789
swin_tiny,0.2,33036,0.999993085861206,0.008542072959244251,0.9914510129019618
swin_tiny,0.05,25277,0.9999667406082153,0.9998739957809448,9.274482727050781e-05
swin_tiny,0.1,25277,0.9999667406082153,0.9916669726371765,0.008299767971038818
swin_tiny,0.2,25277,0.9999667406082153,0.002267967676743865,0.9976987729314715
swin_tiny,0.05,7807,0.9999960660934448,0.9999957084655762,3.5762786865234375e-07
swin_tiny,0.1,7807,0.9999960660934448,0.9999935626983643,2.5033950805664062e-06
swin_tiny,0.2,7807,0.9999960660934448,0.9999920129776001,4.0531158447265625e-06
swin_tiny,0.05,25320,0.9999966621398926,0.9999942779541016,2.384185791015625e-06
swin_tiny,0.1,25320,0.9999966621398926,0.9999680519104004,2.86102294921875e-05
swin_tiny,0.2,25320,0.9999966621398926,0.5126426815986633,0.48735398054122925
swin_tiny,0.05,527,0.9999960660934448,0.999996542930603,-4.76837158203125e-07
swin_tiny,0.1,527,0.9999960660934448,0.999994158744812,1.9073486328125e-06
swin_tiny,0.2,527,0.9999960660934448,0.9996402263641357,0.00035583972930908203
